team,rank,points,year
Albania,85,14.0,1992
Bolivia,85,14.0,1992
Bahrain,88,13.0,1992
Singapore,88,13.0,1992
Congo,88,13.0,1992
Malaysia,88,13.0,1992
Uganda,92,12.0,1992
IR Iran,61,24.0,1992
Trinidad and Tobago,61,24.0,1992
Guinea,61,24.0,1992
Israel,64,23.0,1992
Ecuador,64,23.0,1992
Japan,66,22.0,1992
Jamaica,66,22.0,1992
Paraguay,66,22.0,1992
Mali,66,22.0,1992
New Zealand,66,22.0,1992
Kuwait,71,21.0,1992
Cyprus,72,20.0,1992
Malta,73,19.0,1992
Madagascar,74,18.0,1992
Thailand,74,18.0,1992
Kenya,76,17.0,1992
Australia,45,29.0,1992
Iceland,45,29.0,1992
Chile,47,28.0,1992
Saudi Arabia,47,28.0,1992
Korea Republic,47,28.0,1992
El Salvador,47,28.0,1992
Senegal,51,27.0,1992
Qatar,51,27.0,1992
Malawi,51,27.0,1992
Zimbabwe,51,27.0,1992
Gabon,51,27.0,1992
China PR,56,26.0,1992
Canada,57,25.0,1992
Bermuda,57,25.0,1992
United Arab Emirates,57,25.0,1992
Zaire,57,25.0,1992
Yugoslavia,29,39.0,1992
Algeria,29,39.0,1992
Greece,31,38.0,1992
Zambia,31,38.0,1992
Portugal,31,38.0,1992
Austria,31,38.0,1992
Colombia,35,36.0,1992
Hungary,35,36.0,1992
Costa Rica,37,35.0,1992
Tunisia,37,35.0,1992
Ghana,39,34.0,1992
Honduras,40,32.0,1992
Morocco,40,32.0,1992
Turkey,42,31.0,1992
Northern Ireland,42,31.0,1992
Finland,42,31.0,1992
Nigeria,13,50.0,1992
Norway,14,49.0,1992
Spain,14,49.0,1992
Uruguay,16,48.0,1992
Belgium,16,48.0,1992
Czechoslovakia,18,47.0,1992
France,19,46.0,1992
Poland,19,46.0,1992
Egypt,21,45.0,1992
Cameroon,22,43.0,1992
Scotland,22,43.0,1992
USA,22,43.0,1992
Mexico,22,43.0,1992
Bulgaria,26,41.0,1992
Côte d'Ivoire,26,41.0,1992
Wales,28,40.0,1992
Italy,1,57.0,1992
Brazil,3,56.0,1992
Sweden,3,56.0,1992
England,5,55.0,1992
Burkina Faso,96,11.0,1992
Latvia,98,10.0,1992
Burundi,98,10.0,1992
Togo,98,10.0,1992
Angola,98,10.0,1992
Luxembourg,98,10.0,1992
Eswatini,98,10.0,1992
St. Vincent and the Grenadines,104,9.0,1992
Fiji,104,9.0,1992
Mozambique,104,9.0,1992
Indonesia,104,9.0,1992
Antigua and Barbuda,108,8.0,1992
Korea DPR,77,16.0,1992
Peru,77,16.0,1992
Sierra Leone,77,16.0,1992
Tanzania,80,15.0,1992
Republic of Ireland,6,54.0,1992
Netherlands,6,54.0,1992
Russia,8,52.0,1992
Denmark,8,52.0,1992
Argentina,10,51.0,1992
Romania,10,51.0,1992
Switzerland,10,51.0,1992
Libya,135,2.0,1992
Botswana,135,2.0,1992
Brunei Darussalam,135,2.0,1992
Dominican Republic,135,2.0,1992
Lesotho,135,2.0,1992
Jordan,108,8.0,1992
Sudan,110,7.0,1992
Mauritius,110,7.0,1992
Croatia,110,7.0,1992
Barbados,110,7.0,1992
Yemen,114,6.0,1992
Oman,114,6.0,1992
Bangladesh,130,3.0,1992
Mauritania,130,3.0,1992
Cape Verde Islands,130,3.0,1992
Solomon Islands,135,2.0,1992
Haiti,125,4.0,1992
Slovenia,130,3.0,1992
Estonia,130,3.0,1992
Guinea-Bissau,114,6.0,1992
St. Lucia,114,6.0,1992
Hong Kong,118,5.0,1992
Panama,118,5.0,1992
Germany,1,57.0,1992
Maldives,149,0.0,1992
Bahamas,149,0.0,1992
Lebanon,149,0.0,1992
Aruba,149,0.0,1992
Vanuatu,149,0.0,1992
San Marino,125,4.0,1992
Benin,125,4.0,1992
Guyana,125,4.0,1992
Ukraine,125,4.0,1992
Somalia,149,0.0,1992
Rwanda,149,0.0,1992
Grenada,118,5.0,1992
Puerto Rico,118,5.0,1992
Tahiti,118,5.0,1992
South Africa,118,5.0,1992
Venezuela,118,5.0,1992
Lithuania,92,12.0,1992
Faroe Islands,92,12.0,1992
Suriname,92,12.0,1992
Syria,96,11.0,1992
Niger,80,15.0,1992
Iraq,80,15.0,1992
Guatemala,80,15.0,1992
Liberia,80,15.0,1992
Ethiopia,85,14.0,1992
India,135,2.0,1992
Cuba,142,1.0,1992
Pakistan,142,1.0,1992
Belarus,142,1.0,1992
Seychelles,142,1.0,1992
Central African Republic,142,1.0,1992
Nepal,142,1.0,1992
Gambia,142,1.0,1992
Equatorial Guinea,149,0.0,1992
Myanmar,149,0.0,1992
Liechtenstein,149,0.0,1992
Nicaragua,149,0.0,1992
Chad,149,0.0,1992
Chinese Taipei,149,0.0,1992
Philippines,149,0.0,1992
Namibia,149,0.0,1992
Yemen,87,17.0,1993
Latvia,87,17.0,1993
Kenya,87,17.0,1993
Jordan,87,17.0,1993
Sierra Leone,85,18.0,1993
Trinidad and Tobago,85,18.0,1993
Lithuania,82,19.0,1993
Jamaica,82,19.0,1993
Malta,82,19.0,1993
Burkina Faso,112,10.0,1993
Guatemala,112,10.0,1993
Faroe Islands,104,11.0,1993
Luxembourg,104,11.0,1993
South Africa,104,11.0,1993
Lebanon,104,11.0,1993
Congo,104,11.0,1993
Mali,73,24.0,1993
Singapore,73,24.0,1993
Cyprus,71,25.0,1993
Zaire,71,25.0,1993
Peru,69,26.0,1993
Israel,69,26.0,1993
Malawi,66,27.0,1993
Paraguay,66,27.0,1993
Thailand,66,27.0,1993
Oman,94,14.0,1993
Burundi,94,14.0,1993
Ethiopia,94,14.0,1993
Venezuela,94,14.0,1993
Angola,91,15.0,1993
Albania,91,15.0,1993
Tanzania,91,15.0,1993
Senegal,55,31.0,1993
Iraq,55,31.0,1993
Yugoslavia,55,31.0,1993
United Arab Emirates,55,31.0,1993
IR Iran,51,32.0,1993
Iceland,51,32.0,1993
Australia,51,32.0,1993
Qatar,51,32.0,1993
Zimbabwe,50,33.0,1993
Madagascar,77,21.0,1993
New Zealand,77,21.0,1993
Bahrain,77,21.0,1993
Syria,77,21.0,1993
Niger,77,21.0,1993
Bermuda,75,22.0,1993
Malaysia,75,22.0,1993
Hungary,40,37.0,1993
Honduras,40,37.0,1993
Northern Ireland,40,37.0,1993
Costa Rica,39,38.0,1993
Austria,37,39.0,1993
Bulgaria,37,39.0,1993
Korea Republic,31,40.0,1993
Ecuador,31,40.0,1993
Algeria,31,40.0,1993
Guinea,65,28.0,1993
Gabon,63,29.0,1993
Turkey,63,29.0,1993
El Salvador,60,30.0,1993
Korea DPR,60,30.0,1993
Kuwait,60,30.0,1993
Bolivia,55,31.0,1993
Egypt,26,44.0,1993
Zambia,24,45.0,1993
Cameroon,24,45.0,1993
Portugal,22,46.0,1993
Uruguay,22,46.0,1993
Romania,21,47.0,1993
Poland,18,48.0,1993
Colombia,18,48.0,1993
Belgium,18,48.0,1993
Chile,44,34.0,1993
Ghana,44,34.0,1993
Finland,44,34.0,1993
Canada,44,34.0,1993
China PR,44,34.0,1993
Saudi Arabia,44,34.0,1993
Japan,43,35.0,1993
Denmark,10,53.0,1993
Norway,8,54.0,1993
Brazil,8,54.0,1993
Russia,6,55.0,1993
Republic of Ireland,6,55.0,1993
Argentina,4,56.0,1993
Sweden,4,56.0,1993
Switzerland,2,57.0,1993
Italy,2,57.0,1993
Morocco,31,40.0,1993
Greece,31,40.0,1993
Tunisia,31,40.0,1993
Scotland,30,42.0,1993
Côte d'Ivoire,29,43.0,1993
USA,26,44.0,1993
Wales,26,44.0,1993
Equatorial Guinea,155,0.0,1993
Chinese Taipei,155,0.0,1993
Liechtenstein,155,0.0,1993
Cuba,155,0.0,1993
Seychelles,155,0.0,1993
Central African Republic,155,0.0,1993
Namibia,155,0.0,1993
Nicaragua,153,1.0,1993
Cayman Islands,153,1.0,1993
Nigeria,14,50.0,1993
Netherlands,14,50.0,1993
Czechoslovakia,14,50.0,1993
Mexico,14,50.0,1993
Spain,13,51.0,1993
France,12,52.0,1993
England,10,53.0,1993
Laos,145,2.0,1993
Haiti,142,3.0,1993
Mauritania,142,3.0,1993
Grenada,142,3.0,1993
Pakistan,138,4.0,1993
Tahiti,138,4.0,1993
Botswana,138,4.0,1993
St. Lucia,138,4.0,1993
Lesotho,134,5.0,1993
Germany,1,58.0,1993
St. Kitts and Nevis,155,0.0,1993
Macau,155,0.0,1993
Chad,155,0.0,1993
Aruba,155,0.0,1993
Vanuatu,155,0.0,1993
Philippines,155,0.0,1993
Benin,129,7.0,1993
St. Vincent and the Grenadines,123,8.0,1993
Burkina Faso,123,8.0,1993
Sri Lanka,123,8.0,1993
Gambia,123,8.0,1993
Nepal,123,8.0,1993
Liberia,123,8.0,1993
Croatia,117,9.0,1993
San Marino,117,9.0,1993
Dominican Republic,145,2.0,1993
Libya,145,2.0,1993
Brunei Darussalam,145,2.0,1993
Slovakia,145,2.0,1993
Solomon Islands,145,2.0,1993
Maldives,145,2.0,1993
Cape Verde Islands,145,2.0,1993
Togo,108,11.0,1993
Hong Kong,108,11.0,1993
Luxembourg,108,11.0,1993
Myanmar,108,11.0,1993
Estonia,108,11.0,1993
Lebanon,108,11.0,1993
Fiji,104,12.0,1993
Indonesia,104,12.0,1993
Puerto Rico,104,12.0,1993
Belarus,134,5.0,1993
Guyana,134,5.0,1993
Vietnam,134,5.0,1993
Slovenia,133,6.0,1993
Mauritius,129,7.0,1993
Panama,129,7.0,1993
Guinea-Bissau,129,7.0,1993
Oman,94,15.0,1993
Ethiopia,94,15.0,1993
South Africa,94,15.0,1993
Uganda,94,15.0,1993
Venezuela,89,16.0,1993
Albania,89,16.0,1993
Yemen,89,16.0,1993
Ukraine,89,16.0,1993
Madagascar,89,16.0,1993
Guatemala,117,9.0,1993
Sudan,117,9.0,1993
Suriname,117,9.0,1993
Antigua and Barbuda,117,9.0,1993
Bangladesh,115,10.0,1993
Faroe Islands,115,10.0,1993
Barbados,108,11.0,1993
Niger,81,20.0,1993
Jamaica,78,21.0,1993
Malaysia,78,21.0,1993
Bahrain,78,21.0,1993
New Zealand,77,22.0,1993
Sierra Leone,75,23.0,1993
Singapore,75,23.0,1993
Kenya,73,24.0,1993
Peru,73,24.0,1993
Mozambique,104,12.0,1993
Congo,100,13.0,1993
Angola,100,13.0,1993
Burundi,100,13.0,1993
India,100,13.0,1993
Eswatini,98,14.0,1993
Tanzania,98,14.0,1993
Iraq,65,28.0,1993
Kuwait,62,29.0,1993
Guinea,62,29.0,1993
Korea DPR,62,29.0,1993
Paraguay,60,30.0,1993
Gabon,60,30.0,1993
IR Iran,57,31.0,1993
Bolivia,57,31.0,1993
Israel,57,31.0,1993
Trinidad and Tobago,88,17.0,1993
Jordan,86,18.0,1993
Latvia,86,18.0,1993
Lithuania,85,19.0,1993
Bermuda,81,20.0,1993
Malta,81,20.0,1993
Syria,81,20.0,1993
Australia,48,35.0,1993
Ecuador,48,35.0,1993
Iceland,43,36.0,1993
Zimbabwe,43,36.0,1993
Finland,43,36.0,1993
Canada,43,36.0,1993
Japan,43,36.0,1993
Costa Rica,41,37.0,1993
Korea Republic,41,37.0,1993
Cyprus,70,25.0,1993
Zaire,70,25.0,1993
Mali,70,25.0,1993
Thailand,67,26.0,1993
Yugoslavia,67,26.0,1993
Malawi,67,26.0,1993
El Salvador,65,28.0,1993
Côte d'Ivoire,33,42.0,1993
Tunisia,32,43.0,1993
Bulgaria,29,44.0,1993
Morocco,29,44.0,1993
Wales,29,44.0,1993
Poland,24,45.0,1993
Zambia,24,45.0,1993
Egypt,24,45.0,1993
Belgium,24,45.0,1993
Senegal,55,32.0,1993
Chile,55,32.0,1993
Qatar,52,33.0,1993
China PR,52,33.0,1993
Turkey,52,33.0,1993
United Arab Emirates,50,34.0,1993
Hungary,50,34.0,1993
Uruguay,16,51.0,1993
Mexico,16,51.0,1993
France,13,52.0,1993
Russia,13,52.0,1993
Romania,13,52.0,1993
Switzerland,10,54.0,1993
England,10,54.0,1993
Republic of Ireland,10,54.0,1993
Sweden,8,55.0,1993
Honduras,39,38.0,1993
Northern Ireland,39,38.0,1993
Saudi Arabia,38,39.0,1993
Ghana,36,40.0,1993
Austria,36,40.0,1993
Algeria,33,42.0,1993
Greece,33,42.0,1993
Myanmar,104,11.0,1993
Barbados,104,11.0,1993
Uganda,104,11.0,1993
Hong Kong,99,12.0,1993
Eswatini,99,12.0,1993
Puerto Rico,99,12.0,1993
Mozambique,99,12.0,1993
Liberia,99,12.0,1993
Indonesia,94,14.0,1993
Belarus,129,5.0,1993
India,127,6.0,1993
Slovenia,127,6.0,1993
Antigua and Barbuda,123,7.0,1993
Sudan,123,7.0,1993
Panama,123,7.0,1993
Benin,123,7.0,1993
Scotland,24,45.0,1993
Cameroon,22,46.0,1993
USA,22,46.0,1993
Colombia,21,48.0,1993
Portugal,19,49.0,1993
Czechoslovakia,19,49.0,1993
Nigeria,16,51.0,1993
Germany,1,59.0,1993
Argentina,8,55.0,1993
Netherlands,5,57.0,1993
Denmark,5,57.0,1993
Spain,5,57.0,1993
Norway,4,58.0,1993
Brazil,1,59.0,1993
Italy,1,59.0,1993
Mauritius,118,8.0,1993
St. Vincent and the Grenadines,118,8.0,1993
Bangladesh,118,8.0,1993
San Marino,118,8.0,1993
Estonia,118,8.0,1993
Croatia,115,9.0,1993
Fiji,115,9.0,1993
Suriname,115,9.0,1993
Togo,112,10.0,1993
Lesotho,139,2.0,1993
Brunei Darussalam,139,2.0,1993
Solomon Islands,139,2.0,1993
Cape Verde Islands,139,2.0,1993
Mauritania,139,2.0,1993
Laos,139,2.0,1993
Libya,139,2.0,1993
Haiti,138,3.0,1993
Grenada,135,4.0,1993
Tahiti,135,4.0,1993
St. Lucia,135,4.0,1993
Botswana,129,5.0,1993
Guyana,129,5.0,1993
Guinea-Bissau,129,5.0,1993
Vietnam,129,5.0,1993
Ukraine,129,5.0,1993
Chad,153,0.0,1993
Philippines,153,0.0,1993
Sri Lanka,153,0.0,1993
Chinese Taipei,153,0.0,1993
Equatorial Guinea,153,0.0,1993
Liechtenstein,153,0.0,1993
Nepal,153,0.0,1993
Cayman Islands,153,0.0,1993
Namibia,153,0.0,1993
Gambia,147,1.0,1993
Central African Republic,147,1.0,1993
Seychelles,147,1.0,1993
Cuba,147,1.0,1993
Nicaragua,147,1.0,1993
Pakistan,147,1.0,1993
Dominican Republic,139,2.0,1993
Maldives,153,0.0,1993
Macau,153,0.0,1993
Bahamas,153,0.0,1993
Aruba,153,0.0,1993
Vanuatu,153,0.0,1993
Solomon Islands,150,2.0,1994
Mozambique,103,12.0,1994
Congo,110,11.0,1994
Estonia,110,11.0,1994
Burundi,110,11.0,1994
Eswatini,110,11.0,1994
Ethiopia,110,11.0,1994
Guinea-Bissau,115,10.0,1994
Lithuania,84,18.0,1994
Malawi,84,18.0,1994
Latvia,84,18.0,1994
Singapore,84,18.0,1994
Antigua and Barbuda,119,9.0,1994
Haiti,119,9.0,1994
Togo,119,9.0,1994
Angola,119,9.0,1994
Uganda,103,12.0,1994
India,103,12.0,1994
Yemen,103,12.0,1994
Hong Kong,103,12.0,1994
Gambia,103,12.0,1994
Indonesia,124,8.0,1994
Bangladesh,124,8.0,1994
Faroe Islands,124,8.0,1994
Sri Lanka,124,8.0,1994
Nepal,124,8.0,1994
San Marino,130,7.0,1994
Grenada,130,7.0,1994
Burkina Faso,99,13.0,1994
Albania,99,13.0,1994
Madagascar,99,13.0,1994
Laos,150,2.0,1994
Peru,71,22.0,1994
Kuwait,71,22.0,1994
South Africa,74,21.0,1994
Slovenia,74,21.0,1994
Niger,76,20.0,1994
Oman,76,20.0,1994
Yugoslavia,76,20.0,1994
Ukraine,76,20.0,1994
Jamaica,80,19.0,1994
Thailand,80,19.0,1994
Kenya,80,19.0,1994
Trinidad and Tobago,80,19.0,1994
Israel,51,32.0,1994
Canada,53,31.0,1994
Costa Rica,53,31.0,1994
Hungary,53,31.0,1994
Senegal,53,31.0,1994
Turkey,53,31.0,1994
Paraguay,58,27.0,1994
United Arab Emirates,59,26.0,1994
Zaire,59,26.0,1994
Guinea,59,26.0,1994
China PR,62,24.0,1994
IR Iran,62,24.0,1994
Gabon,62,24.0,1994
Sierra Leone,62,24.0,1994
El Salvador,66,23.0,1994
Qatar,66,23.0,1994
Korea Republic,35,39.0,1994
Austria,37,38.0,1994
Japan,37,38.0,1994
Northern Ireland,39,37.0,1994
Chile,40,36.0,1994
Bolivia,40,36.0,1994
Iceland,42,35.0,1994
Slovakia,42,35.0,1994
Czech Republic,42,35.0,1994
Finland,45,34.0,1994
Ecuador,45,34.0,1994
Australia,45,34.0,1994
Algeria,45,34.0,1994
Zimbabwe,45,34.0,1994
Mali,50,33.0,1994
Honduras,51,32.0,1994
Belgium,20,50.0,1994
Zambia,21,48.0,1994
USA,21,48.0,1994
Uruguay,23,47.0,1994
Côte d'Ivoire,24,45.0,1994
Portugal,24,45.0,1994
Egypt,24,45.0,1994
Cameroon,27,44.0,1994
Ghana,28,43.0,1994
Saudi Arabia,28,43.0,1994
Morocco,28,43.0,1994
Tunisia,31,42.0,1994
Poland,32,41.0,1994
Scotland,33,40.0,1994
Greece,33,40.0,1994
Wales,35,39.0,1994
Germany,3,61.0,1994
Netherlands,3,61.0,1994
Spain,6,60.0,1994
Romania,7,58.0,1994
Norway,7,58.0,1994
Argentina,9,57.0,1994
Nigeria,10,56.0,1994
Switzerland,10,56.0,1994
Denmark,12,55.0,1994
Republic of Ireland,13,54.0,1994
Bulgaria,14,53.0,1994
Mexico,14,53.0,1994
France,14,53.0,1994
Colombia,14,53.0,1994
England,18,52.0,1994
Russia,18,52.0,1994
Nicaragua,163,1.0,1994
Djibouti,168,0.0,1994
Chinese Taipei,168,0.0,1994
Philippines,168,0.0,1994
Vanuatu,168,0.0,1994
Aruba,168,0.0,1994
Central African Republic,168,0.0,1994
Cuba,168,0.0,1994
Equatorial Guinea,168,0.0,1994
St. Kitts and Nevis,168,0.0,1994
Macau,168,0.0,1994
Seychelles,168,0.0,1994
Chad,168,0.0,1994
Brazil,1,65.0,1994
Italy,2,63.0,1994
Sweden,3,61.0,1994
Vietnam,148,4.0,1994
Kazakhstan,148,4.0,1994
Guyana,148,4.0,1994
Tajikistan,148,4.0,1994
Liechtenstein,155,3.0,1994
St. Lucia,155,3.0,1994
Pakistan,155,3.0,1994
Somalia,155,3.0,1994
Laos,159,2.0,1994
Cape Verde Islands,159,2.0,1994
Maldives,159,2.0,1994
Solomon Islands,159,2.0,1994
Dominican Republic,163,1.0,1994
Brunei Darussalam,163,1.0,1994
Kyrgyz Republic,163,1.0,1994
Libya,163,1.0,1994
Lesotho,133,8.0,1994
Antigua and Barbuda,136,7.0,1994
Mauritania,136,7.0,1994
Nepal,136,7.0,1994
Sri Lanka,136,7.0,1994
Panama,140,6.0,1994
Armenia,140,6.0,1994
Grenada,140,6.0,1994
Benin,140,6.0,1994
St. Vincent and the Grenadines,140,6.0,1994
Botswana,145,5.0,1994
Mauritius,145,5.0,1994
Azerbaijan,145,5.0,1994
Tahiti,148,4.0,1994
Guatemala,148,4.0,1994
Cayman Islands,148,4.0,1994
Estonia,111,12.0,1994
Fiji,111,12.0,1994
Belarus,121,11.0,1994
Guinea-Bissau,121,11.0,1994
Namibia,121,11.0,1994
Myanmar,121,11.0,1994
Eswatini,121,11.0,1994
Burundi,121,11.0,1994
Liberia,127,10.0,1994
Luxembourg,127,10.0,1994
Lebanon,127,10.0,1994
Bangladesh,130,9.0,1994
San Marino,130,9.0,1994
Haiti,130,9.0,1994
Faroe Islands,133,8.0,1994
Indonesia,133,8.0,1994
Yemen,102,14.0,1994
Suriname,102,14.0,1994
Syria,102,14.0,1994
Angola,102,14.0,1994
Barbados,102,14.0,1994
Turkmenistan,108,13.0,1994
India,108,13.0,1994
Venezuela,108,13.0,1994
Madagascar,111,12.0,1994
Puerto Rico,111,12.0,1994
Jordan,111,12.0,1994
Congo,111,12.0,1994
Ethiopia,111,12.0,1994
Sudan,111,12.0,1994
Gambia,111,12.0,1994
Moldova,111,12.0,1994
Paraguay,87,20.0,1994
Iraq,87,20.0,1994
Malaysia,89,19.0,1994
FYR Macedonia,89,19.0,1994
Trinidad and Tobago,89,19.0,1994
Georgia,92,18.0,1994
Uganda,92,18.0,1994
Mozambique,92,18.0,1994
Singapore,92,18.0,1994
Jamaica,92,18.0,1994
Burkina Faso,97,16.0,1994
Hong Kong,98,15.0,1994
New Zealand,98,15.0,1994
Albania,98,15.0,1994
Yugoslavia,98,15.0,1994
Bermuda,102,14.0,1994
Oman,69,26.0,1994
Peru,69,26.0,1994
Bahrain,69,26.0,1994
Tanzania,74,25.0,1994
IR Iran,74,25.0,1994
Sierra Leone,76,24.0,1994
Ukraine,76,24.0,1994
Malta,76,24.0,1994
Uzbekistan,76,24.0,1994
El Salvador,80,23.0,1994
Slovenia,80,23.0,1994
Malawi,80,23.0,1994
Kenya,83,22.0,1994
Korea DPR,83,22.0,1994
Thailand,85,21.0,1994
Togo,85,21.0,1994
Ecuador,55,32.0,1994
South Africa,55,32.0,1994
Algeria,55,32.0,1994
Australia,55,32.0,1994
Lithuania,59,31.0,1994
Qatar,59,31.0,1994
Hungary,59,31.0,1994
Croatia,62,30.0,1994
Canada,62,30.0,1994
Gabon,64,28.0,1994
Costa Rica,64,28.0,1994
Guinea,66,27.0,1994
Cyprus,66,27.0,1994
Zaire,66,27.0,1994
Latvia,69,26.0,1994
Niger,69,26.0,1994
Iceland,37,39.0,1994
China PR,40,38.0,1994
Wales,40,38.0,1994
Israel,42,37.0,1994
Slovakia,42,37.0,1994
Bolivia,42,37.0,1994
Northern Ireland,42,37.0,1994
United Arab Emirates,42,37.0,1994
Chile,47,36.0,1994
Turkey,47,36.0,1994
Austria,47,36.0,1994
Senegal,50,35.0,1994
Zimbabwe,50,35.0,1994
Mali,50,35.0,1994
Honduras,53,34.0,1994
Kuwait,54,33.0,1994
USA,22,48.0,1994
Belgium,24,47.0,1994
Côte d'Ivoire,24,47.0,1994
Ghana,24,47.0,1994
Saudi Arabia,27,45.0,1994
Greece,27,45.0,1994
Poland,29,44.0,1994
Tunisia,29,44.0,1994
Cameroon,29,44.0,1994
Scotland,32,43.0,1994
Morocco,32,43.0,1994
Czech Republic,34,41.0,1994
Korea Republic,34,41.0,1994
Japan,36,40.0,1994
Uruguay,37,39.0,1994
Finland,37,39.0,1994
Switzerland,7,58.0,1994
Norway,7,58.0,1994
Republic of Ireland,7,58.0,1994
Argentina,10,57.0,1994
Nicaragua,155,1.0,1994
Namibia,160,0.0,1994
Central African Republic,160,0.0,1994
Seychelles,160,0.0,1994
Cuba,160,0.0,1994
Sudan,130,7.0,1994
St. Vincent and the Grenadines,130,7.0,1994
Panama,134,6.0,1994
Guatemala,134,6.0,1994
Bulgaria,12,54.0,1994
Colombia,17,53.0,1994
England,18,52.0,1994
France,18,52.0,1994
Portugal,20,51.0,1994
Zambia,21,49.0,1994
Egypt,22,48.0,1994
Liberia,134,6.0,1994
Brazil,1,67.0,1994
Spain,2,62.0,1994
Sweden,3,61.0,1994
Italy,3,61.0,1994
Germany,3,61.0,1994
Netherlands,6,60.0,1994
Romania,10,57.0,1994
Nigeria,12,54.0,1994
Russia,12,54.0,1994
Denmark,12,54.0,1994
Mexico,12,54.0,1994
Dominican Republic,155,1.0,1994
Libya,155,1.0,1994
Brunei Darussalam,155,1.0,1994
Armenia,155,1.0,1994
Georgia,124,8.0,1994
Benin,134,6.0,1994
Tahiti,138,5.0,1994
Mauritius,138,5.0,1994
Cayman Islands,140,4.0,1994
Belarus,140,4.0,1994
Vietnam,140,4.0,1994
Lesotho,140,4.0,1994
Guyana,140,4.0,1994
St. Lucia,140,4.0,1994
Pakistan,140,4.0,1994
Botswana,147,3.0,1994
Luxembourg,115,10.0,1994
FYR Macedonia,115,10.0,1994
Lebanon,115,10.0,1994
Myanmar,119,9.0,1994
New Zealand,88,17.0,1994
Bermuda,88,17.0,1994
Croatia,90,16.0,1994
Bahrain,91,15.0,1994
Suriname,91,15.0,1994
Malaysia,91,15.0,1994
Fiji,94,14.0,1994
Venezuela,94,14.0,1994
Syria,94,14.0,1994
Barbados,94,14.0,1994
Jordan,94,14.0,1994
Tanzania,99,13.0,1994
Iraq,66,23.0,1994
Malta,66,23.0,1994
Korea DPR,66,23.0,1994
Cyprus,71,22.0,1994
Cape Verde Islands,150,2.0,1994
Maldives,150,2.0,1994
Liechtenstein,150,2.0,1994
Mauritania,147,3.0,1994
Moldova,147,3.0,1994
Macau,160,0.0,1994
St. Kitts and Nevis,160,0.0,1994
Chad,160,0.0,1994
Azerbaijan,160,0.0,1994
Aruba,160,0.0,1994
Vanuatu,160,0.0,1994
Philippines,160,0.0,1994
Equatorial Guinea,160,0.0,1994
Chinese Taipei,160,0.0,1994
Puerto Rico,103,12.0,1994
Central African Republic,173,0.0,1995
Chad,173,0.0,1995
Vanuatu,173,0.0,1995
Philippines,173,0.0,1995
Syria,122,12.0,1995
Thailand,89,22.0,1995
Sudan,89,22.0,1995
Malta,89,22.0,1995
Yugoslavia,89,22.0,1995
Suriname,117,13.0,1995
St. Vincent and the Grenadines,117,13.0,1995
Madagascar,117,13.0,1995
Venezuela,117,13.0,1995
Moldova,116,14.0,1995
Singapore,113,15.0,1995
Namibia,113,15.0,1995
Armenia,128,11.0,1995
Bangladesh,128,11.0,1995
Bermuda,122,12.0,1995
Sri Lanka,122,12.0,1995
Lebanon,134,9.0,1995
Congo,108,17.0,1995
Belarus,104,18.0,1995
Hong Kong,104,18.0,1995
Malaysia,104,18.0,1995
Eswatini,134,9.0,1995
Fiji,134,9.0,1995
Burundi,134,9.0,1995
Jordan,133,10.0,1995
Myanmar,128,11.0,1995
Guinea-Bissau,128,11.0,1995
Macau,173,0.0,1995
New Zealand,95,20.0,1995
FYR Macedonia,95,20.0,1995
Jamaica,95,20.0,1995
Albania,93,21.0,1995
Kenya,93,21.0,1995
Paraguay,60,34.0,1995
Zaire,55,35.0,1995
Guinea,55,35.0,1995
Wales,55,35.0,1995
Uzbekistan,86,23.0,1995
Liberia,86,23.0,1995
IR Iran,86,23.0,1995
Georgia,83,24.0,1995
Togo,83,24.0,1995
Trinidad and Tobago,83,24.0,1995
Oman,80,25.0,1995
Niger,80,25.0,1995
Bahrain,80,25.0,1995
Angola,78,26.0,1995
Slovenia,78,26.0,1995
Ukraine,77,27.0,1995
Zimbabwe,43,39.0,1995
Slovakia,43,39.0,1995
Austria,40,40.0,1995
Cameroon,40,40.0,1995
Tanzania,69,31.0,1995
Costa Rica,69,31.0,1995
Uganda,69,31.0,1995
Latvia,69,31.0,1995
Honduras,65,32.0,1995
Kuwait,65,32.0,1995
Qatar,65,32.0,1995
Gabon,65,32.0,1995
Sierra Leone,63,33.0,1995
Peru,63,33.0,1995
South Africa,60,34.0,1995
Ecuador,60,34.0,1995
Belgium,27,46.0,1995
Greece,27,46.0,1995
Ghana,25,47.0,1995
Scotland,25,47.0,1995
Algeria,55,35.0,1995
Hungary,55,35.0,1995
Northern Ireland,52,36.0,1995
Croatia,52,36.0,1995
Australia,52,36.0,1995
China PR,46,37.0,1995
United Arab Emirates,46,37.0,1995
Lithuania,46,37.0,1995
Senegal,46,37.0,1995
Israel,46,37.0,1995
Mali,46,37.0,1995
Bolivia,45,38.0,1995
Colombia,10,54.0,1995
Bulgaria,10,54.0,1995
Portugal,10,54.0,1995
Russia,8,55.0,1995
Iceland,40,40.0,1995
Korea Republic,38,41.0,1995
Chile,38,41.0,1995
Finland,36,42.0,1995
Japan,36,42.0,1995
Saudi Arabia,33,43.0,1995
Morocco,33,43.0,1995
Nigeria,33,43.0,1995
Poland,32,45.0,1995
Turkey,27,46.0,1995
Czech Republic,27,46.0,1995
Côte d'Ivoire,27,46.0,1995
Vanuatu,175,0.0,1995
Chinese Taipei,175,0.0,1995
Djibouti,175,0.0,1995
Seychelles,175,0.0,1995
Zambia,23,48.0,1995
Egypt,23,48.0,1995
England,21,49.0,1995
Tunisia,21,49.0,1995
USA,19,50.0,1995
Uruguay,19,50.0,1995
France,17,51.0,1995
Netherlands,17,51.0,1995
Republic of Ireland,14,52.0,1995
Sweden,14,52.0,1995
Switzerland,14,52.0,1995
Romania,13,53.0,1995
Kazakhstan,161,3.0,1995
Guyana,161,3.0,1995
Benin,160,4.0,1995
Pakistan,158,5.0,1995
Mexico,8,55.0,1995
Denmark,7,56.0,1995
Italy,6,57.0,1995
Argentina,4,58.0,1995
Germany,4,58.0,1995
Spain,3,59.0,1995
Norway,2,60.0,1995
Brazil,1,68.0,1995
Macau,175,0.0,1995
Cambodia,175,0.0,1995
Central African Republic,175,0.0,1995
Chad,175,0.0,1995
Nepal,145,8.0,1995
Burundi,145,8.0,1995
Guatemala,137,9.0,1995
Cape Verde Islands,137,9.0,1995
Libya,168,1.0,1995
Nicaragua,168,1.0,1995
Belize,168,1.0,1995
Kyrgyz Republic,168,1.0,1995
Aruba,168,1.0,1995
Solomon Islands,168,1.0,1995
Maldives,168,1.0,1995
Rwanda,164,2.0,1995
Brunei Darussalam,164,2.0,1995
Philippines,164,2.0,1995
Somalia,164,2.0,1995
Tajikistan,161,3.0,1995
Cayman Islands,129,11.0,1995
Indonesia,129,11.0,1995
Estonia,125,12.0,1995
Puerto Rico,125,12.0,1995
Dominican Republic,158,5.0,1995
Dominica,153,6.0,1995
Liechtenstein,153,6.0,1995
Tahiti,153,6.0,1995
Botswana,153,6.0,1995
Mauritius,153,6.0,1995
Haiti,150,7.0,1995
Laos,150,7.0,1995
San Marino,150,7.0,1995
St. Kitts and Nevis,145,8.0,1995
Lesotho,145,8.0,1995
Eswatini,145,8.0,1995
St. Lucia,112,16.0,1995
Armenia,112,16.0,1995
Gambia,112,16.0,1995
Hong Kong,107,17.0,1995
Jordan,137,9.0,1995
Grenada,137,9.0,1995
Azerbaijan,137,9.0,1995
Bermuda,137,9.0,1995
Fiji,137,9.0,1995
Bangladesh,137,9.0,1995
Antigua and Barbuda,135,10.0,1995
Syria,135,10.0,1995
Sri Lanka,129,11.0,1995
Lebanon,129,11.0,1995
Turkmenistan,129,11.0,1995
Madagascar,129,11.0,1995
Oman,96,21.0,1995
Uzbekistan,96,21.0,1995
Cuba,96,21.0,1995
St. Vincent and the Grenadines,91,22.0,1995
Venezuela,125,12.0,1995
Panama,125,12.0,1995
Suriname,123,13.0,1995
Yemen,123,13.0,1995
Vietnam,122,14.0,1995
India,116,15.0,1995
Faroe Islands,116,15.0,1995
Congo,116,15.0,1995
Guinea-Bissau,116,15.0,1995
Korea DPR,116,15.0,1995
Namibia,116,15.0,1995
Myanmar,112,16.0,1995
El Salvador,81,26.0,1995
Yugoslavia,81,26.0,1995
Angola,77,27.0,1995
Georgia,77,27.0,1995
Iraq,107,17.0,1995
Moldova,107,17.0,1995
IR Iran,107,17.0,1995
Kenya,107,17.0,1995
Malaysia,104,18.0,1995
Ethiopia,104,18.0,1995
Singapore,104,18.0,1995
Barbados,101,19.0,1995
New Zealand,101,19.0,1995
Burkina Faso,101,19.0,1995
Luxembourg,100,20.0,1995
Bahrain,96,21.0,1995
China PR,64,32.0,1995
Canada,64,32.0,1995
Paraguay,64,32.0,1995
Guinea,63,33.0,1995
FYR Macedonia,91,22.0,1995
Niger,91,22.0,1995
Togo,91,22.0,1995
Albania,91,22.0,1995
Malta,89,23.0,1995
Malawi,89,23.0,1995
Belarus,84,24.0,1995
Liberia,84,24.0,1995
Sudan,84,24.0,1995
Mauritania,84,24.0,1995
Kuwait,84,24.0,1995
Qatar,83,25.0,1995
Iceland,46,38.0,1995
Honduras,46,38.0,1995
Algeria,46,38.0,1995
Senegal,46,38.0,1995
Costa Rica,77,27.0,1995
Thailand,77,27.0,1995
Mozambique,75,28.0,1995
United Arab Emirates,75,28.0,1995
Uganda,74,29.0,1995
Cyprus,71,30.0,1995
Slovenia,71,30.0,1995
Ukraine,71,30.0,1995
Tanzania,70,31.0,1995
Peru,64,32.0,1995
Zaire,64,32.0,1995
Gabon,64,32.0,1995
Greece,33,44.0,1995
Poland,33,44.0,1995
Uruguay,31,45.0,1995
Japan,31,45.0,1995
Hungary,61,34.0,1995
Wales,61,34.0,1995
Latvia,58,36.0,1995
Zimbabwe,58,36.0,1995
Sierra Leone,58,36.0,1995
Trinidad and Tobago,53,37.0,1995
Jamaica,53,37.0,1995
Ecuador,53,37.0,1995
Saudi Arabia,53,37.0,1995
Bolivia,53,37.0,1995
Mali,46,38.0,1995
Australia,46,38.0,1995
Switzerland,18,52.0,1995
Bulgaria,14,53.0,1995
Portugal,14,53.0,1995
Colombia,14,53.0,1995
Korea Republic,46,38.0,1995
Northern Ireland,43,39.0,1995
Finland,43,39.0,1995
Lithuania,43,39.0,1995
Israel,41,40.0,1995
Croatia,41,40.0,1995
South Africa,38,41.0,1995
Kyrgyz Republic,166,1.0,1995
Aruba,166,1.0,1995
Solomon Islands,166,1.0,1995
Cape Verde Islands,163,2.0,1995
Maldives,163,2.0,1995
Laos,163,2.0,1995
Tajikistan,156,3.0,1995
Slovakia,33,44.0,1995
Germany,2,62.0,1995
Turkey,30,46.0,1995
Ghana,27,47.0,1995
Republic of Ireland,27,47.0,1995
Nigeria,27,47.0,1995
Scotland,22,48.0,1995
Zambia,22,48.0,1995
Belgium,22,48.0,1995
Sweden,11,55.0,1995
Mexico,11,55.0,1995
Romania,11,55.0,1995
Norway,9,56.0,1995
Denmark,9,56.0,1995
France,6,57.0,1995
Austria,38,41.0,1995
Morocco,38,41.0,1995
Cameroon,36,42.0,1995
Chile,36,42.0,1995
Chinese Taipei,173,0.0,1995
Djibouti,173,0.0,1995
Nepal,134,9.0,1995
San Marino,134,9.0,1995
Lesotho,134,9.0,1995
Grenada,134,9.0,1995
Argentina,6,57.0,1995
Netherlands,6,57.0,1995
Russia,4,59.0,1995
Spain,4,59.0,1995
Somalia,156,3.0,1995
Dominica,156,3.0,1995
Kazakhstan,156,3.0,1995
Guatemala,156,3.0,1995
Brazil,1,68.0,1995
Italy,3,61.0,1995
Egypt,22,48.0,1995
Tunisia,22,48.0,1995
England,20,49.0,1995
Côte d'Ivoire,20,49.0,1995
USA,19,51.0,1995
Czech Republic,14,53.0,1995
Botswana,144,7.0,1995
Antigua and Barbuda,144,7.0,1995
Mauritius,142,8.0,1995
St. Kitts and Nevis,142,8.0,1995
Guyana,156,3.0,1995
Puerto Rico,122,12.0,1995
Faroe Islands,122,12.0,1995
Estonia,122,12.0,1995
Turkmenistan,117,13.0,1995
Benin,150,5.0,1995
Liechtenstein,150,5.0,1995
Dominican Republic,150,5.0,1995
Azerbaijan,147,6.0,1995
Panama,147,6.0,1995
Indonesia,147,6.0,1995
Haiti,144,7.0,1995
Gambia,113,15.0,1995
Yemen,111,16.0,1995
India,111,16.0,1995
St. Lucia,108,17.0,1995
Luxembourg,108,17.0,1995
Malawi,75,28.0,1995
Mozambique,75,28.0,1995
Canada,74,29.0,1995
Cyprus,73,30.0,1995
Mauritania,104,18.0,1995
Korea DPR,99,19.0,1995
Burkina Faso,99,19.0,1995
Barbados,99,19.0,1995
Ethiopia,99,19.0,1995
El Salvador,99,19.0,1995
Iraq,95,20.0,1995
Pakistan,150,5.0,1995
Vietnam,154,4.0,1995
Cayman Islands,154,4.0,1995
Tahiti,156,3.0,1995
Brunei Darussalam,166,1.0,1995
Libya,166,1.0,1995
Nicaragua,166,1.0,1995
Seychelles,166,1.0,1995
Cuba,128,11.0,1995
Spain,8,60.0,1996
Russia,3,61.0,1996
Denmark,3,61.0,1996
Yemen,133,14.0,1996
Burundi,130,15.0,1996
Vietnam,130,15.0,1996
St. Lucia,128,16.0,1996
Indonesia,128,16.0,1996
Dominican Republic,125,17.0,1996
Bangladesh,125,17.0,1996
Venezuela,125,17.0,1996
Estonia,120,18.0,1996
Bahrain,120,18.0,1996
Grenada,120,18.0,1996
Panama,120,18.0,1996
Kazakhstan,156,6.0,1996
Bermuda,153,7.0,1996
Laos,153,7.0,1996
Mauritius,153,7.0,1996
Eswatini,148,8.0,1996
Armenia,112,19.0,1996
St. Kitts and Nevis,112,19.0,1996
Guinea-Bissau,112,19.0,1996
Hong Kong,112,19.0,1996
Cape Verde Islands,146,9.0,1996
Nepal,146,9.0,1996
Puerto Rico,145,10.0,1996
Cayman Islands,142,11.0,1996
Antigua and Barbuda,142,11.0,1996
Syria,142,11.0,1996
Turkmenistan,140,12.0,1996
Brunei Darussalam,167,2.0,1996
Nicaragua,167,2.0,1996
Bosnia and Herzegovina,167,2.0,1996
Philippines,167,2.0,1996
Dominica,140,12.0,1996
Iraq,138,13.0,1996
Korea DPR,138,13.0,1996
Madagascar,133,14.0,1996
Somalia,167,2.0,1996
Sri Lanka,133,14.0,1996
Faroe Islands,133,14.0,1996
New Zealand,133,14.0,1996
Azerbaijan,130,15.0,1996
Rwanda,163,4.0,1996
Botswana,161,5.0,1996
Kyrgyz Republic,161,5.0,1996
Tajikistan,156,6.0,1996
Liechtenstein,156,6.0,1996
Lesotho,156,6.0,1996
San Marino,156,6.0,1996
Hungary,87,26.0,1996
Qatar,86,27.0,1996
Georgia,84,28.0,1996
FYR Macedonia,84,28.0,1996
Moldova,112,19.0,1996
Luxembourg,112,19.0,1996
Niger,112,19.0,1996
India,112,19.0,1996
Myanmar,108,20.0,1996
Namibia,108,20.0,1996
Gambia,108,20.0,1996
Suriname,120,18.0,1996
Haiti,104,21.0,1996
Angola,71,32.0,1996
Wales,68,33.0,1996
Mali,68,33.0,1996
Tanzania,68,33.0,1996
Singapore,97,23.0,1996
Barbados,97,23.0,1996
Togo,97,23.0,1996
Kenya,92,25.0,1996
Mauritania,92,25.0,1996
Burkina Faso,92,25.0,1996
Costa Rica,92,25.0,1996
Congo,100,22.0,1996
Albania,100,22.0,1996
Uzbekistan,100,22.0,1996
Malawi,100,22.0,1996
Liberia,87,26.0,1996
Slovenia,52,36.0,1996
China PR,52,36.0,1996
Korea Republic,52,36.0,1996
Iceland,52,36.0,1996
Ukraine,81,29.0,1996
St. Vincent and the Grenadines,81,29.0,1996
Cyprus,81,29.0,1996
Oman,79,30.0,1996
Mozambique,79,30.0,1996
Peru,75,31.0,1996
Latvia,75,31.0,1996
Guatemala,108,20.0,1996
Malta,104,21.0,1996
Ethiopia,104,21.0,1996
Malaysia,104,21.0,1996
Canada,71,32.0,1996
Cameroon,37,44.0,1996
Uruguay,37,44.0,1996
Slovakia,37,44.0,1996
Bolivia,33,45.0,1996
United Arab Emirates,64,34.0,1996
Zimbabwe,64,34.0,1996
Lithuania,64,34.0,1996
Cuba,64,34.0,1996
Paraguay,61,35.0,1996
Yugoslavia,61,35.0,1996
Thailand,61,35.0,1996
Belarus,92,25.0,1996
Sudan,87,26.0,1996
Uganda,87,26.0,1996
Lebanon,87,26.0,1996
Sierra Leone,52,36.0,1996
Romania,21,51.0,1996
Croatia,21,51.0,1996
Tunisia,21,51.0,1996
Ghana,18,52.0,1996
Senegal,51,37.0,1996
Poland,50,38.0,1996
Honduras,49,39.0,1996
Israel,46,40.0,1996
Nigeria,46,40.0,1996
Gabon,46,40.0,1996
Jamaica,44,41.0,1996
El Salvador,75,31.0,1996
Guinea,75,31.0,1996
Kuwait,71,32.0,1996
Finland,71,32.0,1996
Republic of Ireland,40,43.0,1996
Sweden,4,60.0,1996
Netherlands,4,60.0,1996
Italy,4,60.0,1996
Czech Republic,4,60.0,1996
Greece,33,45.0,1996
Trinidad and Tobago,33,45.0,1996
Morocco,33,45.0,1996
Ecuador,30,46.0,1996
Turkey,30,46.0,1996
Scotland,30,46.0,1996
Chile,29,47.0,1996
Northern Ireland,52,36.0,1996
Australia,52,36.0,1996
Zaire,52,36.0,1996
IR Iran,52,36.0,1996
Norway,24,50.0,1996
Aruba,180,1.0,1996
Vanuatu,177,2.0,1996
Nicaragua,177,2.0,1996
Somalia,177,2.0,1996
Bulgaria,18,52.0,1996
South Africa,18,52.0,1996
USA,16,53.0,1996
Zambia,16,53.0,1996
Argentina,14,54.0,1996
Mexico,14,54.0,1996
England,13,55.0,1996
Algeria,44,41.0,1996
Belgium,42,42.0,1996
Austria,42,42.0,1996
Saudi Arabia,40,43.0,1996
Spain,8,59.0,1996
San Marino,158,6.0,1996
Tonga,158,6.0,1996
Tajikistan,158,6.0,1996
Lesotho,158,6.0,1996
France,3,61.0,1996
Germany,2,64.0,1996
Brazil,1,69.0,1996
Guam,183,0.0,1996
Cook Islands,183,0.0,1996
Chad,183,0.0,1996
Andorra,183,0.0,1996
Côte d'Ivoire,28,48.0,1996
Egypt,27,49.0,1996
Switzerland,24,50.0,1996
Japan,24,50.0,1996
Belize,180,1.0,1996
Puerto Rico,147,9.0,1996
Cayman Islands,147,9.0,1996
Laos,143,10.0,1996
Jordan,143,10.0,1996
Samoa,173,3.0,1996
Maldives,173,3.0,1996
Seychelles,173,3.0,1996
Chinese Taipei,173,3.0,1996
Pakistan,168,4.0,1996
Macau,168,4.0,1996
Solomon Islands,168,4.0,1996
Colombia,10,56.0,1996
Portugal,10,56.0,1996
Denmark,10,56.0,1996
Russia,8,59.0,1996
Philippines,165,5.0,1996
New Zealand,132,16.0,1996
Suriname,129,17.0,1996
Dominican Republic,129,17.0,1996
Niger,129,17.0,1996
Botswana,158,6.0,1996
Eswatini,158,6.0,1996
Rwanda,158,6.0,1996
Tahiti,153,7.0,1996
Fiji,153,7.0,1996
Kazakhstan,153,7.0,1996
Cape Verde Islands,153,7.0,1996
Cambodia,183,0.0,1996
Djibouti,183,0.0,1996
Libya,183,0.0,1996
Central African Republic,180,1.0,1996
Mauritius,147,9.0,1996
Albania,116,21.0,1996
Syria,113,22.0,1996
Haiti,113,22.0,1996
Mauritania,113,22.0,1996
Antigua and Barbuda,143,10.0,1996
Korea DPR,143,10.0,1996
Benin,140,11.0,1996
Turkmenistan,140,11.0,1996
Madagascar,140,11.0,1996
Yemen,138,12.0,1996
Dominica,138,12.0,1996
Brunei Darussalam,168,4.0,1996
Papua New Guinea,168,4.0,1996
Kyrgyz Republic,165,5.0,1996
Bermuda,165,5.0,1996
Guinea-Bissau,132,16.0,1996
Congo,100,26.0,1996
Vietnam,96,27.0,1996
Iraq,96,27.0,1996
Lebanon,96,27.0,1996
Gambia,126,18.0,1996
Grenada,126,18.0,1996
Sri Lanka,126,18.0,1996
Azerbaijan,123,19.0,1996
Hong Kong,123,19.0,1996
Luxembourg,123,19.0,1996
Malta,121,20.0,1996
Liechtenstein,153,7.0,1996
Guyana,151,8.0,1996
Bosnia and Herzegovina,151,8.0,1996
Nepal,147,9.0,1996
Moldova,116,21.0,1996
Sierra Leone,80,33.0,1996
IR Iran,80,33.0,1996
Latvia,80,33.0,1996
Uganda,80,33.0,1996
Kenya,107,23.0,1996
Venezuela,107,23.0,1996
Barbados,107,23.0,1996
Uzbekistan,107,23.0,1996
Ethiopia,107,23.0,1996
Burkina Faso,107,23.0,1996
Armenia,106,24.0,1996
Burundi,136,14.0,1996
Bangladesh,136,14.0,1996
Faroe Islands,135,15.0,1996
St. Lucia,132,16.0,1996
Panama,100,26.0,1996
Cuba,65,36.0,1996
Mali,65,36.0,1996
Zaire,65,36.0,1996
El Salvador,65,36.0,1996
Malaysia,96,27.0,1996
Georgia,92,28.0,1996
Liberia,92,28.0,1996
St. Vincent and the Grenadines,92,28.0,1996
Singapore,92,28.0,1996
Oman,90,29.0,1996
Belarus,90,29.0,1996
St. Kitts and Nevis,121,20.0,1996
India,116,21.0,1996
Indonesia,116,21.0,1996
Bahrain,116,21.0,1996
Mozambique,80,33.0,1996
Israel,52,42.0,1996
Côte d'Ivoire,48,43.0,1996
Australia,48,43.0,1996
Algeria,48,43.0,1996
Wales,80,33.0,1996
Finland,74,34.0,1996
Cyprus,74,34.0,1996
Slovenia,74,34.0,1996
China PR,74,34.0,1996
Hungary,74,34.0,1996
Sudan,74,34.0,1996
Guatemala,100,26.0,1996
Myanmar,100,26.0,1996
Namibia,100,26.0,1996
Estonia,100,26.0,1996
Qatar,69,35.0,1996
Republic of Ireland,34,46.0,1996
Greece,34,46.0,1996
Austria,34,46.0,1996
Ecuador,33,47.0,1996
Northern Ireland,59,37.0,1996
Nigeria,59,37.0,1996
Kuwait,59,37.0,1996
United Arab Emirates,59,37.0,1996
Iceland,59,37.0,1996
Ukraine,59,37.0,1996
Senegal,58,38.0,1996
Tanzania,88,30.0,1996
Malawi,88,30.0,1996
Togo,86,32.0,1996
FYR Macedonia,86,32.0,1996
Poland,53,41.0,1996
Zambia,19,54.0,1996
South Africa,19,54.0,1996
USA,18,55.0,1996
Sweden,12,56.0,1996
Lithuania,48,43.0,1996
Switzerland,42,44.0,1996
Gabon,42,44.0,1996
Honduras,42,44.0,1996
Korea Republic,42,44.0,1996
Uruguay,42,44.0,1996
Belgium,42,44.0,1996
Guinea,69,35.0,1996
Costa Rica,69,35.0,1996
Zimbabwe,69,35.0,1996
Angola,69,35.0,1996
Saudi Arabia,34,46.0,1996
Czech Republic,3,61.0,1996
Colombia,3,61.0,1996
France,3,61.0,1996
Germany,2,64.0,1996
Jamaica,31,48.0,1996
Turkey,31,48.0,1996
Slovakia,29,49.0,1996
Scotland,29,49.0,1996
Egypt,26,50.0,1996
Morocco,26,50.0,1996
Chile,26,50.0,1996
Thailand,57,39.0,1996
Cameroon,54,40.0,1996
Yugoslavia,54,40.0,1996
Peru,54,40.0,1996
Argentina,21,53.0,1996
Japan,21,53.0,1996
Brazil,1,68.0,1996
Romania,12,56.0,1996
Bulgaria,12,56.0,1996
Norway,12,56.0,1996
Portugal,12,56.0,1996
England,12,56.0,1996
Mexico,11,57.0,1996
Italy,10,59.0,1996
Netherlands,8,60.0,1996
Trinidad and Tobago,39,45.0,1996
Canada,39,45.0,1996
Bolivia,39,45.0,1996
Paraguay,34,46.0,1996
Jordan,148,8.0,1996
Tahiti,148,8.0,1996
Guyana,148,8.0,1996
Fiji,148,8.0,1996
Chinese Taipei,176,0.0,1996
Djibouti,176,0.0,1996
Seychelles,176,0.0,1996
Libya,176,0.0,1996
Belize,173,1.0,1996
Solomon Islands,173,1.0,1996
Aruba,173,1.0,1996
Maldives,167,2.0,1996
Pakistan,163,4.0,1996
Macau,163,4.0,1996
Benin,163,4.0,1996
Ghana,24,51.0,1996
Croatia,24,51.0,1996
Tunisia,23,52.0,1996
Cambodia,176,0.0,1996
Chad,176,0.0,1996
Vanuatu,176,0.0,1996
Puerto Rico,161,7.0,1997
St. Kitts and Nevis,136,16.0,1997
Sri Lanka,136,16.0,1997
Bangladesh,136,16.0,1997
Dominica,136,16.0,1997
Pakistan,171,5.0,1997
Aruba,173,4.0,1997
Brunei Darussalam,173,4.0,1997
Fiji,142,14.0,1997
Dominican Republic,144,13.0,1997
Niger,144,13.0,1997
Suriname,146,12.0,1997
Guinea-Bissau,146,12.0,1997
Mauritius,148,11.0,1997
Cape Verde Islands,164,6.0,1997
San Marino,164,6.0,1997
Cayman Islands,155,8.0,1997
Macau,155,8.0,1997
Antigua and Barbuda,155,8.0,1997
Hong Kong,127,19.0,1997
Yemen,127,19.0,1997
Mauritania,127,19.0,1997
Benin,130,18.0,1997
Turkmenistan,130,18.0,1997
Haiti,130,18.0,1997
Luxembourg,130,18.0,1997
Solomon Islands,134,17.0,1997
Jordan,134,17.0,1997
Bermuda,164,6.0,1997
Eswatini,164,6.0,1997
Tonga,164,6.0,1997
Madagascar,155,8.0,1997
Moldova,124,20.0,1997
Azerbaijan,124,20.0,1997
Faroe Islands,124,20.0,1997
Sudan,93,32.0,1997
Tanzania,93,32.0,1997
Congo,97,31.0,1997
Cuba,97,31.0,1997
Georgia,97,31.0,1997
Estonia,97,31.0,1997
Syria,101,29.0,1997
Kenya,102,28.0,1997
Belarus,102,28.0,1997
Burkina Faso,104,27.0,1997
Panama,105,26.0,1997
Venezuela,105,26.0,1997
Indonesia,105,26.0,1997
Armenia,105,26.0,1997
Singapore,109,25.0,1997
Vietnam,109,25.0,1997
Zaire,78,35.0,1997
Namibia,78,35.0,1997
Qatar,78,35.0,1997
Oman,82,34.0,1997
Uzbekistan,82,34.0,1997
Cyprus,82,34.0,1997
Uganda,82,34.0,1997
Sierra Leone,82,34.0,1997
Iceland,87,33.0,1997
Malawi,87,33.0,1997
Malaysia,87,33.0,1997
Wales,87,33.0,1997
Lebanon,87,33.0,1997
Slovenia,87,33.0,1997
Guatemala,93,32.0,1997
Liberia,93,32.0,1997
Switzerland,63,41.0,1997
Guinea,63,41.0,1997
Senegal,65,40.0,1997
United Arab Emirates,65,40.0,1997
Thailand,65,40.0,1997
Finland,68,39.0,1997
Northern Ireland,68,39.0,1997
Mali,68,39.0,1997
Hungary,71,38.0,1997
Mozambique,71,38.0,1997
El Salvador,71,38.0,1997
Trinidad and Tobago,71,38.0,1997
Latvia,75,37.0,1997
Australia,30,51.0,1997
Croatia,30,51.0,1997
Saudi Arabia,33,50.0,1997
Korea Republic,33,50.0,1997
Peru,33,50.0,1997
Belgium,36,49.0,1997
Iraq,75,37.0,1997
Togo,77,36.0,1997
FYR Macedonia,78,35.0,1997
Brazil,1,73.0,1997
Canada,45,45.0,1997
Honduras,45,45.0,1997
Ukraine,45,45.0,1997
Israel,45,45.0,1997
Poland,45,45.0,1997
Kuwait,45,45.0,1997
Angola,59,42.0,1997
Liechtenstein,161,7.0,1997
Papua New Guinea,161,7.0,1997
Guyana,164,6.0,1997
Seychelles,175,3.0,1997
British Virgin Islands,175,3.0,1997
Samoa,175,3.0,1997
Nicaragua,179,2.0,1997
Cambodia,179,2.0,1997
Maldives,179,2.0,1997
Vanuatu,179,2.0,1997
Somalia,179,2.0,1997
Andorra,179,2.0,1997
Algeria,59,42.0,1997
Gabon,59,42.0,1997
Zimbabwe,59,42.0,1997
Turkey,42,46.0,1997
Uruguay,42,46.0,1997
Côte d'Ivoire,45,45.0,1997
Cameroon,45,45.0,1997
Morocco,13,57.0,1997
Norway,16,56.0,1997
Japan,16,56.0,1997
Bolivia,18,55.0,1997
Zambia,18,55.0,1997
Bulgaria,20,54.0,1997
Republic of Ireland,53,44.0,1997
Costa Rica,53,44.0,1997
Lithuania,53,44.0,1997
China PR,56,43.0,1997
IR Iran,56,43.0,1997
Nigeria,56,43.0,1997
Chile,25,52.0,1997
Tunisia,25,52.0,1997
Portugal,25,52.0,1997
Ecuador,30,51.0,1997
Guam,188,0.0,1997
Cook Islands,188,0.0,1997
Brazil,1,72.0,1997
Spain,2,63.0,1997
Denmark,3,62.0,1997
Romania,4,61.0,1997
Yugoslavia,36,49.0,1997
Egypt,38,48.0,1997
Jamaica,39,47.0,1997
Greece,39,47.0,1997
Austria,39,47.0,1997
Ghana,42,46.0,1997
France,10,59.0,1997
Colombia,12,58.0,1997
Argentina,13,57.0,1997
Czech Republic,13,57.0,1997
Philippines,171,5.0,1997
Bermuda,171,5.0,1997
Aruba,176,4.0,1997
Brunei Darussalam,177,3.0,1997
Belize,177,3.0,1997
British Virgin Islands,177,3.0,1997
Slovakia,20,54.0,1997
South Africa,22,53.0,1997
Paraguay,22,53.0,1997
Scotland,22,53.0,1997
Sweden,25,52.0,1997
USA,25,52.0,1997
Somalia,186,1.0,1997
Central African Republic,186,1.0,1997
Djibouti,188,0.0,1997
Anguilla,188,0.0,1997
Antigua and Barbuda,156,8.0,1997
Maldives,156,8.0,1997
Tahiti,156,8.0,1997
Botswana,156,8.0,1997
Madagascar,156,8.0,1997
Cayman Islands,163,7.0,1997
Germany,4,61.0,1997
Netherlands,4,61.0,1997
Russia,4,61.0,1997
England,8,60.0,1997
Italy,8,60.0,1997
Mexico,10,59.0,1997
Cape Verde Islands,166,6.0,1997
Rwanda,171,5.0,1997
San Marino,171,5.0,1997
Tonga,171,5.0,1997
St. Lucia,141,15.0,1997
Laos,143,14.0,1997
Dominican Republic,144,13.0,1997
Suriname,145,12.0,1997
Fiji,145,12.0,1997
Libya,145,12.0,1997
Seychelles,177,3.0,1997
Nicaragua,181,2.0,1997
Samoa,181,2.0,1997
Chad,181,2.0,1997
Andorra,181,2.0,1997
Vanuatu,181,2.0,1997
Chinese Taipei,154,9.0,1997
Nepal,154,9.0,1997
Macau,156,8.0,1997
Liechtenstein,156,8.0,1997
Ethiopia,125,20.0,1997
St. Kitts and Nevis,127,19.0,1997
Yemen,127,19.0,1997
Hong Kong,127,19.0,1997
Solomon Islands,130,18.0,1997
Moldova,130,18.0,1997
Eswatini,163,7.0,1997
Korea DPR,163,7.0,1997
Papua New Guinea,166,6.0,1997
Guyana,166,6.0,1997
Puerto Rico,166,6.0,1997
Cambodia,166,6.0,1997
Luxembourg,137,16.0,1997
Dominica,137,16.0,1997
Kyrgyz Republic,137,16.0,1997
Bangladesh,141,15.0,1997
Belarus,107,27.0,1997
Grenada,111,26.0,1997
India,111,26.0,1997
Barbados,111,26.0,1997
Myanmar,111,26.0,1997
Venezuela,111,26.0,1997
Guinea-Bissau,145,12.0,1997
Lesotho,149,11.0,1997
Niger,149,11.0,1997
Mauritius,149,11.0,1997
Burundi,152,10.0,1997
Pakistan,152,10.0,1997
St. Vincent and the Grenadines,120,22.0,1997
Azerbaijan,123,21.0,1997
Jordan,123,21.0,1997
Haiti,125,20.0,1997
Liberia,94,33.0,1997
Slovenia,94,33.0,1997
Tanzania,94,33.0,1997
Malawi,94,33.0,1997
Syria,98,32.0,1997
Bosnia and Herzegovina,99,31.0,1997
Gambia,130,18.0,1997
Malta,130,18.0,1997
Turkmenistan,130,18.0,1997
Mauritania,135,17.0,1997
Sri Lanka,135,17.0,1997
Benin,137,16.0,1997
Burkina Faso,104,28.0,1997
Kazakhstan,107,27.0,1997
Sudan,107,27.0,1997
Uganda,107,27.0,1997
Togo,77,37.0,1997
Uzbekistan,77,37.0,1997
Mali,77,37.0,1997
Oman,81,36.0,1997
Cyprus,81,36.0,1997
Guatemala,81,36.0,1997
Albania,116,24.0,1997
Faroe Islands,116,24.0,1997
Tajikistan,116,24.0,1997
Panama,116,24.0,1997
New Zealand,120,22.0,1997
Bahrain,120,22.0,1997
Lebanon,88,34.0,1997
Indonesia,88,34.0,1997
FYR Macedonia,88,34.0,1997
Northern Ireland,88,34.0,1997
Switzerland,62,41.0,1997
Gabon,63,40.0,1997
El Salvador,63,40.0,1997
Guinea,63,40.0,1997
Canada,63,40.0,1997
Mozambique,63,40.0,1997
Estonia,99,31.0,1997
Congo,101,30.0,1997
Wales,101,30.0,1997
Singapore,103,29.0,1997
Vietnam,104,28.0,1997
Armenia,104,28.0,1997
Zimbabwe,73,38.0,1997
Latvia,73,38.0,1997
Zaire,73,38.0,1997
Hungary,77,37.0,1997
IR Iran,45,47.0,1997
Republic of Ireland,45,47.0,1997
Poland,48,46.0,1997
Ukraine,48,46.0,1997
United Arab Emirates,48,46.0,1997
Costa Rica,48,46.0,1997
Sierra Leone,81,36.0,1997
Senegal,81,36.0,1997
Namibia,86,35.0,1997
Malaysia,86,35.0,1997
Cuba,88,34.0,1997
Kenya,88,34.0,1997
Angola,53,45.0,1997
Algeria,59,44.0,1997
Finland,60,42.0,1997
Israel,60,42.0,1997
Portugal,30,53.0,1997
South Africa,30,53.0,1997
Egypt,30,53.0,1997
Saudi Arabia,30,53.0,1997
Slovakia,30,53.0,1997
Australia,30,53.0,1997
Iraq,68,39.0,1997
Georgia,68,39.0,1997
Qatar,68,39.0,1997
Nigeria,68,39.0,1997
Iceland,68,39.0,1997
Honduras,73,38.0,1997
Greece,41,50.0,1997
Turkey,43,49.0,1997
Kuwait,44,48.0,1997
Lithuania,45,47.0,1997
Japan,12,58.0,1997
Morocco,12,58.0,1997
Chile,12,58.0,1997
Argentina,12,58.0,1997
Sweden,18,57.0,1997
Croatia,18,57.0,1997
Côte d'Ivoire,48,46.0,1997
Cameroon,53,45.0,1997
Thailand,53,45.0,1997
China PR,53,45.0,1997
Trinidad and Tobago,53,45.0,1997
Ghana,53,45.0,1997
Netherlands,22,56.0,1997
Tunisia,22,56.0,1997
Bolivia,24,55.0,1997
Austria,24,55.0,1997
USA,26,54.0,1997
Korea Republic,26,54.0,1997
Ecuador,26,54.0,1997
Paraguay,26,54.0,1997
Germany,2,65.0,1997
Czech Republic,2,65.0,1997
Bulgaria,36,52.0,1997
Scotland,36,52.0,1997
Peru,36,52.0,1997
Jamaica,36,52.0,1997
Uruguay,40,51.0,1997
Belgium,41,50.0,1997
Rwanda,164,6.0,1997
Central African Republic,185,1.0,1997
Libya,185,1.0,1997
Djibouti,187,0.0,1997
England,4,61.0,1997
Mexico,4,61.0,1997
France,6,60.0,1997
Romania,6,60.0,1997
Denmark,6,60.0,1997
Italy,6,60.0,1997
Colombia,10,59.0,1997
Spain,10,59.0,1997
Russia,12,58.0,1997
Norway,12,58.0,1997
Yugoslavia,18,57.0,1997
Zambia,18,57.0,1997
Kyrgyz Republic,136,16.0,1997
St. Lucia,141,15.0,1997
Gambia,142,14.0,1997
Barbados,109,25.0,1997
Bahrain,112,24.0,1997
New Zealand,112,24.0,1997
Tajikistan,114,23.0,1997
Bosnia and Herzegovina,114,23.0,1997
India,114,23.0,1997
St. Vincent and the Grenadines,114,23.0,1997
Ethiopia,118,22.0,1997
Myanmar,118,22.0,1997
Grenada,118,22.0,1997
Albania,121,21.0,1997
Kazakhstan,121,21.0,1997
Malta,121,21.0,1997
Tahiti,155,8.0,1997
Guam,187,0.0,1997
Chad,187,0.0,1997
Anguilla,187,0.0,1997
Korea DPR,155,8.0,1997
Lesotho,150,9.0,1997
Botswana,150,9.0,1997
Chinese Taipei,150,9.0,1997
Laos,150,9.0,1997
Nepal,150,9.0,1997
Burundi,149,10.0,1997
Belize,175,3.0,1997
Cook Islands,187,0.0,1997
Philippines,171,5.0,1997
Bermuda,176,3.0,1998
San Marino,176,3.0,1998
Brunei Darussalam,174,4.0,1998
Tonga,174,4.0,1998
Puerto Rico,168,5.0,1998
Aruba,168,5.0,1998
Chinese Taipei,161,7.0,1998
Maldives,159,8.0,1998
Malta,123,19.0,1998
Cambodia,153,9.0,1998
Niger,153,9.0,1998
Pakistan,153,9.0,1998
Nicaragua,179,2.0,1998
Samoa,179,2.0,1998
Chad,179,2.0,1998
Andorra,179,2.0,1998
Madagascar,165,6.0,1998
Philippines,165,6.0,1998
Nepal,165,6.0,1998
Macau,161,7.0,1998
Cape Verde Islands,161,7.0,1998
Liechtenstein,161,7.0,1998
Dominica,128,18.0,1998
St. Kitts and Nevis,128,18.0,1998
Mauritania,123,19.0,1998
Sri Lanka,123,19.0,1998
St. Vincent and the Grenadines,123,19.0,1998
Dominican Republic,140,14.0,1998
Rwanda,168,5.0,1998
Korea DPR,168,5.0,1998
Papua New Guinea,168,5.0,1998
Djibouti,188,0.0,1998
Benin,132,16.0,1998
Moldova,132,16.0,1998
St. Lucia,132,16.0,1998
Bahrain,132,16.0,1998
Ethiopia,130,17.0,1998
New Zealand,130,17.0,1998
Albania,95,29.0,1998
Malaysia,95,29.0,1998
Vietnam,95,29.0,1998
Bosnia and Herzegovina,93,30.0,1998
Slovenia,93,30.0,1998
Kenya,89,31.0,1998
Panama,123,19.0,1998
Tajikistan,121,20.0,1998
Jordan,121,20.0,1998
Guyana,150,10.0,1998
Faroe Islands,119,21.0,1998
Uganda,117,22.0,1998
Gambia,117,22.0,1998
Congo,115,23.0,1998
Sudan,115,23.0,1998
India,114,24.0,1998
Namibia,81,34.0,1998
Canada,78,35.0,1998
Cuba,78,35.0,1998
Cyprus,78,35.0,1998
Togo,75,36.0,1998
FYR Macedonia,75,36.0,1998
Estonia,107,26.0,1998
Syria,104,27.0,1998
Tanzania,104,27.0,1998
Lesotho,132,16.0,1998
Myanmar,99,28.0,1998
Belarus,99,28.0,1998
Wales,99,28.0,1998
Malawi,99,28.0,1998
Lebanon,99,28.0,1998
Oman,95,29.0,1998
Ghana,64,40.0,1998
Nigeria,64,40.0,1998
Algeria,62,41.0,1998
Finland,62,41.0,1998
Guinea,57,42.0,1998
Zaire,57,42.0,1998
Latvia,89,31.0,1998
Iraq,89,31.0,1998
Singapore,89,31.0,1998
Venezuela,119,21.0,1998
Sierra Leone,87,32.0,1998
Honduras,83,33.0,1998
Senegal,83,33.0,1998
Uzbekistan,83,33.0,1998
Indonesia,83,33.0,1998
Gabon,81,34.0,1998
China PR,49,44.0,1998
Poland,46,45.0,1998
Republic of Ireland,46,45.0,1998
Thailand,46,45.0,1998
Côte d'Ivoire,42,46.0,1998
Georgia,42,46.0,1998
Mozambique,75,36.0,1998
Guatemala,73,37.0,1998
Switzerland,73,37.0,1998
Liberia,104,27.0,1998
Zimbabwe,71,38.0,1998
El Salvador,66,39.0,1998
Iceland,66,39.0,1998
Burkina Faso,66,39.0,1998
Mali,66,39.0,1998
Ukraine,66,39.0,1998
Saudi Arabia,32,51.0,1998
Slovakia,32,51.0,1998
Belgium,31,52.0,1998
Sweden,27,53.0,1998
Jamaica,27,53.0,1998
Russia,27,53.0,1998
Trinidad and Tobago,57,42.0,1998
United Arab Emirates,57,42.0,1998
Angola,57,42.0,1998
Northern Ireland,87,32.0,1998
Lithuania,53,43.0,1998
Bolivia,53,43.0,1998
Turkey,53,43.0,1998
Kuwait,49,44.0,1998
Costa Rica,49,44.0,1998
Greece,49,44.0,1998
Colombia,17,58.0,1998
Morocco,15,59.0,1998
Chile,15,59.0,1998
Spain,13,60.0,1998
Romania,13,60.0,1998
Mexico,11,62.0,1998
Peru,42,46.0,1998
Portugal,42,46.0,1998
Ecuador,41,47.0,1998
Qatar,71,38.0,1998
Israel,37,48.0,1998
Australia,37,48.0,1998
IR Iran,37,48.0,1998
Scotland,36,49.0,1998
Uruguay,34,50.0,1998
Bulgaria,34,50.0,1998
Brazil,1,74.0,1998
Guam,194,0.0,1998
Anguilla,194,0.0,1998
Mongolia,194,0.0,1998
Equatorial Guinea,194,0.0,1998
Sao Tome e Principe,188,1.0,1998
South Africa,27,53.0,1998
Paraguay,26,54.0,1998
Tunisia,21,55.0,1998
Hungary,53,43.0,1998
Austria,21,55.0,1998
Japan,21,55.0,1998
Korea Republic,21,55.0,1998
Egypt,19,57.0,1998
USA,19,57.0,1998
Denmark,17,58.0,1998
Brunei Darussalam,181,3.0,1998
Puerto Rico,181,3.0,1998
Seychelles,177,5.0,1998
Aruba,177,5.0,1998
San Marino,177,5.0,1998
Chad,177,5.0,1998
Norway,11,62.0,1998
England,10,63.0,1998
Italy,7,64.0,1998
Cameroon,37,48.0,1998
Yugoslavia,7,64.0,1998
Czech Republic,5,65.0,1998
Argentina,5,65.0,1998
Croatia,4,67.0,1998
Germany,3,69.0,1998
France,2,70.0,1998
Cape Verde Islands,162,8.0,1998
Maldives,162,8.0,1998
Guinea-Bissau,162,8.0,1998
Samoa,162,8.0,1998
Tonga,162,8.0,1998
Cambodia,161,9.0,1998
American Samoa,188,1.0,1998
Central African Republic,188,1.0,1998
Djibouti,188,1.0,1998
Zambia,21,55.0,1998
Eritrea,188,1.0,1998
Nicaragua,186,2.0,1998
British Virgin Islands,186,2.0,1998
Belize,181,3.0,1998
Bermuda,181,3.0,1998
Palestine,181,3.0,1998
Madagascar,148,13.0,1998
Eswatini,148,13.0,1998
Mauritius,148,13.0,1998
Libya,145,14.0,1998
Yemen,145,14.0,1998
Ethiopia,145,14.0,1998
Vanuatu,174,6.0,1998
Nepal,174,6.0,1998
Philippines,174,6.0,1998
Netherlands,7,64.0,1998
Cook Islands,168,7.0,1998
Papua New Guinea,168,7.0,1998
Andorra,168,7.0,1998
Rwanda,168,7.0,1998
Chinese Taipei,168,7.0,1998
Pakistan,162,8.0,1998
Sri Lanka,134,17.0,1998
Dominica,131,18.0,1998
St. Kitts and Nevis,131,18.0,1998
Panama,131,18.0,1998
Malta,129,19.0,1998
Venezuela,129,19.0,1998
Guyana,160,10.0,1998
Suriname,155,11.0,1998
Liechtenstein,155,11.0,1998
Somalia,188,1.0,1998
Bangladesh,155,11.0,1998
Botswana,155,11.0,1998
Niger,153,12.0,1998
Cayman Islands,153,12.0,1998
Dominican Republic,148,13.0,1998
Kyrgyz Republic,148,13.0,1998
Tanzania,116,25.0,1998
Grenada,116,25.0,1998
Moldova,116,25.0,1998
Myanmar,112,27.0,1998
Sudan,112,27.0,1998
Malaysia,112,27.0,1998
Laos,140,15.0,1998
Luxembourg,140,15.0,1998
Mauritania,140,15.0,1998
Macau,168,7.0,1998
Lesotho,140,15.0,1998
St. Lucia,137,16.0,1998
St. Vincent and the Grenadines,137,16.0,1998
Antigua and Barbuda,137,16.0,1998
Hong Kong,134,17.0,1998
Gambia,134,17.0,1998
Kazakhstan,99,31.0,1998
Canada,99,31.0,1998
Armenia,99,31.0,1998
Azerbaijan,99,31.0,1998
Vietnam,95,32.0,1998
Wales,95,32.0,1998
Solomon Islands,128,21.0,1998
Benin,126,22.0,1998
Jordan,126,22.0,1998
Korea DPR,155,11.0,1998
Fiji,123,23.0,1998
Tahiti,123,23.0,1998
Turkmenistan,122,24.0,1998
Barbados,116,25.0,1998
Tajikistan,116,25.0,1998
Bahrain,116,25.0,1998
Northern Ireland,83,35.0,1998
Lebanon,83,35.0,1998
Syria,83,35.0,1998
Switzerland,83,35.0,1998
Gabon,82,36.0,1998
Singapore,81,37.0,1998
Congo,112,27.0,1998
Sierra Leone,110,28.0,1998
India,110,28.0,1998
Burundi,140,15.0,1998
Liberia,108,29.0,1998
Cuba,103,30.0,1998
Albania,103,30.0,1998
Uganda,103,30.0,1998
Belarus,103,30.0,1998
New Zealand,103,30.0,1998
Mali,66,40.0,1998
Namibia,66,40.0,1998
Togo,66,40.0,1998
Costa Rica,66,40.0,1998
Uzbekistan,66,40.0,1998
Nigeria,60,41.0,1998
Bosnia and Herzegovina,95,32.0,1998
Senegal,95,32.0,1998
Iraq,91,33.0,1998
Faroe Islands,123,23.0,1998
El Salvador,91,33.0,1998
Honduras,91,33.0,1998
Estonia,89,34.0,1998
Malawi,89,34.0,1998
Slovenia,83,35.0,1998
Indonesia,83,35.0,1998
Lithuania,52,44.0,1998
Greece,52,44.0,1998
Georgia,52,44.0,1998
Trinidad and Tobago,49,45.0,1998
Angola,49,45.0,1998
Bulgaria,49,45.0,1998
Mozambique,77,38.0,1998
Guinea,77,38.0,1998
Cyprus,77,38.0,1998
Haiti,108,29.0,1998
Uruguay,73,39.0,1998
Burkina Faso,73,39.0,1998
Zimbabwe,73,39.0,1998
Guatemala,73,39.0,1998
Peru,66,40.0,1998
Algeria,66,40.0,1998
Scotland,37,50.0,1998
China PR,37,50.0,1998
Portugal,35,51.0,1998
Belgium,35,51.0,1998
Colombia,31,52.0,1998
Jamaica,31,52.0,1998
Iceland,60,41.0,1998
Ecuador,60,41.0,1998
Zaire,60,41.0,1998
Kenya,91,33.0,1998
Qatar,60,41.0,1998
FYR Macedonia,57,42.0,1998
Oman,57,42.0,1998
Turkey,57,42.0,1998
Republic of Ireland,55,43.0,1998
Finland,55,43.0,1998
Austria,19,55.0,1998
Tunisia,19,55.0,1998
Japan,19,55.0,1998
Denmark,19,55.0,1998
Sweden,18,56.0,1998
Korea Republic,17,57.0,1998
Ghana,47,46.0,1998
Ukraine,47,46.0,1998
Hungary,46,47.0,1998
Latvia,77,38.0,1998
Yugoslavia,6,65.0,1998
Argentina,5,66.0,1998
Croatia,3,67.0,1998
Germany,3,67.0,1998
France,2,69.0,1998
Burundi,159,8.0,1998
Fiji,153,9.0,1998
Botswana,153,9.0,1998
Mauritius,153,9.0,1998
Central African Republic,185,1.0,1998
Somalia,185,1.0,1998
Vanuatu,185,1.0,1998
Slovakia,31,52.0,1998
Poland,31,52.0,1998
Saudi Arabia,29,53.0,1998
Bolivia,60,41.0,1998
Egypt,26,54.0,1998
IR Iran,26,54.0,1998
South Africa,26,54.0,1998
Paraguay,19,55.0,1998
Kuwait,19,55.0,1998
USA,19,55.0,1998
Chile,16,58.0,1998
Spain,14,59.0,1998
Norway,14,59.0,1998
Thailand,43,48.0,1998
Côte d'Ivoire,43,48.0,1998
Israel,43,48.0,1998
United Arab Emirates,40,49.0,1998
Cameroon,40,49.0,1998
Russia,40,49.0,1998
Australia,37,50.0,1998
Seychelles,179,2.0,1998
British Virgin Islands,179,2.0,1998
Belize,176,3.0,1998
Eswatini,143,13.0,1998
Antigua and Barbuda,143,13.0,1998
Turkmenistan,143,13.0,1998
Luxembourg,140,14.0,1998
Yemen,140,14.0,1998
Morocco,12,60.0,1998
Romania,12,60.0,1998
Netherlands,10,62.0,1998
Mexico,10,62.0,1998
England,9,63.0,1998
Czech Republic,7,64.0,1998
Italy,7,64.0,1998
Zambia,29,53.0,1998
Guinea-Bissau,150,10.0,1998
Cayman Islands,150,10.0,1998
Bangladesh,148,12.0,1998
Libya,148,12.0,1998
Suriname,143,13.0,1998
Kyrgyz Republic,143,13.0,1998
Barbados,109,25.0,1998
Haiti,109,25.0,1998
Kazakhstan,109,25.0,1998
Armenia,109,25.0,1998
Azerbaijan,109,25.0,1998
Grenada,107,26.0,1998
Solomon Islands,139,15.0,1998
Hong Kong,132,16.0,1998
Laos,132,16.0,1998
Tahiti,168,5.0,1998
Anguilla,188,0.0,1998
Cook Islands,188,0.0,1998
Guam,188,0.0,1998
Brazil,1,73.0,1998
Denmark,11,697.0,1999
Mexico,10,706.0,1999
Croatia,9,713.0,1999
Romania,8,715.0,1999
Dominican Republic,153,165.0,1999
Aruba,184,49.0,1999
Seychelles,183,50.0,1999
Chad,182,60.0,1999
Cambodia,174,89.0,1999
Samoa,173,90.0,1999
Tonga,172,92.0,1999
Eritrea,171,94.0,1999
Macau,170,95.0,1999
Hong Kong,137,210.0,1999
Chinese Taipei,168,101.0,1999
Guyana,167,107.0,1999
Guinea-Bissau,166,114.0,1999
Mongolia,197,6.0,1999
Central African Republic,196,8.0,1999
Somalia,195,11.0,1999
Sao Tome e Principe,193,16.0,1999
Djibouti,193,16.0,1999
Equatorial Guinea,192,17.0,1999
Turks and Caicos Islands,191,19.0,1999
Laos,158,146.0,1999
Kyrgyz Republic,157,147.0,1999
Andorra,156,151.0,1999
Libya,155,154.0,1999
Cayman Islands,154,155.0,1999
Grenada,120,275.0,1999
Mauritania,152,170.0,1999
Niger,151,172.0,1999
Yemen,150,174.0,1999
Puerto Rico,181,68.0,1999
Vanuatu,180,71.0,1999
Philippines,179,74.0,1999
Pakistan,178,77.0,1999
Rwanda,176,82.0,1999
Cook Islands,176,82.0,1999
Papua New Guinea,175,83.0,1999
Sri Lanka,142,188.0,1999
Panama,140,201.0,1999
Ethiopia,140,201.0,1999
Eswatini,139,208.0,1999
Solomon Islands,137,210.0,1999
Iraq,105,349.0,1999
St. Vincent and the Grenadines,136,217.0,1999
St. Kitts and Nevis,134,220.0,1999
Burundi,134,220.0,1999
British Virgin Islands,165,127.0,1999
Bermuda,164,132.0,1999
Nepal,163,134.0,1999
Korea DPR,162,138.0,1999
Maldives,161,139.0,1999
Botswana,160,141.0,1999
Suriname,159,142.0,1999
Luxembourg,126,265.0,1999
Fiji,125,269.0,1999
Turkmenistan,124,271.0,1999
Tanzania,123,273.0,1999
Malta,122,274.0,1999
Armenia,89,410.0,1999
Bahrain,120,275.0,1999
Mauritius,118,285.0,1999
Malaysia,118,285.0,1999
Bangladesh,149,179.0,1999
Lesotho,147,183.0,1999
Antigua and Barbuda,147,183.0,1999
San Marino,145,184.0,1999
Dominica,145,184.0,1999
St. Lucia,144,185.0,1999
Gambia,143,186.0,1999
Lebanon,110,339.0,1999
Venezuela,108,342.0,1999
Uganda,108,342.0,1999
Haiti,107,345.0,1999
Malawi,106,346.0,1999
Mali,73,456.0,1999
Faroe Islands,104,351.0,1999
Singapore,103,355.0,1999
New Zealand,102,356.0,1999
Liechtenstein,133,229.0,1999
Madagascar,132,232.0,1999
Jordan,131,239.0,1999
Benin,130,241.0,1999
Tahiti,129,243.0,1999
Tajikistan,128,254.0,1999
Myanmar,127,263.0,1999
Albania,94,397.0,1999
Mozambique,93,401.0,1999
Belarus,92,403.0,1999
El Salvador,90,408.0,1999
Bosnia and Herzegovina,90,408.0,1999
Angola,57,504.0,1999
Uzbekistan,86,412.0,1999
Oman,86,412.0,1999
Estonia,86,412.0,1999
Sudan,117,290.0,1999
Kazakhstan,116,301.0,1999
Sierra Leone,115,317.0,1999
India,113,319.0,1999
Barbados,113,319.0,1999
Vietnam,112,323.0,1999
Indonesia,111,331.0,1999
Thailand,78,439.0,1999
Burkina Faso,77,443.0,1999
Guatemala,76,447.0,1999
Zimbabwe,75,450.0,1999
Gabon,74,455.0,1999
Peru,41,554.0,1999
Honduras,72,457.0,1999
Northern Ireland,70,460.0,1999
Nigeria,70,460.0,1999
Syria,101,359.0,1999
Kenya,100,368.0,1999
Azerbaijan,99,371.0,1999
Moldova,98,372.0,1999
Canada,97,389.0,1999
Congo,96,393.0,1999
Liberia,95,394.0,1999
Slovenia,62,493.0,1999
Australia,61,498.0,1999
Finland,59,499.0,1999
Zaire,59,499.0,1999
China PR,58,502.0,1999
Israel,25,610.0,1999
Ecuador,56,509.0,1999
Kuwait,55,512.0,1999
Switzerland,54,515.0,1999
Senegal,85,415.0,1999
Wales,84,419.0,1999
Namibia,83,430.0,1999
Guinea,82,435.0,1999
Qatar,80,436.0,1999
Cuba,80,436.0,1999
Togo,79,437.0,1999
Ghana,46,532.0,1999
Côte d'Ivoire,45,540.0,1999
Japan,44,542.0,1999
Jamaica,42,549.0,1999
Uruguay,42,549.0,1999
Romania,9,694.0,1999
Saudi Arabia,40,556.0,1999
Turkey,38,562.0,1999
Egypt,38,562.0,1999
Algeria,69,466.0,1999
Costa Rica,68,468.0,1999
Cyprus,67,483.0,1999
FYR Macedonia,66,484.0,1999
United Arab Emirates,65,490.0,1999
Latvia,64,491.0,1999
Georgia,63,492.0,1999
USA,30,594.0,1999
South Africa,29,595.0,1999
Tunisia,28,596.0,1999
Russia,27,602.0,1999
Poland,26,607.0,1999
Djibouti,194,21.0,1999
Ukraine,24,611.0,1999
Slovakia,23,613.0,1999
Chile,22,618.0,1999
Bolivia,53,517.0,1999
Lithuania,51,523.0,1999
Cameroon,51,523.0,1999
IR Iran,50,527.0,1999
Trinidad and Tobago,49,529.0,1999
Hungary,48,531.0,1999
Iceland,46,532.0,1999
England,14,672.0,1999
Netherlands,13,680.0,1999
Portugal,12,682.0,1999
Mexico,11,688.0,1999
Norway,10,690.0,1999
Pakistan,178,79.0,1999
Spain,8,714.0,1999
Croatia,6,719.0,1999
Argentina,6,719.0,1999
Korea Republic,37,563.0,1999
Republic of Ireland,36,567.0,1999
Greece,35,568.0,1999
Bulgaria,34,573.0,1999
Belgium,33,587.0,1999
Zambia,32,589.0,1999
Scotland,31,592.0,1999
Guam,199,4.0,1999
American Samoa,197,6.0,1999
Mongolia,197,6.0,1999
Somalia,196,14.0,1999
Turks and Caicos Islands,195,19.0,1999
Suriname,162,138.0,1999
US Virgin Islands,193,32.0,1999
Nicaragua,192,40.0,1999
Seychelles,191,43.0,1999
Yugoslavia,21,624.0,1999
Austria,20,625.0,1999
Morocco,19,626.0,1999
Colombia,18,629.0,1999
Denmark,17,632.0,1999
Paraguay,16,647.0,1999
Sweden,15,666.0,1999
Vanuatu,183,63.0,1999
Papua New Guinea,182,72.0,1999
Cook Islands,181,73.0,1999
Philippines,180,75.0,1999
Samoa,178,79.0,1999
Rwanda,145,180.0,1999
Tonga,176,80.0,1999
Cape Verde Islands,176,80.0,1999
Macau,175,85.0,1999
Germany,5,720.0,1999
Italy,4,726.0,1999
Czech Republic,3,753.0,1999
France,2,762.0,1999
Brazil,1,835.0,1999
Anguilla,201,3.0,1999
Montserrat,199,4.0,1999
Cambodia,167,118.0,1999
Chad,166,127.0,1999
Botswana,165,131.0,1999
Niger,163,137.0,1999
Bermuda,163,137.0,1999
Bangladesh,130,247.0,1999
British Virgin Islands,161,141.0,1999
Mauritania,160,145.0,1999
Kyrgyz Republic,159,147.0,1999
Aruba,190,44.0,1999
Belize,189,46.0,1999
Bahamas,188,47.0,1999
Equatorial Guinea,187,48.0,1999
Sao Tome e Principe,186,49.0,1999
Puerto Rico,185,56.0,1999
Brunei Darussalam,184,59.0,1999
Gambia,151,174.0,1999
San Marino,149,175.0,1999
Dominica,149,175.0,1999
Cayman Islands,147,176.0,1999
Antigua and Barbuda,147,176.0,1999
Malawi,114,321.0,1999
Andorra,145,180.0,1999
Solomon Islands,144,182.0,1999
Maldives,143,185.0,1999
Central African Republic,174,87.0,1999
Chinese Taipei,173,91.0,1999
Guinea-Bissau,172,93.0,1999
Korea DPR,171,106.0,1999
Guyana,170,107.0,1999
Palestine,169,114.0,1999
Eritrea,167,118.0,1999
Fiji,135,227.0,1999
Madagascar,134,231.0,1999
Burundi,133,239.0,1999
Sudan,132,244.0,1999
Libya,130,247.0,1999
Wales,98,389.0,1999
Turkmenistan,129,251.0,1999
Tanzania,127,253.0,1999
Eswatini,127,253.0,1999
Yemen,158,149.0,1999
Nepal,157,160.0,1999
Laos,156,164.0,1999
Dominican Republic,155,165.0,1999
Lesotho,154,170.0,1999
Sri Lanka,153,173.0,1999
St. Lucia,151,174.0,1999
Tajikistan,119,285.0,1999
Mauritius,118,289.0,1999
Malaysia,117,307.0,1999
Malta,116,309.0,1999
Jordan,115,317.0,1999
Kuwait,82,429.0,1999
Barbados,113,322.0,1999
Faroe Islands,112,331.0,1999
Lebanon,111,334.0,1999
Ethiopia,142,188.0,1999
St. Vincent and the Grenadines,141,199.0,1999
Benin,140,204.0,1999
Tahiti,139,210.0,1999
Panama,138,214.0,1999
St. Kitts and Nevis,137,217.0,1999
Bahrain,136,223.0,1999
Kenya,103,373.0,1999
Vietnam,102,374.0,1999
Mozambique,101,380.0,1999
New Zealand,100,381.0,1999
Haiti,99,384.0,1999
Georgia,66,475.0,1999
Azerbaijan,97,390.0,1999
El Salvador,95,396.0,1999
Belarus,95,396.0,1999
Myanmar,126,254.0,1999
Liechtenstein,125,257.0,1999
Luxembourg,123,265.0,1999
Kazakhstan,123,265.0,1999
Hong Kong,122,268.0,1999
Grenada,121,272.0,1999
Sierra Leone,120,274.0,1999
Togo,87,416.0,1999
Algeria,86,422.0,1999
Armenia,85,423.0,1999
Northern Ireland,84,427.0,1999
Albania,83,428.0,1999
Lithuania,50,524.0,1999
Canada,81,430.0,1999
Namibia,80,432.0,1999
Senegal,79,440.0,1999
Venezuela,110,335.0,1999
Syria,109,339.0,1999
Uganda,108,342.0,1999
Qatar,107,357.0,1999
India,106,359.0,1999
Liberia,105,370.0,1999
Singapore,104,372.0,1999
Burkina Faso,71,456.0,1999
Estonia,70,460.0,1999
Honduras,69,462.0,1999
FYR Macedonia,68,469.0,1999
Zimbabwe,67,474.0,1999
Greece,34,582.0,1999
Ecuador,65,477.0,1999
Costa Rica,64,483.0,1999
Cyprus,63,488.0,1999
Congo,94,397.0,1999
Moldova,93,398.0,1999
Oman,92,405.0,1999
Guinea,91,406.0,1999
Indonesia,89,410.0,1999
Australia,89,410.0,1999
China PR,88,412.0,1999
Uzbekistan,55,513.0,1999
United Arab Emirates,53,515.0,1999
Côte d'Ivoire,53,515.0,1999
Angola,52,517.0,1999
Korea Republic,51,522.0,1999
Russia,18,643.0,1999
IR Iran,48,525.0,1999
Ghana,48,525.0,1999
Switzerland,47,531.0,1999
Iraq,77,441.0,1999
Cuba,77,441.0,1999
Nigeria,76,444.0,1999
Bosnia and Herzegovina,75,447.0,1999
Gabon,74,452.0,1999
Guatemala,73,453.0,1999
Mali,71,456.0,1999
Saudi Arabia,38,556.0,1999
Egypt,38,556.0,1999
Bulgaria,37,563.0,1999
Zambia,36,571.0,1999
Republic of Ireland,35,576.0,1999
Czech Republic,2,774.0,1999
Belgium,33,588.0,1999
Poland,32,589.0,1999
Tunisia,31,596.0,1999
Latvia,62,489.0,1999
Bolivia,61,490.0,1999
Thailand,60,492.0,1999
Congo DR,59,493.0,1999
Cameroon,58,497.0,1999
Japan,57,501.0,1999
Finland,56,508.0,1999
Chile,23,618.0,1999
USA,22,620.0,1999
Slovakia,21,626.0,1999
Scotland,20,639.0,1999
Netherlands,19,641.0,1999
Portugal,15,672.0,1999
Italy,14,685.0,1999
Yugoslavia,13,694.0,1999
England,12,695.0,1999
Uruguay,45,533.0,1999
Hungary,45,533.0,1999
Trinidad and Tobago,43,536.0,1999
Iceland,43,536.0,1999
Peru,42,538.0,1999
Jamaica,41,539.0,1999
Slovenia,40,544.0,1999
Norway,7,718.0,1999
Argentina,6,721.0,1999
Germany,5,739.0,1999
Spain,4,753.0,1999
France,3,765.0,1999
Cape Verde Islands,169,96.0,1999
Anguilla,200,3.0,1999
Guam,199,4.0,1999
American Samoa,197,6.0,1999
Palestine,190,27.0,1999
US Virgin Islands,189,32.0,1999
Nicaragua,187,42.0,1999
Brunei Darussalam,187,42.0,1999
Belize,185,47.0,1999
Bahamas,185,47.0,1999
South Africa,30,597.0,1999
Turkey,29,598.0,1999
Austria,28,603.0,1999
Ukraine,26,609.0,1999
Israel,26,609.0,1999
Colombia,25,614.0,1999
Morocco,24,615.0,1999
Paraguay,17,648.0,1999
Sweden,16,663.0,1999
Montserrat,200,3.0,1999
Brazil,1,839.0,1999
France,2,801.0,2000
Argentina,3,773.0,2000
Paraguay,9,707.0,2000
Germany,11,705.0,2000
Mexico,12,693.0,2000
Romania,13,683.0,2000
Norway,14,675.0,2000
Colombia,15,672.0,2000
USA,16,659.0,2000
England,17,657.0,2000
Croatia,18,656.0,2000
Chile,19,639.0,2000
Brazil,1,821.0,2000
Central African Republic,180,103.0,2000
Guyana,181,101.0,2000
Tonga,182,100.0,2000
Aruba,183,93.0,2000
Belize,183,93.0,2000
Sao Tome e Principe,185,82.0,2000
Dominican Republic,154,206.0,2000
Rwanda,155,198.0,2000
Laos,156,189.0,2000
Mauritania,157,187.0,2000
Dominica,158,184.0,2000
Cape Verde Islands,158,184.0,2000
Puerto Rico,192,59.0,2000
Djibouti,193,54.0,2000
Somalia,194,38.0,2000
US Virgin Islands,195,33.0,2000
San Marino,164,165.0,2000
Nepal,165,152.0,2000
Vanuatu,166,149.0,2000
Kyrgyz Republic,167,147.0,2000
Chad,167,147.0,2000
Cook Islands,169,146.0,2000
Liechtenstein,138,254.0,2000
Eswatini,139,251.0,2000
Bangladesh,140,248.0,2000
St. Kitts and Nevis,141,243.0,2000
Korea DPR,142,237.0,2000
Antigua and Barbuda,143,232.0,2000
Macau,176,116.0,2000
Cambodia,176,116.0,2000
Philippines,178,108.0,2000
Bahamas,179,104.0,2000
Sri Lanka,148,216.0,2000
Maldives,149,215.0,2000
Benin,150,213.0,2000
Andorra,150,213.0,2000
Botswana,152,210.0,2000
Gambia,153,209.0,2000
Madagascar,122,297.0,2000
Turkmenistan,123,294.0,2000
Myanmar,124,291.0,2000
Mauritius,125,290.0,2000
Tahiti,126,288.0,2000
Bahrain,126,288.0,2000
Cayman Islands,160,182.0,2000
Chinese Taipei,161,171.0,2000
Suriname,162,169.0,2000
Yemen,163,168.0,2000
Tajikistan,132,279.0,2000
Sierra Leone,133,277.0,2000
Tanzania,134,272.0,2000
Fiji,135,265.0,2000
Grenada,136,263.0,2000
Luxembourg,137,257.0,2000
Belarus,106,374.0,2000
Mozambique,107,373.0,2000
Kenya,108,370.0,2000
Malawi,109,366.0,2000
Lebanon,110,365.0,2000
Malaysia,111,362.0,2000
Lesotho,144,229.0,2000
Burundi,145,223.0,2000
Ethiopia,146,219.0,2000
Bermuda,147,218.0,2000
Kazakhstan,116,333.0,2000
Malta,117,325.0,2000
Faroe Islands,118,321.0,2000
Panama,119,314.0,2000
St. Vincent and the Grenadines,120,303.0,2000
Hong Kong,121,302.0,2000
Albania,90,440.0,2000
Gabon,91,438.0,2000
El Salvador,92,435.0,2000
Barbados,93,424.0,2000
Moldova,94,415.0,2000
Northern Ireland,95,410.0,2000
St. Lucia,128,285.0,2000
Libya,129,284.0,2000
Sudan,130,282.0,2000
Solomon Islands,130,282.0,2000
Singapore,100,395.0,2000
Vietnam,101,393.0,2000
Wales,102,384.0,2000
Jordan,102,384.0,2000
Oman,104,381.0,2000
Azerbaijan,105,375.0,2000
Cuba,74,468.0,2000
Latvia,75,466.0,2000
Algeria,76,465.0,2000
Estonia,77,462.0,2000
Burkina Faso,78,457.0,2000
Senegal,79,454.0,2000
Liberia,112,358.0,2000
Venezuela,112,358.0,2000
Uganda,114,355.0,2000
India,115,342.0,2000
Guinea,84,450.0,2000
Mali,85,447.0,2000
Qatar,86,446.0,2000
Namibia,86,446.0,2000
Togo,88,445.0,2000
Armenia,89,441.0,2000
Switzerland,58,510.0,2000
Thailand,58,510.0,2000
Jamaica,60,508.0,2000
Uzbekistan,61,507.0,2000
Cyprus,62,503.0,2000
Australia,63,502.0,2000
New Zealand,95,410.0,2000
Syria,97,406.0,2000
Congo,98,402.0,2000
Indonesia,98,402.0,2000
China PR,68,487.0,2000
Costa Rica,69,486.0,2000
Congo DR,70,482.0,2000
Kuwait,71,480.0,2000
Bolivia,72,478.0,2000
Zimbabwe,73,477.0,2000
Slovenia,41,559.0,2000
Zambia,43,558.0,2000
Peru,44,550.0,2000
Angola,45,545.0,2000
Japan,46,541.0,2000
Bulgaria,47,538.0,2000
Bosnia and Herzegovina,80,453.0,2000
Haiti,81,452.0,2000
Iraq,81,452.0,2000
FYR Macedonia,83,451.0,2000
Finland,51,528.0,2000
Nigeria,53,525.0,2000
Ghana,53,525.0,2000
Canada,55,521.0,2000
Iceland,56,518.0,2000
United Arab Emirates,57,516.0,2000
Slovakia,26,606.0,2000
Tunisia,27,605.0,2000
Belgium,28,599.0,2000
Turkey,29,588.0,2000
Ukraine,30,584.0,2000
Greece,31,583.0,2000
Lithuania,63,502.0,2000
Georgia,65,498.0,2000
Ecuador,66,495.0,2000
Guatemala,67,490.0,2000
Austria,36,568.0,2000
Trinidad and Tobago,37,567.0,2000
Korea Republic,37,567.0,2000
Republic of Ireland,39,563.0,2000
IR Iran,40,561.0,2000
Poland,41,559.0,2000
Norway,10,708.0,2000
Yugoslavia,11,705.0,2000
Romania,12,701.0,2000
Mexico,13,698.0,2000
Croatia,14,694.0,2000
England,15,691.0,2000
Saudi Arabia,48,536.0,2000
Côte d'Ivoire,49,532.0,2000
Hungary,50,529.0,2000
Honduras,51,528.0,2000
USA,20,639.0,2000
Scotland,21,629.0,2000
Chile,22,625.0,2000
South Africa,23,624.0,2000
Russia,24,616.0,2000
Morocco,25,607.0,2000
Anguilla,195,35.0,2000
US Virgin Islands,197,33.0,2000
Guam,198,29.0,2000
Turks and Caicos Islands,199,22.0,2000
Bhutan,200,15.0,2000
Montserrat,201,11.0,2000
Israel,31,583.0,2000
Egypt,33,579.0,2000
Cameroon,34,571.0,2000
Uruguay,35,569.0,2000
Spain,4,744.0,2000
Argentina,4,744.0,2000
Italy,6,732.0,2000
Portugal,7,717.0,2000
Netherlands,8,713.0,2000
Germany,9,711.0,2000
Sao Tome e Principe,180,115.0,2000
Niger,181,107.0,2000
Guyana,182,105.0,2000
Aruba,183,101.0,2000
Tonga,184,98.0,2000
Belize,185,93.0,2000
Denmark,16,653.0,2000
Colombia,17,650.0,2000
Sweden,18,645.0,2000
Paraguay,19,642.0,2000
Nicaragua,190,71.0,2000
Papua New Guinea,191,65.0,2000
Brunei Darussalam,192,64.0,2000
Somalia,193,59.0,2000
Puerto Rico,194,52.0,2000
Mongolia,195,35.0,2000
Suriname,164,173.0,2000
Laos,165,171.0,2000
Nepal,166,166.0,2000
Vanuatu,167,163.0,2000
San Marino,168,159.0,2000
Cambodia,169,158.0,2000
American Samoa,202,8.0,2000
Brazil,1,825.0,2000
France,2,808.0,2000
Czech Republic,3,753.0,2000
Kyrgyz Republic,174,137.0,2000
Central African Republic,175,127.0,2000
Guinea-Bissau,176,126.0,2000
Bahamas,177,117.0,2000
Philippines,178,116.0,2000
Macau,178,116.0,2000
Benin,148,240.0,2000
Sri Lanka,149,227.0,2000
Botswana,150,226.0,2000
Bangladesh,151,223.0,2000
Dominica,152,222.0,2000
Bermuda,153,219.0,2000
Equatorial Guinea,186,90.0,2000
Seychelles,187,84.0,2000
Djibouti,188,80.0,2000
Pakistan,189,73.0,2000
Eritrea,158,196.0,2000
Cayman Islands,159,194.0,2000
Yemen,160,191.0,2000
Mauritania,161,189.0,2000
Chinese Taipei,162,186.0,2000
Chad,163,174.0,2000
Sudan,132,284.0,2000
Ethiopia,133,282.0,2000
Tajikistan,134,281.0,2000
St. Lucia,135,275.0,2000
Lesotho,136,272.0,2000
Eswatini,137,269.0,2000
Cook Islands,170,157.0,2000
Palestine,171,152.0,2000
British Virgin Islands,172,144.0,2000
Samoa,173,140.0,2000
Korea DPR,142,250.0,2000
Grenada,143,244.0,2000
Antigua and Barbuda,143,244.0,2000
Andorra,145,243.0,2000
St. Kitts and Nevis,145,243.0,2000
Liechtenstein,147,242.0,2000
Libya,116,347.0,2000
Faroe Islands,117,335.0,2000
Mauritius,118,332.0,2000
Malta,119,325.0,2000
Kazakhstan,120,323.0,2000
Panama,121,319.0,2000
Maldives,154,216.0,2000
Gambia,154,216.0,2000
Cape Verde Islands,156,210.0,2000
Dominican Republic,157,207.0,2000
Burundi,126,304.0,2000
St. Vincent and the Grenadines,127,303.0,2000
Rwanda,128,300.0,2000
Sierra Leone,129,291.0,2000
Solomon Islands,130,289.0,2000
Tahiti,131,288.0,2000
Syria,100,413.0,2000
Singapore,101,412.0,2000
Qatar,102,409.0,2000
Uganda,102,409.0,2000
Barbados,104,407.0,2000
Jordan,105,401.0,2000
Bahrain,138,266.0,2000
Luxembourg,138,266.0,2000
Tanzania,140,262.0,2000
Fiji,141,251.0,2000
Lebanon,110,383.0,2000
Venezuela,111,377.0,2000
Mozambique,112,363.0,2000
Malawi,113,357.0,2000
Madagascar,114,355.0,2000
Azerbaijan,115,348.0,2000
Haiti,83,460.0,2000
Lithuania,85,457.0,2000
Congo,86,455.0,2000
Namibia,87,453.0,2000
Senegal,88,451.0,2000
Gabon,89,442.0,2000
India,122,315.0,2000
Hong Kong,123,311.0,2000
Myanmar,124,308.0,2000
Turkmenistan,125,305.0,2000
Moldova,94,430.0,2000
Liberia,95,428.0,2000
Belarus,95,428.0,2000
Indonesia,97,427.0,2000
Mali,98,424.0,2000
Vietnam,99,420.0,2000
Zimbabwe,68,493.0,2000
Burkina Faso,69,487.0,2000
Congo DR,69,487.0,2000
Uzbekistan,71,483.0,2000
Albania,72,480.0,2000
Australia,72,480.0,2000
Oman,106,395.0,2000
Malaysia,107,390.0,2000
Kenya,107,390.0,2000
Wales,109,387.0,2000
Bosnia and Herzegovina,78,472.0,2000
Iraq,79,471.0,2000
Guinea,79,471.0,2000
Togo,81,469.0,2000
Algeria,82,465.0,2000
El Salvador,83,460.0,2000
Nigeria,52,547.0,2000
Bulgaria,53,540.0,2000
Ecuador,53,540.0,2000
Angola,55,539.0,2000
Guatemala,56,532.0,2000
Ghana,57,531.0,2000
Armenia,90,441.0,2000
New Zealand,90,441.0,2000
Latvia,92,438.0,2000
Northern Ireland,93,437.0,2000
Cyprus,62,520.0,2000
Canada,63,516.0,2000
United Arab Emirates,64,512.0,2000
Bolivia,65,509.0,2000
Georgia,66,508.0,2000
Estonia,67,499.0,2000
Saudi Arabia,36,585.0,2000
IR Iran,36,585.0,2000
Japan,38,584.0,2000
Cameroon,39,581.0,2000
Korea Republic,40,579.0,2000
Israel,41,578.0,2000
Kuwait,74,479.0,2000
China PR,74,479.0,2000
FYR Macedonia,76,476.0,2000
Cuba,77,475.0,2000
Honduras,46,557.0,2000
Hungary,47,556.0,2000
Jamaica,48,555.0,2000
Zambia,48,555.0,2000
Iceland,50,554.0,2000
Côte d'Ivoire,51,550.0,2000
South Africa,20,635.0,2000
Russia,21,634.0,2000
Denmark,22,625.0,2000
Sweden,22,625.0,2000
Slovakia,24,614.0,2000
Scotland,25,613.0,2000
Switzerland,57,531.0,2000
Finland,59,530.0,2000
Costa Rica,60,528.0,2000
Thailand,61,521.0,2000
Turkey,30,599.0,2000
Republic of Ireland,31,596.0,2000
Uruguay,32,590.0,2000
Egypt,33,589.0,2000
Ukraine,34,587.0,2000
Slovenia,35,586.0,2000
Italy,4,742.0,2000
Czech Republic,4,742.0,2000
Portugal,6,738.0,2000
Spain,7,735.0,2000
Netherlands,8,709.0,2000
Yugoslavia,9,707.0,2000
Greece,42,574.0,2000
Poland,43,573.0,2000
Austria,44,572.0,2000
Peru,45,560.0,2000
Mongolia,196,30.0,2000
Anguilla,197,29.0,2000
Turks and Caicos Islands,198,22.0,2000
Guam,199,14.0,2000
Montserrat,200,11.0,2000
American Samoa,201,8.0,2000
British Virgin Islands,170,144.0,2000
Palestine,171,141.0,2000
Eritrea,172,136.0,2000
Samoa,173,134.0,2000
Guinea-Bissau,174,131.0,2000
Niger,175,124.0,2000
Tunisia,26,611.0,2000
Belgium,27,610.0,2000
Morocco,28,602.0,2000
Trinidad and Tobago,29,600.0,2000
Pakistan,186,81.0,2000
Papua New Guinea,187,71.0,2000
Nicaragua,187,71.0,2000
Brunei Darussalam,187,71.0,2000
Seychelles,190,68.0,2000
Equatorial Guinea,191,66.0,2000
Bermuda,160,209.0,2001
Cayman Islands,161,207.0,2001
Cape Verde Islands,162,206.0,2001
Somalia,195,56.0,2001
Puerto Rico,196,55.0,2001
US Virgin Islands,197,48.0,2001
Guam,198,27.0,2001
Turks and Caicos Islands,199,21.0,2001
American Samoa,200,16.0,2001
Palestine,146,253.0,2001
Central African Republic,179,121.0,2001
St. Lucia,128,327.0,2001
St. Kitts and Nevis,129,324.0,2001
St. Vincent and the Grenadines,130,323.0,2001
Dominican Republic,162,206.0,2001
British Virgin Islands,164,202.0,2001
Tanzania,152,239.0,2001
Antigua and Barbuda,153,235.0,2001
Botswana,154,230.0,2001
Benin,155,225.0,2001
Nepal,156,220.0,2001
Mauritius,125,341.0,2001
Tahiti,126,336.0,2001
Lesotho,127,329.0,2001
Ethiopia,144,262.0,2001
Andorra,145,255.0,2001
Equatorial Guinea,189,86.0,2001
Seychelles,191,79.0,2001
Djibouti,192,76.0,2001
Anguilla,193,65.0,2001
Papua New Guinea,194,61.0,2001
San Marino,159,213.0,2001
Malawi,120,357.0,2001
Mozambique,121,353.0,2001
Sudan,122,351.0,2001
Fiji,123,349.0,2001
Madagascar,124,348.0,2001
Syria,93,456.0,2001
Lithuania,94,455.0,2001
Latvia,95,453.0,2001
Guinea,96,451.0,2001
Armenia,97,449.0,2001
Namibia,97,449.0,2001
Eswatini,130,323.0,2001
Sierra Leone,132,314.0,2001
Malta,133,312.0,2001
Hong Kong,134,310.0,2001
Solomon Islands,135,309.0,2001
Kazakhstan,104,421.0,2001
Wales,105,416.0,2001
Northern Ireland,106,413.0,2001
Barbados,107,412.0,2001
Singapore,108,410.0,2001
FYR Macedonia,77,498.0,2001
Canada,78,496.0,2001
Georgia,79,495.0,2001
Estonia,80,493.0,2001
Congo DR,81,488.0,2001
Cuba,82,483.0,2001
Turkmenistan,115,377.0,2001
Venezuela,115,377.0,2001
India,117,376.0,2001
Bahrain,118,363.0,2001
Faroe Islands,119,359.0,2001
Indonesia,88,470.0,2001
Gabon,89,469.0,2001
Qatar,89,469.0,2001
Oman,91,467.0,2001
Congo,92,460.0,2001
Thailand,61,541.0,2001
Switzerland,62,539.0,2001
China PR,63,527.0,2001
Uzbekistan,63,527.0,2001
Togo,65,520.0,2001
Liberia,66,519.0,2001
Lebanon,99,440.0,2001
Jordan,100,437.0,2001
Vietnam,100,437.0,2001
Kenya,102,423.0,2001
Moldova,103,422.0,2001
Algeria,72,505.0,2001
Kuwait,72,505.0,2001
Iraq,74,504.0,2001
Bosnia and Herzegovina,75,501.0,2001
Cyprus,76,500.0,2001
Jamaica,45,584.0,2001
Australia,46,583.0,2001
Ukraine,47,579.0,2001
Honduras,48,578.0,2001
Bulgaria,49,577.0,2001
Ecuador,50,571.0,2001
Haiti,83,482.0,2001
Belarus,84,480.0,2001
Albania,85,475.0,2001
New Zealand,85,475.0,2001
El Salvador,87,473.0,2001
Angola,56,555.0,2001
Greece,57,552.0,2001
Guatemala,58,548.0,2001
Finland,59,545.0,2001
Zambia,59,545.0,2001
Saudi Arabia,28,621.0,2001
Uruguay,30,620.0,2001
Chile,31,619.0,2001
Japan,32,614.0,2001
Costa Rica,33,610.0,2001
Cameroon,34,609.0,2001
United Arab Emirates,67,518.0,2001
Zimbabwe,67,518.0,2001
Bolivia,69,516.0,2001
Senegal,70,509.0,2001
Burkina Faso,71,506.0,2001
Nigeria,39,599.0,2001
Slovenia,39,599.0,2001
Côte d'Ivoire,42,594.0,2001
Austria,43,592.0,2001
Israel,44,586.0,2001
Mexico,13,687.0,2001
Colombia,14,682.0,2001
England,14,682.0,2001
USA,16,672.0,2001
Denmark,17,670.0,2001
Croatia,18,668.0,2001
IR Iran,51,566.0,2001
Iceland,52,565.0,2001
Peru,53,560.0,2001
Hungary,54,559.0,2001
Ghana,55,557.0,2001
Poland,24,638.0,2001
South Africa,25,633.0,2001
Belgium,26,631.0,2001
Trinidad and Tobago,27,622.0,2001
Morocco,28,621.0,2001
Turks and Caicos Islands,199,19.0,2001
American Samoa,200,16.0,2001
Bhutan,201,13.0,2001
Montserrat,202,10.0,2001
France,1,810.0,2001
Brazil,2,795.0,2001
Slovakia,35,608.0,2001
Turkey,35,608.0,2001
Scotland,37,606.0,2001
Egypt,38,602.0,2001
Korea Republic,39,599.0,2001
Paraguay,8,711.0,2001
Czech Republic,9,709.0,2001
Netherlands,10,695.0,2001
Romania,11,689.0,2001
Yugoslavia,12,688.0,2001
Bahamas,183,106.0,2001
Aruba,184,101.0,2001
Sao Tome e Principe,185,100.0,2001
Mongolia,186,94.0,2001
Nicaragua,187,89.0,2001
Brunei Darussalam,188,86.0,2001
Sweden,19,659.0,2001
Russia,20,658.0,2001
Norway,21,654.0,2001
Tunisia,22,647.0,2001
Republic of Ireland,23,640.0,2001
Puerto Rico,194,55.0,2001
Papua New Guinea,195,52.0,2001
Somalia,196,49.0,2001
US Virgin Islands,197,48.0,2001
Guam,198,25.0,2001
Belize,167,187.0,2001
Vanuatu,168,182.0,2001
Cambodia,169,180.0,2001
Chinese Taipei,170,175.0,2001
Eritrea,171,169.0,2001
Samoa,172,158.0,2001
Argentina,3,764.0,2001
Italy,4,735.0,2001
Germany,5,726.0,2001
Spain,6,715.0,2001
Portugal,7,712.0,2001
Guyana,177,147.0,2001
Cook Islands,179,143.0,2001
Macau,180,113.0,2001
Pakistan,181,109.0,2001
Central African Republic,181,109.0,2001
Myanmar,151,238.0,2001
Benin,152,232.0,2001
Botswana,153,230.0,2001
Tajikistan,154,229.0,2001
Ethiopia,155,228.0,2001
Nepal,156,220.0,2001
Equatorial Guinea,189,78.0,2001
Niger,190,72.0,2001
Seychelles,191,69.0,2001
Djibouti,192,68.0,2001
Anguilla,193,65.0,2001
Laos,162,203.0,2001
British Virgin Islands,163,202.0,2001
Kyrgyz Republic,164,201.0,2001
Cayman Islands,165,195.0,2001
Bermuda,166,192.0,2001
Yemen,135,304.0,2001
Korea DPR,136,294.0,2001
Hong Kong,137,290.0,2001
Sierra Leone,137,290.0,2001
Burundi,137,290.0,2001
Andorra,140,274.0,2001
Tonga,173,151.0,2001
Guinea-Bissau,174,150.0,2001
Philippines,175,149.0,2001
Chad,176,148.0,2001
Mauritania,177,147.0,2001
Bangladesh,146,249.0,2001
Maldives,147,248.0,2001
Gambia,147,248.0,2001
Tanzania,149,246.0,2001
Liechtenstein,150,242.0,2001
Uganda,119,369.0,2001
Malawi,120,365.0,2001
India,121,362.0,2001
Madagascar,122,361.0,2001
Fiji,123,349.0,2001
Mauritius,124,344.0,2001
Antigua and Barbuda,157,217.0,2001
San Marino,158,211.0,2001
Cape Verde Islands,159,208.0,2001
Dominican Republic,160,204.0,2001
Dominica,160,204.0,2001
St. Lucia,130,327.0,2001
Malta,131,325.0,2001
Eswatini,132,323.0,2001
Grenada,133,312.0,2001
Solomon Islands,134,309.0,2001
Moldova,103,437.0,2001
Kenya,103,437.0,2001
Vietnam,105,430.0,2001
Latvia,106,428.0,2001
Barbados,107,421.0,2001
Guinea,108,413.0,2001
Suriname,141,268.0,2001
Luxembourg,142,261.0,2001
Sri Lanka,143,255.0,2001
Rwanda,143,255.0,2001
Palestine,145,253.0,2001
Turkmenistan,113,390.0,2001
Singapore,115,387.0,2001
Libya,116,384.0,2001
Faroe Islands,117,374.0,2001
Sudan,118,373.0,2001
Indonesia,87,467.0,2001
Northern Ireland,88,465.0,2001
FYR Macedonia,89,464.0,2001
Syria,89,464.0,2001
Oman,91,462.0,2001
Canada,92,458.0,2001
St. Vincent and the Grenadines,125,337.0,2001
Lesotho,126,336.0,2001
Tahiti,126,336.0,2001
Mozambique,128,334.0,2001
St. Kitts and Nevis,129,329.0,2001
Kazakhstan,98,442.0,2001
Jordan,98,442.0,2001
Wales,100,441.0,2001
Namibia,101,440.0,2001
Gabon,102,438.0,2001
Togo,69,522.0,2001
Iraq,72,515.0,2001
Liberia,72,515.0,2001
Kuwait,74,512.0,2001
Algeria,75,510.0,2001
Cuba,76,509.0,2001
Panama,109,400.0,2001
Bahrain,109,400.0,2001
Malaysia,111,397.0,2001
Mali,112,391.0,2001
Azerbaijan,113,390.0,2001
Haiti,82,492.0,2001
Estonia,83,477.0,2001
New Zealand,83,477.0,2001
Belarus,85,474.0,2001
El Salvador,86,468.0,2001
Angola,55,564.0,2001
Austria,56,558.0,2001
Greece,57,556.0,2001
Georgia,58,552.0,2001
Ghana,59,551.0,2001
United Arab Emirates,60,549.0,2001
Lebanon,93,455.0,2001
Congo,94,454.0,2001
Armenia,95,449.0,2001
Albania,96,448.0,2001
Lithuania,97,447.0,2001
Hungary,66,537.0,2001
Guatemala,67,536.0,2001
Zimbabwe,68,533.0,2001
Bosnia and Herzegovina,69,522.0,2001
Bolivia,69,522.0,2001
Chile,39,604.0,2001
Nigeria,39,604.0,2001
Egypt,41,602.0,2001
Korea Republic,42,599.0,2001
Peru,43,598.0,2001
Côte d'Ivoire,44,596.0,2001
Congo DR,76,509.0,2001
Burkina Faso,78,502.0,2001
Cyprus,79,500.0,2001
Qatar,80,497.0,2001
Venezuela,81,493.0,2001
Scotland,50,577.0,2001
Bulgaria,51,576.0,2001
Iceland,52,569.0,2001
Jamaica,53,567.0,2001
China PR,54,565.0,2001
Turkey,23,663.0,2001
USA,24,662.0,2001
Slovenia,25,650.0,2001
Norway,25,650.0,2001
Honduras,25,650.0,2001
Tunisia,28,648.0,2001
Thailand,61,544.0,2001
Uzbekistan,62,542.0,2001
Switzerland,63,540.0,2001
Zambia,63,540.0,2001
Senegal,65,539.0,2001
Japan,34,626.0,2001
South Africa,34,626.0,2001
Morocco,36,623.0,2001
Ecuador,37,613.0,2001
Cameroon,38,609.0,2001
Spain,7,730.0,2001
Netherlands,8,722.0,2001
Mexico,9,714.0,2001
England,10,712.0,2001
Yugoslavia,11,710.0,2001
Germany,12,707.0,2001
Ukraine,45,593.0,2001
Finland,46,588.0,2001
Slovakia,46,588.0,2001
Australia,48,586.0,2001
Israel,49,583.0,2001
Sao Tome e Principe,183,110.0,2001
Pakistan,184,106.0,2001
Aruba,185,101.0,2001
Niger,186,95.0,2001
Mongolia,187,94.0,2001
Samoa,174,158.0,2001
Guyana,175,154.0,2001
Cook Islands,176,152.0,2001
Tonga,177,151.0,2001
Philippines,178,143.0,2001
Brunei Darussalam,189,86.0,2001
IR Iran,29,642.0,2001
Costa Rica,30,635.0,2001
Saudi Arabia,31,632.0,2001
Trinidad and Tobago,32,630.0,2001
Poland,33,629.0,2001
Portugal,4,741.0,2001
Colombia,5,739.0,2001
Italy,6,734.0,2001
Paraguay,13,691.0,2001
Czech Republic,14,689.0,2001
Romania,15,688.0,2001
Sweden,16,676.0,2001
Republic of Ireland,17,672.0,2001
Denmark,17,672.0,2001
Croatia,19,668.0,2001
Belgium,20,666.0,2001
Russia,21,665.0,2001
Uruguay,22,664.0,2001
Guinea-Bissau,180,115.0,2001
Macau,180,115.0,2001
Bahamas,182,111.0,2001
Kyrgyz Republic,165,196.0,2001
Laos,166,194.0,2001
Belize,167,187.0,2001
Eritrea,167,187.0,2001
Chinese Taipei,169,182.0,2001
Vanuatu,169,182.0,2001
Cambodia,171,178.0,2001
Mauritania,172,172.0,2001
Tajikistan,141,271.0,2001
Suriname,142,268.0,2001
Luxembourg,143,263.0,2001
Bhutan,201,14.0,2001
Montserrat,202,11.0,2001
Chad,173,165.0,2001
Argentina,2,802.0,2001
Brazil,3,793.0,2001
Burundi,136,305.0,2001
Grenada,137,298.0,2001
Yemen,138,295.0,2001
Rwanda,139,286.0,2001
Myanmar,140,283.0,2001
Malaysia,109,404.0,2001
Mali,110,399.0,2001
Uganda,111,390.0,2001
Panama,112,388.0,2001
Azerbaijan,113,383.0,2001
Libya,114,380.0,2001
Bangladesh,147,251.0,2001
Maldives,148,248.0,2001
Liechtenstein,149,246.0,2001
Sri Lanka,149,246.0,2001
Korea DPR,151,245.0,2001
Gambia,158,215.0,2001
Dominica,157,216.0,2001
Nicaragua,188,89.0,2001
France,1,812.0,2001
Brazil,1,856.0,2002
Palestine,147,243.0,2002
Maldives,148,241.0,2002
Benin,149,237.0,2002
Macau,182,106.0,2002
Central African Republic,183,104.0,2002
Bahamas,184,101.0,2002
Aruba,185,96.0,2002
Sao Tome e Principe,186,95.0,2002
Mongolia,187,90.0,2002
Nicaragua,188,85.0,2002
Brunei Darussalam,189,81.0,2002
Equatorial Guinea,190,74.0,2002
Djibouti,191,71.0,2002
Cape Verde Islands,160,197.0,2002
Samoa,161,195.0,2002
British Virgin Islands,162,193.0,2002
St. Vincent and the Grenadines,131,318.0,2002
Rwanda,132,317.0,2002
Ethiopia,133,316.0,2002
Kyrgyz Republic,166,190.0,2002
Bermuda,167,183.0,2002
Cayman Islands,168,182.0,2002
Eritrea,169,179.0,2002
Vanuatu,170,174.0,2002
Cambodia,171,171.0,2002
Chinese Taipei,172,166.0,2002
Tonga,173,157.0,2002
Guinea-Bissau,174,146.0,2002
Chad,175,141.0,2002
Sierra Leone,144,270.0,2002
Luxembourg,145,254.0,2002
Suriname,146,253.0,2002
Turkmenistan,115,367.0,2002
Azerbaijan,116,366.0,2002
Malta,116,366.0,2002
Liechtenstein,150,236.0,2002
Bangladesh,151,235.0,2002
Tanzania,152,232.0,2002
Myanmar,153,225.0,2002
Gambia,154,221.0,2002
Tajikistan,155,214.0,2002
Nepal,156,209.0,2002
Antigua and Barbuda,157,205.0,2002
Belize,158,202.0,2002
San Marino,159,200.0,2002
Mauritius,128,327.0,2002
Burundi,129,320.0,2002
Tahiti,130,319.0,2002
Jordan,98,427.0,2002
Lithuania,98,427.0,2002
Armenia,101,426.0,2002
St. Kitts and Nevis,134,313.0,2002
St. Lucia,135,310.0,2002
Botswana,136,306.0,2002
Lesotho,137,305.0,2002
Grenada,138,299.0,2002
Solomon Islands,139,293.0,2002
Yemen,140,291.0,2002
Andorra,141,286.0,2002
Sri Lanka,142,285.0,2002
Hong Kong,143,272.0,2002
Panama,111,378.0,2002
Singapore,111,378.0,2002
Malawi,114,377.0,2002
Belarus,83,481.0,2002
Haiti,84,479.0,2002
Estonia,85,478.0,2002
Libya,118,365.0,2002
Madagascar,119,359.0,2002
Faroe Islands,120,358.0,2002
Uganda,121,353.0,2002
Sudan,122,349.0,2002
Eswatini,123,347.0,2002
India,124,341.0,2002
Korea DPR,125,340.0,2002
Mozambique,126,334.0,2002
Fiji,127,332.0,2002
Latvia,96,433.0,2002
Lebanon,97,429.0,2002
Congo,98,427.0,2002
Hungary,67,511.0,2002
Canada,68,507.0,2002
Iraq,68,507.0,2002
Kazakhstan,102,418.0,2002
Moldova,103,415.0,2002
Kenya,104,414.0,2002
Bahrain,105,409.0,2002
Gabon,105,409.0,2002
Namibia,105,409.0,2002
Vietnam,108,405.0,2002
Barbados,109,396.0,2002
Guinea,110,388.0,2002
Malaysia,111,378.0,2002
Cuba,80,489.0,2002
Venezuela,81,487.0,2002
Cyprus,82,486.0,2002
China PR,51,549.0,2002
Israel,52,547.0,2002
Iceland,53,544.0,2002
Mali,86,471.0,2002
El Salvador,87,455.0,2002
New Zealand,88,452.0,2002
Northern Ireland,89,448.0,2002
FYR Macedonia,90,447.0,2002
Oman,91,446.0,2002
Wales,91,446.0,2002
Indonesia,93,441.0,2002
Syria,94,438.0,2002
Albania,95,437.0,2002
Switzerland,64,518.0,2002
Guatemala,65,517.0,2002
Zambia,66,513.0,2002
Slovenia,35,632.0,2002
Tunisia,36,626.0,2002
Norway,37,625.0,2002
Qatar,68,507.0,2002
Uzbekistan,68,507.0,2002
Togo,72,502.0,2002
Bosnia and Herzegovina,73,497.0,2002
Bolivia,74,496.0,2002
Kuwait,75,494.0,2002
Congo DR,76,493.0,2002
Burkina Faso,77,491.0,2002
Liberia,77,491.0,2002
Algeria,79,490.0,2002
Peru,48,563.0,2002
Greece,49,555.0,2002
Australia,50,552.0,2002
Belgium,19,678.0,2002
Sweden,20,674.0,2002
Czech Republic,21,670.0,2002
Bulgaria,54,542.0,2002
Georgia,55,541.0,2002
Scotland,55,541.0,2002
Ghana,57,537.0,2002
Austria,58,533.0,2002
Jamaica,58,533.0,2002
Angola,60,531.0,2002
United Arab Emirates,61,528.0,2002
Thailand,62,527.0,2002
Zimbabwe,63,524.0,2002
Senegal,31,637.0,2002
IR Iran,33,634.0,2002
South Africa,33,634.0,2002
France,2,784.0,2002
Spain,4,774.0,2002
Germany,5,765.0,2002
Saudi Arabia,38,623.0,2002
Poland,39,621.0,2002
Morocco,40,606.0,2002
Finland,41,601.0,2002
Trinidad and Tobago,41,601.0,2002
Ukraine,43,595.0,2002
Egypt,44,591.0,2002
Chile,45,584.0,2002
Slovakia,46,581.0,2002
Côte d'Ivoire,47,566.0,2002
Yugoslavia,16,689.0,2002
Cameroon,17,680.0,2002
Paraguay,18,679.0,2002
Somalia,188,87.0,2002
Sao Tome e Principe,190,84.0,2002
Equatorial Guinea,191,82.0,2002
Korea Republic,22,664.0,2002
Uruguay,23,662.0,2002
Japan,24,658.0,2002
Romania,25,657.0,2002
Costa Rica,26,656.0,2002
Croatia,27,653.0,2002
Russia,28,644.0,2002
Nigeria,29,642.0,2002
Honduras,30,640.0,2002
Ecuador,31,637.0,2002
Montserrat,202,8.0,2002
Brazil,1,852.0,2002
Argentina,2,784.0,2002
Chad,173,160.0,2002
Dominica,174,159.0,2002
Tonga,175,157.0,2002
Mexico,6,739.0,2002
Portugal,7,731.0,2002
England,8,728.0,2002
Colombia,9,725.0,2002
Italy,10,720.0,2002
USA,11,712.0,2002
Turkey,12,707.0,2002
Denmark,13,704.0,2002
Republic of Ireland,14,699.0,2002
Netherlands,15,697.0,2002
Bahamas,186,90.0,2002
Macau,186,90.0,2002
Aruba,188,87.0,2002
Eritrea,157,205.0,2002
Belize,158,200.0,2002
Bangladesh,159,199.0,2002
Mongolia,192,81.0,2002
Brunei Darussalam,193,70.0,2002
Djibouti,194,63.0,2002
Anguilla,195,61.0,2002
US Virgin Islands,196,51.0,2002
Puerto Rico,197,43.0,2002
Bhutan,198,36.0,2002
Guam,199,21.0,2002
American Samoa,200,19.0,2002
Turks and Caicos Islands,201,16.0,2002
Laos,170,163.0,2002
Kyrgyz Republic,171,162.0,2002
Bermuda,172,161.0,2002
Suriname,141,283.0,2002
Solomon Islands,142,272.0,2002
Gambia,143,271.0,2002
Cambodia,176,149.0,2002
Pakistan,177,128.0,2002
Central African Republic,178,127.0,2002
Mauritania,179,123.0,2002
Philippines,180,122.0,2002
Cook Islands,181,120.0,2002
Guinea-Bissau,182,118.0,2002
Niger,183,110.0,2002
Seychelles,184,104.0,2002
Nicaragua,185,101.0,2002
Cape Verde Islands,154,221.0,2002
Antigua and Barbuda,155,215.0,2002
Vanuatu,156,212.0,2002
Mozambique,125,335.0,2002
Mauritius,126,334.0,2002
India,127,330.0,2002
San Marino,159,199.0,2002
British Virgin Islands,161,195.0,2002
Myanmar,161,195.0,2002
Samoa,161,195.0,2002
Cayman Islands,164,188.0,2002
Nepal,165,182.0,2002
Chinese Taipei,166,179.0,2002
Papua New Guinea,167,177.0,2002
Tajikistan,167,177.0,2002
Guyana,169,167.0,2002
Ethiopia,138,300.0,2002
Sri Lanka,139,295.0,2002
Fiji,140,290.0,2002
St. Kitts and Nevis,109,391.0,2002
Indonesia,110,389.0,2002
Moldova,111,386.0,2002
St. Vincent and the Grenadines,144,270.0,2002
Yemen,145,260.0,2002
Benin,146,259.0,2002
Liechtenstein,147,258.0,2002
Luxembourg,148,254.0,2002
Dominican Republic,149,232.0,2002
Hong Kong,150,226.0,2002
Palestine,150,226.0,2002
Maldives,152,224.0,2002
Tanzania,152,224.0,2002
Malta,122,352.0,2002
Namibia,123,337.0,2002
Korea DPR,124,336.0,2002
Albania,93,428.0,2002
El Salvador,94,427.0,2002
Malawi,95,426.0,2002
Malaysia,127,330.0,2002
Panama,129,326.0,2002
Rwanda,129,326.0,2002
Grenada,131,317.0,2002
Lesotho,132,314.0,2002
Sierra Leone,133,312.0,2002
Turkmenistan,134,311.0,2002
Burundi,135,309.0,2002
Botswana,136,306.0,2002
Andorra,137,303.0,2002
Sudan,106,401.0,2002
Armenia,107,399.0,2002
Vietnam,108,392.0,2002
Jordan,77,481.0,2002
Guatemala,78,480.0,2002
Latvia,78,480.0,2002
St. Lucia,112,384.0,2002
Azerbaijan,113,383.0,2002
Faroe Islands,113,383.0,2002
Tahiti,113,383.0,2002
Eswatini,116,381.0,2002
Kazakhstan,117,374.0,2002
Singapore,118,373.0,2002
Lebanon,119,371.0,2002
Guinea,120,365.0,2002
Gabon,121,358.0,2002
Georgia,90,456.0,2002
Syria,91,449.0,2002
Bolivia,92,433.0,2002
Ghana,60,525.0,2002
Qatar,62,519.0,2002
China PR,63,512.0,2002
Oman,95,426.0,2002
Congo,97,422.0,2002
Uzbekistan,98,421.0,2002
Barbados,99,419.0,2002
Lithuania,100,418.0,2002
Madagascar,101,415.0,2002
Uganda,102,414.0,2002
Northern Ireland,103,413.0,2002
Libya,104,412.0,2002
Bahrain,105,410.0,2002
Belarus,74,489.0,2002
Burkina Faso,75,487.0,2002
Angola,76,485.0,2002
Ukraine,45,575.0,2002
Israel,46,568.0,2002
Trinidad and Tobago,47,567.0,2002
Cyprus,80,477.0,2002
Kenya,80,477.0,2002
Peru,82,472.0,2002
Kuwait,83,470.0,2002
Chile,84,468.0,2002
FYR Macedonia,85,466.0,2002
Togo,85,466.0,2002
Bosnia and Herzegovina,87,462.0,2002
Liberia,88,461.0,2002
United Arab Emirates,89,458.0,2002
Iceland,58,528.0,2002
Scotland,58,528.0,2002
Estonia,60,525.0,2002
Nigeria,29,642.0,2002
South Africa,30,636.0,2002
Ecuador,31,634.0,2002
Côte d'Ivoire,64,510.0,2002
Congo DR,65,509.0,2002
Thailand,66,506.0,2002
Zambia,66,506.0,2002
Algeria,68,505.0,2002
Venezuela,69,501.0,2002
Canada,70,500.0,2002
Cuba,71,496.0,2002
Haiti,71,496.0,2002
Mali,73,490.0,2002
Bulgaria,42,582.0,2002
Finland,43,580.0,2002
Switzerland,44,576.0,2002
Italy,13,705.0,2002
Republic of Ireland,14,697.0,2002
Czech Republic,15,687.0,2002
Greece,48,563.0,2002
New Zealand,49,561.0,2002
Australia,50,557.0,2002
Jamaica,51,555.0,2002
Wales,52,554.0,2002
Iraq,53,549.0,2002
Austria,54,541.0,2002
Slovakia,55,535.0,2002
Hungary,56,533.0,2002
Zimbabwe,56,533.0,2002
Norway,26,648.0,2002
Senegal,27,646.0,2002
Uruguay,28,643.0,2002
Croatia,32,629.0,2002
IR Iran,33,628.0,2002
Poland,33,628.0,2002
Morocco,35,621.0,2002
Slovenia,36,620.0,2002
Colombia,37,617.0,2002
Saudi Arabia,38,608.0,2002
Egypt,39,592.0,2002
Honduras,40,591.0,2002
Tunisia,41,586.0,2002
USA,10,723.0,2002
Portugal,11,710.0,2002
Denmark,12,707.0,2002
Germany,4,761.0,2002
Argentina,5,751.0,2002
Netherlands,6,746.0,2002
England,7,734.0,2002
Mexico,8,732.0,2002
Turkey,9,729.0,2002
Cameroon,16,685.0,2002
Belgium,17,682.0,2002
Paraguay,18,679.0,2002
Serbia and Montenegro,19,678.0,2002
Korea Republic,20,669.0,2002
Costa Rica,21,652.0,2002
Japan,22,650.0,2002
Russia,22,650.0,2002
Romania,24,649.0,2002
Sweden,24,649.0,2002
Dominican Republic,163,192.0,2002
Dominica,164,191.0,2002
Laos,164,191.0,2002
Bhutan,198,32.0,2002
Guam,199,24.0,2002
American Samoa,200,19.0,2002
Turks and Caicos Islands,201,18.0,2002
Montserrat,202,9.0,2002
Philippines,175,141.0,2002
Guyana,177,140.0,2002
Cook Islands,178,136.0,2002
Mauritania,179,134.0,2002
Papua New Guinea,180,132.0,2002
Pakistan,181,128.0,2002
Somalia,192,66.0,2002
Niger,193,65.0,2002
Seychelles,193,65.0,2002
France,2,787.0,2002
Spain,3,779.0,2002
Anguilla,195,62.0,2002
Puerto Rico,196,52.0,2002
US Virgin Islands,197,45.0,2002
British Virgin Islands,168,182.0,2003
Belize,167,184.0,2003
Niger,166,192.0,2003
Nepal,165,209.0,2003
Laos,164,210.0,2003
Djibouti,195,61.0,2003
Aruba,194,80.0,2003
Sao Tome e Principe,193,81.0,2003
Brunei Darussalam,192,83.0,2003
Somalia,191,85.0,2003
Bhutan,190,89.0,2003
Bahamas,189,101.0,2003
Guinea-Bissau,188,108.0,2003
Cameroon,14,712.0,2003
Denmark,13,715.0,2003
Germany,12,729.0,2003
Cayman Islands,174,168.0,2003
Nicaragua,173,173.0,2003
Kyrgyz Republic,172,176.0,2003
Cook Islands,187,114.0,2003
Philippines,186,124.0,2003
Luxembourg,153,246.0,2003
Mongolia,184,138.0,2003
Dominica,183,145.0,2003
Tonga,182,147.0,2003
Bermuda,181,150.0,2003
Tajikistan,180,157.0,2003
Montserrat,203,8.0,2003
Turks and Caicos Islands,202,16.0,2003
Papua New Guinea,168,182.0,2003
Brazil,1,848.0,2003
Gambia,137,312.0,2003
Andorra,142,298.0,2003
Sri Lanka,140,304.0,2003
Fiji,140,304.0,2003
Myanmar,139,305.0,2003
Burundi,138,309.0,2003
Azerbaijan,105,409.0,2003
Hong Kong,136,316.0,2003
Namibia,135,323.0,2003
Sierra Leone,134,324.0,2003
Ethiopia,133,329.0,2003
Malta,132,338.0,2003
San Marino,163,211.0,2003
Chinese Taipei,162,212.0,2003
Pakistan,161,215.0,2003
Antigua and Barbuda,160,220.0,2003
Chad,159,222.0,2003
Tahiti,126,368.0,2003
St. Kitts and Nevis,124,369.0,2003
Lebanon,124,369.0,2003
Benin,123,372.0,2003
Lesotho,122,373.0,2003
Haiti,88,462.0,2003
Malaysia,119,391.0,2003
Korea DPR,119,391.0,2003
Panama,118,393.0,2003
Oman,117,395.0,2003
St. Lucia,116,396.0,2003
Liechtenstein,147,280.0,2003
Bangladesh,146,284.0,2003
Cape Verde Islands,145,288.0,2003
Turkmenistan,144,292.0,2003
Grenada,143,294.0,2003
Rwanda,110,403.0,2003
Guinea,109,408.0,2003
Sudan,105,409.0,2003
Moldova,105,409.0,2003
Madagascar,105,409.0,2003
China PR,73,505.0,2003
Bahrain,104,414.0,2003
Eswatini,103,416.0,2003
Malawi,102,418.0,2003
Uganda,101,420.0,2003
Congo,100,424.0,2003
India,131,349.0,2003
Mozambique,130,351.0,2003
Kazakhstan,129,353.0,2003
Mauritius,128,358.0,2003
Botswana,127,367.0,2003
Lithuania,94,440.0,2003
Syria,93,441.0,2003
Kuwait,92,444.0,2003
FYR Macedonia,91,460.0,2003
Indonesia,90,461.0,2003
Congo DR,57,540.0,2003
Georgia,88,462.0,2003
Albania,87,464.0,2003
Togo,86,466.0,2003
Cyprus,85,470.0,2003
Libya,84,473.0,2003
Faroe Islands,115,397.0,2003
Bolivia,114,399.0,2003
Armenia,113,400.0,2003
Uzbekistan,112,401.0,2003
Northern Ireland,110,403.0,2003
Canada,78,492.0,2003
Angola,77,495.0,2003
Latvia,76,497.0,2003
Kenya,75,501.0,2003
Chile,74,502.0,2003
Honduras,41,603.0,2003
Peru,71,507.0,2003
Ghana,71,507.0,2003
Iraq,70,511.0,2003
Algeria,69,520.0,2003
Mali,68,521.0,2003
United Arab Emirates,98,430.0,2003
Liberia,98,430.0,2003
Singapore,97,433.0,2003
Vietnam,96,435.0,2003
Barbados,95,437.0,2003
Estonia,62,532.0,2003
Scotland,60,533.0,2003
New Zealand,60,533.0,2003
Iceland,59,534.0,2003
Venezuela,58,539.0,2003
Croatia,25,638.0,2003
Slovakia,55,541.0,2003
Austria,55,541.0,2003
Trinidad and Tobago,54,543.0,2003
Cuba,53,544.0,2003
Côte d'Ivoire,52,550.0,2003
Belarus,83,474.0,2003
El Salvador,82,476.0,2003
Jordan,81,486.0,2003
Bosnia and Herzegovina,80,490.0,2003
Qatar,79,491.0,2003
Jamaica,46,580.0,2003
Finland,45,585.0,2003
Tunisia,44,590.0,2003
Israel,43,591.0,2003
IR Iran,42,594.0,2003
USA,9,731.0,2003
Switzerland,40,604.0,2003
Egypt,39,605.0,2003
Ecuador,38,608.0,2003
Bulgaria,37,610.0,2003
Poland,36,614.0,2003
Zambia,67,522.0,2003
Burkina Faso,66,523.0,2003
Guatemala,65,524.0,2003
Thailand,64,526.0,2003
Australia,63,528.0,2003
Slovenia,30,624.0,2003
Nigeria,29,627.0,2003
Senegal,28,628.0,2003
Korea Republic,27,631.0,2003
Uruguay,26,633.0,2003
Djibouti,196,54.0,2003
Japan,24,639.0,2003
Norway,23,646.0,2003
Colombia,22,647.0,2003
Romania,21,648.0,2003
Paraguay,20,651.0,2003
Wales,51,556.0,2003
Zimbabwe,50,557.0,2003
Saudi Arabia,48,568.0,2003
Hungary,48,568.0,2003
Ukraine,47,576.0,2003
Italy,14,708.0,2003
Denmark,12,709.0,2003
Cameroon,12,709.0,2003
Czech Republic,11,711.0,2003
England,10,726.0,2003
Tonga,180,136.0,2003
Germany,8,736.0,2003
Turkey,7,738.0,2003
Argentina,6,746.0,2003
Mexico,5,749.0,2003
Netherlands,4,750.0,2003
Morocco,35,618.0,2003
Greece,34,619.0,2003
Serbia and Montenegro,33,621.0,2003
Russia,32,622.0,2003
South Africa,31,623.0,2003
American Samoa,201,17.0,2003
Guam,200,19.0,2003
Puerto Rico,199,38.0,2003
US Virgin Islands,198,42.0,2003
Anguilla,197,52.0,2003
Niger,164,211.0,2003
Afghanistan,195,66.0,2003
Aruba,194,69.0,2003
Brunei Darussalam,193,80.0,2003
Bahamas,192,88.0,2003
Sao Tome e Principe,191,93.0,2003
Sweden,19,662.0,2003
Belgium,18,670.0,2003
Costa Rica,17,684.0,2003
Portugal,16,686.0,2003
Republic of Ireland,15,702.0,2003
Dominica,185,117.0,2003
Macau,184,122.0,2003
Bermuda,183,131.0,2003
Guyana,182,134.0,2003
Cayman Islands,181,135.0,2003
Liechtenstein,148,287.0,2003
Mongolia,179,141.0,2003
Cambodia,178,148.0,2003
Central African Republic,177,154.0,2003
Samoa,176,160.0,2003
British Virgin Islands,175,161.0,2003
Spain,3,755.0,2003
France,2,824.0,2003
Brazil,1,848.0,2003
Montserrat,203,7.0,2003
Turks and Caicos Islands,202,14.0,2003
St. Vincent and the Grenadines,169,199.0,2003
Pakistan,168,203.0,2003
Laos,167,204.0,2003
Nepal,165,209.0,2003
Mauritania,165,209.0,2003
Yemen,132,350.0,2003
Seychelles,163,213.0,2003
San Marino,162,216.0,2003
Vanuatu,160,227.0,2003
Equatorial Guinea,160,227.0,2003
Tanzania,159,233.0,2003
Somalia,190,97.0,2003
Cook Islands,189,99.0,2003
Philippines,188,106.0,2003
Bhutan,187,112.0,2003
Guinea-Bissau,186,116.0,2003
Luxembourg,153,256.0,2003
Chad,152,258.0,2003
Bangladesh,151,268.0,2003
Chinese Taipei,150,283.0,2003
Fiji,149,286.0,2003
Malaysia,116,397.0,2003
Andorra,147,294.0,2003
Sierra Leone,146,295.0,2003
Burundi,145,297.0,2003
Namibia,144,308.0,2003
Cape Verde Islands,143,309.0,2003
Belize,174,163.0,2003
Nicaragua,173,168.0,2003
Papua New Guinea,172,171.0,2003
Dominican Republic,171,182.0,2003
Antigua and Barbuda,170,185.0,2003
Tajikistan,137,325.0,2003
Kazakhstan,136,327.0,2003
Sri Lanka,135,331.0,2003
St. Kitts and Nevis,134,344.0,2003
Tahiti,133,347.0,2003
Turkmenistan,99,448.0,2003
St. Lucia,130,351.0,2003
Ethiopia,130,351.0,2003
Malta,129,353.0,2003
Mozambique,127,366.0,2003
India,127,366.0,2003
Suriname,158,234.0,2003
Kyrgyz Republic,157,243.0,2003
Solomon Islands,156,247.0,2003
Eritrea,155,250.0,2003
Grenada,154,251.0,2003
Benin,121,384.0,2003
Lesotho,120,386.0,2003
Azerbaijan,119,387.0,2003
Madagascar,118,392.0,2003
Korea DPR,117,395.0,2003
Angola,83,490.0,2003
Lebanon,115,398.0,2003
Eswatini,114,404.0,2003
Armenia,113,407.0,2003
Botswana,112,408.0,2003
Gabon,111,417.0,2003
Hong Kong,142,310.0,2003
Maldives,141,312.0,2003
Myanmar,140,313.0,2003
Palestine,139,316.0,2003
Gambia,138,321.0,2003
Malawi,105,438.0,2003
Uganda,103,441.0,2003
Sudan,103,441.0,2003
Lithuania,101,444.0,2003
Guinea,101,444.0,2003
Zambia,68,524.0,2003
Bolivia,99,448.0,2003
Vietnam,98,452.0,2003
Cyprus,97,454.0,2003
Haiti,96,455.0,2003
El Salvador,95,461.0,2003
Faroe Islands,126,367.0,2003
Panama,125,368.0,2003
Barbados,124,377.0,2003
Mauritius,123,380.0,2003
Northern Ireland,122,383.0,2003
Albania,89,479.0,2003
New Zealand,88,480.0,2003
Canada,87,481.0,2003
China PR,86,484.0,2003
Syria,85,487.0,2003
Israel,51,556.0,2003
Libya,83,490.0,2003
Australia,82,498.0,2003
Uzbekistan,81,501.0,2003
Chile,80,506.0,2003
Ghana,78,508.0,2003
Liberia,110,418.0,2003
Rwanda,109,425.0,2003
Congo,108,429.0,2003
Moldova,106,434.0,2003
Singapore,106,434.0,2003
Hungary,72,517.0,2003
Kenya,72,517.0,2003
Trinidad and Tobago,70,522.0,2003
Côte d'Ivoire,70,522.0,2003
Estonia,68,524.0,2003
South Africa,36,618.0,2003
Austria,67,526.0,2003
Wales,66,532.0,2003
Qatar,65,533.0,2003
Bahrain,64,537.0,2003
Algeria,62,541.0,2003
Togo,94,463.0,2003
Georgia,93,469.0,2003
FYR Macedonia,92,472.0,2003
Indonesia,91,475.0,2003
Belarus,90,476.0,2003
Venezuela,57,549.0,2003
Congo DR,56,550.0,2003
Scotland,54,552.0,2003
Mali,54,552.0,2003
Zimbabwe,53,555.0,2003
Croatia,20,673.0,2003
Latvia,51,556.0,2003
Slovakia,50,557.0,2003
Honduras,49,564.0,2003
Kuwait,48,566.0,2003
Jordan,47,567.0,2003
Burkina Faso,78,508.0,2003
Guatemala,77,511.0,2003
Cuba,75,515.0,2003
United Arab Emirates,75,515.0,2003
Peru,74,516.0,2003
Serbia and Montenegro,41,605.0,2003
Finland,40,610.0,2003
Colombia,39,612.0,2003
Morocco,38,614.0,2003
Ecuador,37,615.0,2003
Netherlands,4,752.0,2003
Nigeria,35,623.0,2003
Bulgaria,34,627.0,2003
Senegal,33,628.0,2003
Egypt,32,634.0,2003
Slovenia,31,637.0,2003
Oman,62,541.0,2003
Ukraine,60,545.0,2003
Thailand,60,545.0,2003
Bosnia and Herzegovina,59,547.0,2003
Iceland,58,548.0,2003
Paraguay,22,664.0,2003
US Virgin Islands,197,49.0,2003
Anguilla,196,58.0,2003
Macau,185,125.0,2003
Korea Republic,22,664.0,2003
Uruguay,21,671.0,2003
Sweden,19,677.0,2003
Portugal,17,682.0,2003
Costa Rica,17,682.0,2003
Belgium,16,696.0,2003
Republic of Ireland,14,712.0,2003
Jamaica,46,569.0,2003
Tunisia,45,580.0,2003
Switzerland,44,592.0,2003
Iraq,43,595.0,2003
Norway,42,604.0,2003
USA,11,732.0,2003
Italy,10,734.0,2003
England,8,738.0,2003
Turkey,8,738.0,2003
Mexico,7,740.0,2003
Czech Republic,6,743.0,2003
Argentina,5,744.0,2003
Spain,3,798.0,2003
France,2,827.0,2003
Greece,30,641.0,2003
Japan,29,646.0,2003
IR Iran,28,649.0,2003
Romania,27,653.0,2003
Saudi Arabia,26,655.0,2003
Poland,25,656.0,2003
Russia,24,659.0,2003
Tanzania,158,224.0,2003
Dominican Republic,157,225.0,2003
Vanuatu,156,227.0,2003
Eritrea,155,239.0,2003
St. Vincent and the Grenadines,154,241.0,2003
Gabon,121,388.0,2003
Yemen,151,263.0,2003
Solomon Islands,151,263.0,2003
Maldives,150,265.0,2003
Palestine,149,275.0,2003
Suriname,148,277.0,2003
Equatorial Guinea,179,158.0,2003
Guyana,178,160.0,2003
Seychelles,177,164.0,2003
Central African Republic,176,166.0,2003
Mauritania,175,167.0,2003
Samoa,170,181.0,2003
Cambodia,171,178.0,2003
Afghanistan,198,48.0,2003
Puerto Rico,199,44.0,2003
Guam,200,20.0,2003
American Samoa,201,19.0,2003
Czech Republic,4,777.0,2004
Argentina,3,785.0,2004
France,2,792.0,2004
IR Iran,20,697.0,2004
Germany,19,705.0,2004
Greece,18,706.0,2004
Japan,17,707.0,2004
Uruguay,16,708.0,2004
Turkey,14,711.0,2004
Denmark,14,711.0,2004
Sweden,13,715.0,2004
Republic of Ireland,12,716.0,2004
Spain,5,765.0,2004
Sao Tome e Principe,193,90.0,2004
Somalia,192,95.0,2004
Chad,159,244.0,2004
Philippines,190,99.0,2004
Cook Islands,189,101.0,2004
Bhutan,188,108.0,2004
Guinea-Bissau,186,113.0,2004
Macau,186,113.0,2004
Central African Republic,177,173.0,2004
Samoa,176,178.0,2004
India,143,314.0,2004
Nepal,174,196.0,2004
Mauritania,172,198.0,2004
Laos,172,198.0,2004
Niger,171,201.0,2004
Seychelles,170,202.0,2004
Turks and Caicos Islands,201,26.0,2004
Puerto Rico,200,35.0,2004
US Virgin Islands,199,47.0,2004
Djibouti,198,50.0,2004
Afghanistan,197,63.0,2004
Anguilla,196,66.0,2004
Aruba,195,71.0,2004
Brunei Darussalam,194,75.0,2004
Eritrea,161,237.0,2004
Nicaragua,160,238.0,2004
St. Lucia,127,369.0,2004
Luxembourg,157,252.0,2004
Bangladesh,157,252.0,2004
Kyrgyz Republic,156,263.0,2004
Chinese Taipei,155,270.0,2004
St. Vincent and the Grenadines,153,273.0,2004
New Caledonia,185,119.0,2004
Mongolia,184,135.0,2004
Cambodia,183,137.0,2004
Cayman Islands,182,141.0,2004
Tonga,181,145.0,2004
Guyana,180,154.0,2004
Belize,179,161.0,2004
British Virgin Islands,178,169.0,2004
Hong Kong,145,306.0,2004
Kazakhstan,144,313.0,2004
Moldova,111,426.0,2004
Vanuatu,142,315.0,2004
Sri Lanka,140,316.0,2004
Maldives,140,316.0,2004
Ethiopia,139,330.0,2004
Grenada,138,331.0,2004
Dominican Republic,169,210.0,2004
San Marino,168,214.0,2004
Dominica,167,215.0,2004
Tanzania,165,217.0,2004
Equatorial Guinea,165,217.0,2004
Papua New Guinea,164,228.0,2004
Antigua and Barbuda,163,231.0,2004
Bermuda,162,233.0,2004
Solomon Islands,128,367.0,2004
Madagascar,128,367.0,2004
Togo,95,474.0,2004
Mozambique,126,382.0,2004
Eswatini,125,384.0,2004
Tahiti,122,390.0,2004
Mauritius,122,390.0,2004
Malaysia,122,390.0,2004
Liechtenstein,153,273.0,2004
Sierra Leone,152,276.0,2004
Burundi,151,277.0,2004
Namibia,149,287.0,2004
Andorra,149,287.0,2004
Suriname,147,294.0,2004
Myanmar,147,294.0,2004
Gambia,146,302.0,2004
Liberia,113,420.0,2004
Northern Ireland,112,425.0,2004
Angola,78,514.0,2004
Lebanon,109,430.0,2004
Botswana,109,430.0,2004
St. Kitts and Nevis,108,431.0,2004
Sudan,107,433.0,2004
Panama,106,435.0,2004
Faroe Islands,136,344.0,2004
Tajikistan,136,344.0,2004
Yemen,134,347.0,2004
Cape Verde Islands,134,347.0,2004
Palestine,132,361.0,2004
Malta,132,361.0,2004
Fiji,131,362.0,2004
Lesotho,130,366.0,2004
Congo,97,468.0,2004
Indonesia,96,472.0,2004
Trinidad and Tobago,63,536.0,2004
Albania,94,480.0,2004
Turkmenistan,93,481.0,2004
FYR Macedonia,92,484.0,2004
Haiti,91,486.0,2004
Canada,90,495.0,2004
Gabon,121,395.0,2004
Benin,120,398.0,2004
Azerbaijan,119,401.0,2004
Armenia,118,407.0,2004
Singapore,117,408.0,2004
Barbados,116,411.0,2004
Lithuania,115,414.0,2004
Korea DPR,114,418.0,2004
Burkina Faso,80,513.0,2004
Uzbekistan,80,513.0,2004
Zimbabwe,46,576.0,2004
Hungary,78,514.0,2004
Ukraine,77,515.0,2004
Iceland,75,518.0,2004
Peru,75,518.0,2004
Zambia,74,521.0,2004
Georgia,105,437.0,2004
Cyprus,104,443.0,2004
Malawi,103,446.0,2004
El Salvador,102,447.0,2004
Uganda,100,461.0,2004
Vietnam,100,461.0,2004
Bolivia,99,463.0,2004
Rwanda,98,467.0,2004
Thailand,64,535.0,2004
China PR,64,535.0,2004
Morocco,31,646.0,2004
Côte d'Ivoire,62,539.0,2004
Wales,61,541.0,2004
Israel,60,544.0,2004
Scotland,59,545.0,2004
Oman,58,548.0,2004
Guatemala,88,501.0,2004
Guinea,88,501.0,2004
Kenya,86,502.0,2004
Austria,86,502.0,2004
Belarus,85,507.0,2004
Syria,84,508.0,2004
New Zealand,83,510.0,2004
Estonia,82,512.0,2004
Jamaica,49,565.0,2004
Serbia and Montenegro,48,574.0,2004
Denmark,15,706.0,2004
Mali,46,576.0,2004
Switzerland,45,577.0,2004
Finland,44,578.0,2004
Iraq,43,582.0,2004
Slovenia,42,598.0,2004
Bosnia and Herzegovina,73,522.0,2004
Ghana,71,523.0,2004
United Arab Emirates,71,523.0,2004
Libya,70,525.0,2004
Congo DR,69,532.0,2004
Slovakia,66,534.0,2004
Cuba,66,534.0,2004
Chile,66,534.0,2004
Uruguay,32,638.0,2004
Romania,32,638.0,2004
American Samoa,203,19.0,2004
Costa Rica,29,650.0,2004
Paraguay,29,650.0,2004
Senegal,28,651.0,2004
Poland,27,653.0,2004
Russia,26,655.0,2004
Algeria,57,550.0,2004
Kuwait,56,552.0,2004
Qatar,54,553.0,2004
Honduras,54,553.0,2004
Latvia,53,555.0,2004
Australia,52,556.0,2004
Bahrain,51,559.0,2004
Venezuela,50,562.0,2004
Republic of Ireland,16,702.0,2004
Cameroon,16,702.0,2004
Macau,187,92.0,2004
Greece,14,710.0,2004
Germany,12,715.0,2004
Portugal,12,715.0,2004
Argentina,11,722.0,2004
Turkey,10,723.0,2004
Bulgaria,41,602.0,2004
Jordan,40,605.0,2004
South Africa,39,610.0,2004
Norway,38,613.0,2004
Ecuador,37,616.0,2004
Colombia,36,622.0,2004
Tunisia,35,634.0,2004
Egypt,34,637.0,2004
Brazil,1,835.0,2004
Guam,204,15.0,2004
Tanzania,171,180.0,2004
Turks and Caicos Islands,202,28.0,2004
Montserrat,201,36.0,2004
Djibouti,200,42.0,2004
Afghanistan,199,57.0,2004
Brunei Darussalam,198,63.0,2004
Belgium,24,660.0,2004
Japan,24,660.0,2004
Croatia,23,662.0,2004
Saudi Arabia,21,664.0,2004
IR Iran,21,664.0,2004
Korea Republic,20,670.0,2004
Sweden,19,686.0,2004
Nigeria,18,697.0,2004
Cook Islands,189,91.0,2004
Philippines,187,92.0,2004
Chinese Taipei,155,259.0,2004
Bhutan,186,97.0,2004
New Caledonia,185,119.0,2004
Mongolia,184,120.0,2004
Cambodia,183,124.0,2004
Tonga,182,138.0,2004
Italy,9,729.0,2004
England,8,733.0,2004
USA,7,735.0,2004
Mexico,6,743.0,2004
Netherlands,5,748.0,2004
Czech Republic,4,762.0,2004
Spain,3,792.0,2004
France,2,813.0,2004
Seychelles,172,177.0,2004
Niger,172,177.0,2004
Maldives,139,335.0,2004
Equatorial Guinea,170,193.0,2004
Dominican Republic,169,195.0,2004
Eritrea,168,206.0,2004
Chad,167,212.0,2004
Bangladesh,166,217.0,2004
Aruba,197,64.0,2004
Anguilla,196,65.0,2004
US Virgin Islands,195,70.0,2004
Sao Tome e Principe,194,74.0,2004
Puerto Rico,193,75.0,2004
Somalia,192,85.0,2004
Bahamas,191,90.0,2004
Guinea-Bissau,189,91.0,2004
Bermuda,157,257.0,2004
Luxembourg,155,259.0,2004
Liberia,123,384.0,2004
Gambia,154,260.0,2004
Antigua and Barbuda,153,263.0,2004
Burundi,152,279.0,2004
Ethiopia,151,286.0,2004
Kyrgyz Republic,150,293.0,2004
Guyana,181,145.0,2004
Belize,180,147.0,2004
Central African Republic,179,150.0,2004
Samoa,178,167.0,2004
Pakistan,176,168.0,2004
Nepal,176,168.0,2004
Cayman Islands,175,169.0,2004
Mauritania,174,172.0,2004
Sri Lanka,140,333.0,2004
Mauritius,140,333.0,2004
Northern Ireland,107,443.0,2004
Andorra,138,336.0,2004
St. Vincent and the Grenadines,137,337.0,2004
Tajikistan,136,351.0,2004
Fiji,135,354.0,2004
Malta,134,355.0,2004
Dominica,164,218.0,2004
British Virgin Islands,164,218.0,2004
San Marino,163,221.0,2004
Laos,162,230.0,2004
Papua New Guinea,161,231.0,2004
Sierra Leone,160,232.0,2004
Nicaragua,158,239.0,2004
Namibia,158,239.0,2004
Yemen,124,381.0,2004
Tahiti,124,381.0,2004
Indonesia,91,504.0,2004
Benin,122,390.0,2004
Barbados,121,393.0,2004
Malaysia,120,401.0,2004
Armenia,119,402.0,2004
St. Kitts and Nevis,118,418.0,2004
Suriname,149,299.0,2004
Madagascar,147,313.0,2004
Kazakhstan,147,313.0,2004
Myanmar,144,322.0,2004
Lesotho,144,322.0,2004
Grenada,144,322.0,2004
Vanuatu,143,325.0,2004
Liechtenstein,142,330.0,2004
Gabon,109,438.0,2004
Cyprus,108,442.0,2004
Kenya,74,533.0,2004
El Salvador,106,446.0,2004
Lebanon,105,448.0,2004
Georgia,104,455.0,2004
Vietnam,103,457.0,2004
Botswana,102,462.0,2004
Hong Kong,133,361.0,2004
India,132,365.0,2004
Faroe Islands,131,367.0,2004
Solomon Islands,130,375.0,2004
Cape Verde Islands,129,377.0,2004
Eswatini,126,379.0,2004
Palestine,126,379.0,2004
Mozambique,126,379.0,2004
Iceland,93,495.0,2004
FYR Macedonia,92,497.0,2004
Honduras,59,575.0,2004
Canada,90,509.0,2004
Togo,89,513.0,2004
Scotland,86,515.0,2004
Guinea,86,515.0,2004
Albania,86,515.0,2004
Congo,117,420.0,2004
Sudan,114,429.0,2004
St. Lucia,114,429.0,2004
Moldova,114,429.0,2004
Azerbaijan,113,432.0,2004
Singapore,112,435.0,2004
Uganda,109,438.0,2004
Malawi,109,438.0,2004
Ghana,77,528.0,2004
Cuba,76,532.0,2004
Finland,43,607.0,2004
Chile,74,533.0,2004
Algeria,73,536.0,2004
Angola,72,545.0,2004
Guatemala,71,551.0,2004
Zambia,70,552.0,2004
Panama,100,472.0,2004
Lithuania,100,472.0,2004
Rwanda,99,475.0,2004
Turkmenistan,98,478.0,2004
New Zealand,95,481.0,2004
Korea DPR,95,481.0,2004
Haiti,95,481.0,2004
Bolivia,94,485.0,2004
Libya,61,566.0,2004
Zimbabwe,60,572.0,2004
Costa Rica,27,668.0,2004
Australia,58,577.0,2004
Ukraine,57,580.0,2004
Oman,56,582.0,2004
Kuwait,54,585.0,2004
China PR,54,585.0,2004
Syria,85,516.0,2004
Burkina Faso,84,520.0,2004
Austria,83,522.0,2004
United Arab Emirates,82,523.0,2004
Estonia,81,525.0,2004
Thailand,79,526.0,2004
Bosnia and Herzegovina,79,526.0,2004
Congo DR,78,527.0,2004
Belgium,45,600.0,2004
Iraq,44,603.0,2004
USA,11,726.0,2004
Slovenia,42,608.0,2004
Jordan,40,611.0,2004
Côte d'Ivoire,40,611.0,2004
Ecuador,39,616.0,2004
South Africa,38,619.0,2004
Belarus,69,554.0,2004
Wales,68,555.0,2004
Qatar,66,558.0,2004
Peru,66,558.0,2004
Latvia,65,560.0,2004
Hungary,64,562.0,2004
Trinidad and Tobago,63,564.0,2004
Venezuela,62,565.0,2004
Romania,29,664.0,2004
Saudi Arabia,28,665.0,2004
Nigeria,21,690.0,2004
Colombia,26,669.0,2004
Poland,25,672.0,2004
Croatia,23,677.0,2004
Cameroon,23,677.0,2004
Korea Republic,22,688.0,2004
Slovakia,53,587.0,2004
Switzerland,51,589.0,2004
Mali,51,589.0,2004
Jamaica,49,594.0,2004
Bahrain,49,594.0,2004
Israel,48,595.0,2004
Uzbekistan,47,598.0,2004
Serbia and Montenegro,46,599.0,2004
Pakistan,175,192.0,2004
Montserrat,204,6.0,2004
Guam,203,17.0,2004
American Samoa,202,19.0,2004
Italy,10,738.0,2004
Portugal,9,747.0,2004
England,8,752.0,2004
Mexico,7,753.0,2004
Netherlands,6,758.0,2004
Bulgaria,37,623.0,2004
Tunisia,35,633.0,2004
Norway,35,633.0,2004
Egypt,34,644.0,2004
Morocco,33,646.0,2004
Russia,32,652.0,2004
Senegal,31,657.0,2004
Paraguay,30,661.0,2004
Bahamas,191,98.0,2004
Brazil,1,843.0,2004
Brazil,1,840.0,2005
Tunisia,28,685.0,2005
Romania,27,686.0,2005
Colombia,24,692.0,2005
Republic of Ireland,24,692.0,2005
Nigeria,24,692.0,2005
Cameroon,23,695.0,2005
Poland,22,696.0,2005
Costa Rica,21,699.0,2005
Croatia,20,701.0,2005
Denmark,13,733.0,2005
Israel,44,622.0,2005
Jamaica,42,626.0,2005
Côte d'Ivoire,42,626.0,2005
Honduras,41,628.0,2005
Ukraine,40,630.0,2005
American Samoa,204,17.0,2005
Guam,203,20.0,2005
Turks and Caicos Islands,202,26.0,2005
Montserrat,201,35.0,2005
Djibouti,200,38.0,2005
Afghanistan,199,55.0,2005
Dominica,166,202.0,2005
British Virgin Islands,165,215.0,2005
Papua New Guinea,164,217.0,2005
Laos,163,218.0,2005
San Marino,162,229.0,2005
Namibia,160,241.0,2005
Cook Islands,192,82.0,2005
Anguilla,196,61.0,2005
Aruba,197,58.0,2005
Nepal,177,155.0,2005
Mauritania,175,161.0,2005
Niger,174,166.0,2005
Seychelles,173,169.0,2005
Tanzania,172,171.0,2005
Dominican Republic,171,182.0,2005
Equatorial Guinea,170,185.0,2005
Pakistan,169,188.0,2005
Eritrea,168,190.0,2005
Bangladesh,167,200.0,2005
Mozambique,134,351.0,2005
Tahiti,133,353.0,2005
Palestine,131,355.0,2005
India,131,355.0,2005
Eswatini,128,359.0,2005
St. Vincent and the Grenadines,128,359.0,2005
Gambia,160,241.0,2005
Chad,159,242.0,2005
Nicaragua,157,244.0,2005
Bermuda,157,244.0,2005
Sierra Leone,156,245.0,2005
Luxembourg,155,253.0,2005
Antigua and Barbuda,154,255.0,2005
Chinese Taipei,153,262.0,2005
Kyrgyz Republic,152,274.0,2005
Suriname,151,280.0,2005
St. Lucia,118,408.0,2005
El Salvador,116,415.0,2005
Azerbaijan,116,415.0,2005
Moldova,115,416.0,2005
Lebanon,114,417.0,2005
Northern Ireland,112,418.0,2005
Burundi,144,315.0,2005
Mauritius,143,316.0,2005
Maldives,142,322.0,2005
Fiji,141,326.0,2005
Sri Lanka,140,327.0,2005
Tajikistan,139,329.0,2005
Liechtenstein,138,333.0,2005
Malta,137,338.0,2005
Solomon Islands,135,347.0,2005
Andorra,135,347.0,2005
Sudan,102,468.0,2005
Botswana,101,471.0,2005
Singapore,99,474.0,2005
Bolivia,99,474.0,2005
Gabon,98,476.0,2005
Syria,97,484.0,2005
Liberia,128,359.0,2005
Faroe Islands,126,362.0,2005
Ethiopia,126,362.0,2005
Benin,125,368.0,2005
Yemen,124,378.0,2005
Cape Verde Islands,123,379.0,2005
St. Kitts and Nevis,122,389.0,2005
Hong Kong,120,390.0,2005
Barbados,120,390.0,2005
Armenia,119,391.0,2005
Albania,86,501.0,2005
Scotland,85,507.0,2005
Canada,84,514.0,2005
Panama,83,515.0,2005
Estonia,82,520.0,2005
Algeria,81,524.0,2005
Congo,112,418.0,2005
Malaysia,111,419.0,2005
Uganda,110,427.0,2005
Cyprus,109,432.0,2005
Malawi,108,434.0,2005
New Zealand,107,443.0,2005
Vietnam,106,444.0,2005
Turkmenistan,105,446.0,2005
Rwanda,104,462.0,2005
Georgia,103,463.0,2005
Ghana,70,548.0,2005
Venezuela,68,551.0,2005
Angola,68,551.0,2005
Togo,67,555.0,2005
Hungary,66,559.0,2005
Latvia,65,560.0,2005
Thailand,96,485.0,2005
FYR Macedonia,94,490.0,2005
Lithuania,94,490.0,2005
Indonesia,92,491.0,2005
Iceland,92,491.0,2005
Korea DPR,91,492.0,2005
Burkina Faso,90,496.0,2005
Guinea,89,497.0,2005
United Arab Emirates,87,500.0,2005
Haiti,87,500.0,2005
Zimbabwe,53,581.0,2005
Uzbekistan,53,581.0,2005
Iraq,52,591.0,2005
Belgium,50,592.0,2005
Bahrain,50,592.0,2005
Serbia and Montenegro,49,595.0,2005
Wales,80,525.0,2005
Kenya,79,526.0,2005
Congo DR,78,531.0,2005
Bosnia and Herzegovina,77,535.0,2005
Qatar,75,544.0,2005
Cuba,75,544.0,2005
Peru,73,545.0,2005
Libya,73,545.0,2005
Chile,72,546.0,2005
Austria,71,547.0,2005
South Africa,38,634.0,2005
Ukraine,36,639.0,2005
Norway,36,639.0,2005
Morocco,35,643.0,2005
Paraguay,34,645.0,2005
Ecuador,33,647.0,2005
Oman,64,561.0,2005
Belarus,62,566.0,2005
Zambia,62,566.0,2005
Guatemala,61,568.0,2005
Australia,60,569.0,2005
Mali,59,571.0,2005
Trinidad and Tobago,58,573.0,2005
Jordan,57,575.0,2005
China PR,56,577.0,2005
Kuwait,55,578.0,2005
Croatia,22,695.0,2005
Korea Republic,21,696.0,2005
Greece,19,698.0,2005
Denmark,19,698.0,2005
Uruguay,18,703.0,2005
Sweden,17,710.0,2005
Israel,48,598.0,2005
Slovenia,47,600.0,2005
Bulgaria,46,610.0,2005
Slovakia,45,613.0,2005
Côte d'Ivoire,44,618.0,2005
Finland,43,619.0,2005
Switzerland,42,624.0,2005
Jamaica,41,627.0,2005
Senegal,39,631.0,2005
Honduras,39,631.0,2005
USA,6,765.0,2005
Mexico,5,768.0,2005
Czech Republic,4,778.0,2005
Netherlands,3,781.0,2005
Argentina,2,787.0,2005
Brazil,1,846.0,2005
Tunisia,32,649.0,2005
Romania,31,651.0,2005
Russia,30,657.0,2005
Nigeria,29,659.0,2005
Saudi Arabia,28,661.0,2005
Cameroon,27,666.0,2005
Egypt,26,671.0,2005
Colombia,25,683.0,2005
Poland,24,689.0,2005
Costa Rica,23,691.0,2005
Puerto Rico,195,62.0,2005
Cook Islands,194,65.0,2005
Bahamas,193,68.0,2005
Macau,192,75.0,2005
Philippines,191,77.0,2005
Bhutan,190,84.0,2005
Republic of Ireland,15,711.0,2005
IR Iran,15,711.0,2005
Italy,14,713.0,2005
Japan,13,715.0,2005
Turkey,12,716.0,2005
Germany,11,723.0,2005
Portugal,10,739.0,2005
Spain,8,744.0,2005
England,8,744.0,2005
France,7,749.0,2005
Mongolia,179,137.0,2005
Mauritania,178,139.0,2005
Niger,177,144.0,2005
Seychelles,176,152.0,2005
Nepal,175,153.0,2005
Dominican Republic,174,157.0,2005
American Samoa,205,15.0,2005
Guam,204,20.0,2005
Turks and Caicos Islands,203,22.0,2005
Montserrat,202,30.0,2005
Aruba,200,46.0,2005
Djibouti,200,46.0,2005
Brunei Darussalam,199,49.0,2005
Anguilla,198,52.0,2005
Sao Tome e Principe,197,55.0,2005
US Virgin Islands,196,58.0,2005
Bermuda,162,219.0,2005
Namibia,162,219.0,2005
Bangladesh,161,224.0,2005
Chad,160,229.0,2005
Pakistan,159,231.0,2005
Kyrgyz Republic,158,235.0,2005
Afghanistan,189,85.0,2005
Cambodia,188,95.0,2005
New Caledonia,187,104.0,2005
Guinea-Bissau,186,109.0,2005
Tonga,185,110.0,2005
Somalia,184,111.0,2005
Central African Republic,183,128.0,2005
Samoa,182,131.0,2005
Cayman Islands,181,133.0,2005
Belize,180,134.0,2005
Vanuatu,147,266.0,2005
Lesotho,146,267.0,2005
Sri Lanka,145,281.0,2005
Mauritius,144,284.0,2005
Tajikistan,142,299.0,2005
Tahiti,142,299.0,2005
Equatorial Guinea,173,169.0,2005
Dominica,172,171.0,2005
British Virgin Islands,171,176.0,2005
Laos,170,180.0,2005
Eritrea,169,182.0,2005
Guyana,168,185.0,2005
Papua New Guinea,167,191.0,2005
Tanzania,166,196.0,2005
Gambia,165,205.0,2005
Sierra Leone,164,213.0,2005
St. Vincent and the Grenadines,131,336.0,2005
St. Kitts and Nevis,130,337.0,2005
St. Lucia,129,344.0,2005
India,128,355.0,2005
Lebanon,126,356.0,2005
Andorra,126,356.0,2005
Chinese Taipei,157,237.0,2005
San Marino,156,238.0,2005
Antigua and Barbuda,155,239.0,2005
Nicaragua,153,244.0,2005
Suriname,153,244.0,2005
Grenada,152,249.0,2005
Luxembourg,151,256.0,2005
Madagascar,150,264.0,2005
Myanmar,148,265.0,2005
Burundi,148,265.0,2005
Azerbaijan,115,394.0,2005
Benin,114,396.0,2005
Ethiopia,113,399.0,2005
Thailand,112,408.0,2005
Congo,111,411.0,2005
Indonesia,110,418.0,2005
Solomon Islands,141,303.0,2005
Yemen,140,310.0,2005
Palestine,138,314.0,2005
Kazakhstan,138,314.0,2005
Liberia,136,317.0,2005
Fiji,136,317.0,2005
Eswatini,135,322.0,2005
Maldives,134,323.0,2005
Faroe Islands,133,325.0,2005
Mozambique,131,336.0,2005
Haiti,99,465.0,2005
Bolivia,97,472.0,2005
Cyprus,97,472.0,2005
Qatar,96,478.0,2005
Iceland,95,482.0,2005
Singapore,93,483.0,2005
El Salvador,125,357.0,2005
Malaysia,124,358.0,2005
Liechtenstein,123,366.0,2005
New Zealand,121,368.0,2005
Vietnam,121,368.0,2005
Malta,119,371.0,2005
Cape Verde Islands,119,371.0,2005
Hong Kong,118,383.0,2005
Turkmenistan,117,385.0,2005
Barbados,116,386.0,2005
Albania,83,517.0,2005
Libya,81,522.0,2005
Algeria,81,522.0,2005
Guinea,80,531.0,2005
Panama,79,536.0,2005
Congo DR,78,541.0,2005
Armenia,109,431.0,2005
Moldova,108,442.0,2005
Malawi,107,451.0,2005
Georgia,105,459.0,2005
Gabon,105,459.0,2005
Northern Ireland,104,461.0,2005
Botswana,102,463.0,2005
Uganda,102,463.0,2005
Lithuania,101,464.0,2005
Syria,99,465.0,2005
Peru,67,560.0,2005
Bosnia and Herzegovina,66,561.0,2005
Chile,65,562.0,2005
Mali,64,569.0,2005
Belarus,62,570.0,2005
Angola,62,570.0,2005
Sudan,93,483.0,2005
Oman,92,484.0,2005
Kenya,90,488.0,2005
Rwanda,90,488.0,2005
FYR Macedonia,88,502.0,2005
Burkina Faso,88,502.0,2005
Jordan,87,503.0,2005
United Arab Emirates,86,509.0,2005
Canada,85,512.0,2005
Korea DPR,83,517.0,2005
Ghana,51,608.0,2005
South Africa,50,609.0,2005
Australia,49,610.0,2005
Serbia,47,612.0,2005
Serbia and Montenegro,47,612.0,2005
Finland,46,614.0,2005
Estonia,77,543.0,2005
Cuba,76,546.0,2005
Hungary,75,547.0,2005
China PR,73,548.0,2005
Kuwait,73,548.0,2005
Wales,72,549.0,2005
Latvia,70,550.0,2005
Austria,70,550.0,2005
Slovenia,69,553.0,2005
Venezuela,68,555.0,2005
Switzerland,35,656.0,2005
Russia,34,662.0,2005
Saudi Arabia,33,663.0,2005
Egypt,32,665.0,2005
Paraguay,30,672.0,2005
Senegal,30,672.0,2005
Scotland,61,572.0,2005
Uzbekistan,60,573.0,2005
Zambia,59,579.0,2005
Guatemala,57,585.0,2005
Togo,57,585.0,2005
Belgium,56,596.0,2005
Iraq,55,597.0,2005
Zimbabwe,54,601.0,2005
Bahrain,53,603.0,2005
Trinidad and Tobago,51,608.0,2005
IR Iran,19,703.0,2005
Uruguay,18,706.0,2005
Greece,16,708.0,2005
Germany,16,708.0,2005
Japan,15,715.0,2005
Sweden,14,732.0,2005
Slovakia,45,621.0,2005
Bulgaria,39,638.0,2005
Norway,38,649.0,2005
Ecuador,37,651.0,2005
Morocco,36,655.0,2005
Netherlands,3,791.0,2005
Czech Republic,2,796.0,2005
Italy,12,741.0,2005
Turkey,11,748.0,2005
Portugal,10,754.0,2005
England,9,757.0,2005
USA,8,767.0,2005
France,5,768.0,2005
Spain,5,768.0,2005
Mexico,5,768.0,2005
Argentina,4,772.0,2005
Korea Republic,29,680.0,2005
Bahamas,191,83.0,2005
Guinea-Bissau,190,84.0,2005
Macau,189,86.0,2005
Somalia,187,92.0,2005
Bhutan,187,92.0,2005
Philippines,186,95.0,2005
New Caledonia,184,114.0,2005
Cambodia,184,114.0,2005
Tonga,183,128.0,2005
Madagascar,150,288.0,2005
Grenada,149,295.0,2005
Kazakhstan,148,299.0,2005
Vanuatu,147,305.0,2005
Lesotho,146,311.0,2005
Myanmar,145,313.0,2005
Cayman Islands,176,156.0,2005
Samoa,177,155.0,2005
Belize,179,142.0,2005
Central African Republic,179,142.0,2005
Guyana,179,142.0,2005
Mongolia,182,141.0,2005
Puerto Rico,193,73.0,2005
Sao Tome e Principe,194,68.0,2005
US Virgin Islands,195,66.0,2005
Brunei Darussalam,197,58.0,2005
Faroe Islands,170,54.0,2006
American Samoa,196,0.0,2006
Guam,196,0.0,2006
Brazil,1,1588.0,2006
Russia,22,858.0,2006
Ecuador,30,802.0,2006
USA,31,792.0,2006
Tunisia,32,790.0,2006
Serbia,33,765.0,2006
Colombia,34,758.0,2006
Paraguay,35,745.0,2006
Mali,36,732.0,2006
Slovakia,37,720.0,2006
IR Iran,38,716.0,2006
Netherlands,7,1305.0,2006
Czech Republic,10,1190.0,2006
Mexico,20,883.0,2006
Denmark,21,865.0,2006
Italy,2,1560.0,2006
Argentina,3,1551.0,2006
France,4,1523.0,2006
England,5,1359.0,2006
US Virgin Islands,196,0.0,2006
British Virgin Islands,169,55.0,2006
St. Kitts and Nevis,137,134.0,2006
Sri Lanka,139,124.0,2006
New Caledonia,172,51.0,2006
Central African Republic,173,49.0,2006
Afghanistan,174,48.0,2006
Papua New Guinea,175,47.0,2006
Macau,183,31.0,2006
Niger,170,54.0,2006
Seychelles,142,116.0,2006
Cayman Islands,176,46.0,2006
Eritrea,177,39.0,2006
Brunei Darussalam,178,38.0,2006
Guinea-Bissau,179,36.0,2006
Somalia,179,36.0,2006
Mongolia,181,35.0,2006
Laos,182,34.0,2006
Dominica,183,31.0,2006
Cambodia,183,31.0,2006
Barbados,153,94.0,2006
Kyrgyz Republic,122,185.0,2006
Malta,123,178.0,2006
Sierra Leone,156,89.0,2006
Madagascar,157,88.0,2006
Burundi,158,86.0,2006
Mozambique,127,164.0,2006
Grenada,160,78.0,2006
Bermuda,161,72.0,2006
Nicaragua,162,70.0,2006
Vanuatu,162,70.0,2006
Myanmar,164,67.0,2006
Tahiti,165,66.0,2006
Nepal,165,66.0,2006
Mauritania,167,61.0,2006
Namibia,168,56.0,2006
Liberia,137,134.0,2006
Armenia,106,247.0,2006
Benin,107,244.0,2006
Indonesia,140,118.0,2006
Kazakhstan,141,117.0,2006
Vietnam,142,116.0,2006
Syria,111,231.0,2006
Bangladesh,144,114.0,2006
Tanzania,144,114.0,2006
Antigua and Barbuda,146,112.0,2006
Malaysia,147,108.0,2006
El Salvador,148,107.0,2006
Turkmenistan,149,106.0,2006
Chinese Taipei,150,104.0,2006
Suriname,151,99.0,2006
Solomon Islands,152,95.0,2006
Palestine,121,190.0,2006
China PR,90,343.0,2006
United Arab Emirates,91,329.0,2006
Haiti,124,173.0,2006
Liechtenstein,125,170.0,2006
Yemen,126,168.0,2006
Bahrain,95,311.0,2006
Maldives,127,164.0,2006
Chad,129,158.0,2006
St. Vincent and the Grenadines,130,155.0,2006
India,131,151.0,2006
Guyana,132,142.0,2006
Andorra,132,142.0,2006
Lesotho,134,141.0,2006
Fiji,135,140.0,2006
Mauritius,136,137.0,2006
Botswana,105,255.0,2006
Belarus,74,453.0,2006
Burkina Faso,75,445.0,2006
Iceland,108,238.0,2006
Congo,109,237.0,2006
Azerbaijan,110,234.0,2006
Jamaica,79,409.0,2006
Singapore,112,230.0,2006
Lebanon,113,228.0,2006
Thailand,114,227.0,2006
Sudan,114,227.0,2006
St. Lucia,116,202.0,2006
Tajikistan,117,200.0,2006
Kenya,118,193.0,2006
New Zealand,118,193.0,2006
Hong Kong,118,193.0,2006
Iraq,89,350.0,2006
Belgium,58,555.0,2006
Wales,59,547.0,2006
Korea DPR,92,327.0,2006
Cyprus,93,320.0,2006
Algeria,94,318.0,2006
Zambia,63,498.0,2006
Equatorial Guinea,96,299.0,2006
Gabon,97,293.0,2006
Cuba,97,293.0,2006
Jordan,99,288.0,2006
Uganda,100,276.0,2006
Kuwait,101,272.0,2006
Ethiopia,102,270.0,2006
Cape Verde Islands,103,259.0,2006
Rwanda,104,256.0,2006
South Africa,73,455.0,2006
Scotland,42,677.0,2006
Peru,43,661.0,2006
Northern Ireland,76,425.0,2006
Qatar,77,420.0,2006
Moldova,78,416.0,2006
Chile,47,630.0,2006
Libya,80,401.0,2006
Malawi,81,400.0,2006
Saudi Arabia,82,399.0,2006
Latvia,83,386.0,2006
Estonia,83,386.0,2006
Hungary,85,383.0,2006
Bolivia,86,368.0,2006
Oman,87,367.0,2006
Georgia,88,359.0,2006
Korea Republic,57,557.0,2006
Romania,26,834.0,2006
Turkey,27,824.0,2006
Panama,60,522.0,2006
Austria,61,506.0,2006
Slovenia,62,505.0,2006
Tunisia,31,805.0,2006
Mali,64,497.0,2006
Trinidad and Tobago,65,487.0,2006
Albania,66,478.0,2006
Zimbabwe,67,476.0,2006
Congo DR,68,475.0,2006
Venezuela,69,463.0,2006
Lithuania,70,458.0,2006
Finland,71,456.0,2006
FYR Macedonia,71,456.0,2006
Morocco,41,681.0,2006
Czech Republic,10,1223.0,2006
Nigeria,11,1149.0,2006
Bosnia and Herzegovina,44,660.0,2006
Slovakia,45,659.0,2006
Costa Rica,46,636.0,2006
Ukraine,15,961.0,2006
IR Iran,48,624.0,2006
Togo,49,622.0,2006
Japan,50,615.0,2006
Uzbekistan,51,606.0,2006
Israel,52,605.0,2006
Norway,53,604.0,2006
Guatemala,54,587.0,2006
Canada,55,567.0,2006
Angola,56,564.0,2006
Ghana,25,839.0,2006
Aruba,197,0.0,2006
US Virgin Islands,197,0.0,2006
Ecuador,28,821.0,2006
Egypt,29,819.0,2006
Poland,30,809.0,2006
Timor-Leste,197,0.0,2006
Greece,32,780.0,2006
Australia,33,738.0,2006
Russia,34,733.0,2006
Senegal,35,726.0,2006
Serbia,36,724.0,2006
Serbia and Montenegro,36,724.0,2006
Bulgaria,38,716.0,2006
Honduras,39,695.0,2006
Republic of Ireland,40,694.0,2006
Germany,9,1229.0,2006
Macau,184,28.0,2006
Luxembourg,185,27.0,2006
Cameroon,12,1109.0,2006
Switzerland,13,1028.0,2006
Uruguay,14,985.0,2006
British Virgin Islands,189,19.0,2006
USA,16,933.0,2006
Denmark,17,927.0,2006
Mexico,18,924.0,2006
Paraguay,19,915.0,2006
Côte d'Ivoire,20,909.0,2006
Colombia,21,902.0,2006
Sweden,22,886.0,2006
Croatia,23,854.0,2006
Guinea,24,850.0,2006
Sao Tome e Principe,197,0.0,2006
Nicaragua,168,69.0,2006
Turks and Caicos Islands,169,64.0,2006
Montserrat,197,0.0,2006
Guam,197,0.0,2006
American Samoa,197,0.0,2006
Tahiti,173,55.0,2006
Comoros,197,0.0,2006
Brazil,1,1630.0,2006
Italy,2,1550.0,2006
Argentina,3,1472.0,2006
France,4,1462.0,2006
England,5,1434.0,2006
Netherlands,6,1322.0,2006
Spain,7,1309.0,2006
Portugal,8,1301.0,2006
Madagascar,183,30.0,2006
Malaysia,152,102.0,2006
Indonesia,153,101.0,2006
Samoa,186,22.0,2006
Tonga,187,21.0,2006
Cayman Islands,188,20.0,2006
India,157,89.0,2006
Guinea-Bissau,190,18.0,2006
Bhutan,191,16.0,2006
Somalia,192,13.0,2006
San Marino,193,11.0,2006
Puerto Rico,194,10.0,2006
Anguilla,195,6.0,2006
Cook Islands,196,3.0,2006
Belize,197,0.0,2006
Djibouti,197,0.0,2006
Vanuatu,167,70.0,2006
Dominican Republic,136,157.0,2006
Thailand,137,156.0,2006
Nepal,170,63.0,2006
Philippines,171,61.0,2006
Vietnam,172,59.0,2006
Yemen,141,143.0,2006
Cambodia,174,54.0,2006
Brunei Darussalam,175,53.0,2006
New Caledonia,176,51.0,2006
Papua New Guinea,177,47.0,2006
Central African Republic,178,40.0,2006
Afghanistan,179,39.0,2006
Mongolia,180,31.0,2006
Faroe Islands,180,31.0,2006
Dominica,180,31.0,2006
Laos,151,105.0,2006
Sudan,120,222.0,2006
Rwanda,121,220.0,2006
Myanmar,154,100.0,2006
Turkmenistan,155,96.0,2006
El Salvador,156,91.0,2006
Azerbaijan,125,185.0,2006
Maldives,158,84.0,2006
Liechtenstein,158,84.0,2006
St. Lucia,160,81.0,2006
Lesotho,160,81.0,2006
Solomon Islands,160,81.0,2006
Grenada,163,78.0,2006
Pakistan,164,76.0,2006
Andorra,164,76.0,2006
Chinese Taipei,166,73.0,2006
Kazakhstan,135,158.0,2006
Malawi,104,287.0,2006
Guatemala,105,284.0,2006
Mauritius,138,151.0,2006
Kyrgyz Republic,139,149.0,2006
Eritrea,140,146.0,2006
Equatorial Guinea,109,262.0,2006
Chad,142,142.0,2006
St. Kitts and Nevis,143,137.0,2006
Bangladesh,144,124.0,2006
Sri Lanka,145,122.0,2006
Bahamas,146,113.0,2006
Niger,147,112.0,2006
Eswatini,148,108.0,2006
Sierra Leone,148,108.0,2006
Fiji,150,107.0,2006
Malta,119,223.0,2006
Albania,87,375.0,2006
Congo,89,370.0,2006
Suriname,122,218.0,2006
Armenia,123,196.0,2006
Tajikistan,124,190.0,2006
Iceland,93,335.0,2006
Lebanon,126,179.0,2006
Kenya,127,175.0,2006
Mozambique,128,174.0,2006
Palestine,128,174.0,2006
Seychelles,130,173.0,2006
New Zealand,131,172.0,2006
Antigua and Barbuda,132,168.0,2006
Mauritania,133,164.0,2006
Gambia,134,163.0,2006
Uganda,103,292.0,2006
Oman,72,437.0,2006
Venezuela,73,428.0,2006
Estonia,106,278.0,2006
Bermuda,107,270.0,2006
Botswana,108,269.0,2006
Slovenia,77,414.0,2006
Tanzania,110,251.0,2006
Singapore,111,240.0,2006
Syria,112,236.0,2006
Korea DPR,113,235.0,2006
Benin,114,232.0,2006
Liberia,115,230.0,2006
Namibia,116,227.0,2006
Hong Kong,117,225.0,2006
Burundi,117,225.0,2006
United Arab Emirates,87,375.0,2006
Honduras,56,538.0,2006
Jamaica,57,529.0,2006
Latvia,90,364.0,2006
Trinidad and Tobago,91,360.0,2006
Ethiopia,92,338.0,2006
Burkina Faso,61,491.0,2006
Georgia,94,327.0,2006
Jordan,95,326.0,2006
Gabon,95,326.0,2006
Bahrain,97,315.0,2006
Barbados,98,314.0,2006
Libya,99,308.0,2006
Guyana,100,303.0,2006
Bolivia,101,300.0,2006
Haiti,102,298.0,2006
Peru,70,447.0,2006
Morocco,39,703.0,2006
Senegal,41,700.0,2006
Wales,73,428.0,2006
Cyprus,73,428.0,2006
Zimbabwe,76,424.0,2006
Uzbekistan,45,645.0,2006
Cape Verde Islands,78,413.0,2006
Kuwait,78,413.0,2006
Algeria,80,412.0,2006
Panama,81,411.0,2006
Canada,82,399.0,2006
Iraq,83,395.0,2006
China PR,84,389.0,2006
St. Vincent and the Grenadines,85,387.0,2006
Moldova,86,382.0,2006
Angola,55,540.0,2006
Poland,24,854.0,2006
Scotland,25,847.0,2006
Qatar,58,523.0,2006
Bosnia and Herzegovina,59,511.0,2006
Togo,60,500.0,2006
Uruguay,29,806.0,2006
Zambia,62,483.0,2006
Hungary,62,483.0,2006
Saudi Arabia,64,481.0,2006
Austria,65,473.0,2006
Congo DR,66,469.0,2006
South Africa,67,468.0,2006
Costa Rica,68,458.0,2006
Lithuania,69,455.0,2006
Belarus,70,447.0,2006
Australia,39,703.0,2006
Portugal,8,1258.0,2006
Nigeria,9,1244.0,2006
Chile,41,700.0,2006
Bulgaria,43,684.0,2006
Israel,44,667.0,2006
Cameroon,11,1160.0,2006
Spain,12,1154.0,2006
Ukraine,13,1054.0,2006
Cuba,46,641.0,2006
Japan,47,640.0,2006
Northern Ireland,48,625.0,2006
Republic of Ireland,49,596.0,2006
Norway,50,587.0,2006
Korea Republic,51,575.0,2006
Finland,52,569.0,2006
Belgium,53,563.0,2006
FYR Macedonia,54,545.0,2006
Guinea,23,856.0,2006
Turkey,26,845.0,2006
Egypt,27,835.0,2006
Ghana,28,816.0,2006
Gambia,159,79.0,2006
Philippines,192,9.0,2006
Bahamas,193,7.0,2006
Cook Islands,194,3.0,2006
Luxembourg,194,3.0,2006
Belize,196,0.0,2006
Djibouti,196,0.0,2006
Sao Tome e Principe,196,0.0,2006
Aruba,196,0.0,2006
Germany,6,1350.0,2006
Sweden,14,958.0,2006
Croatia,15,948.0,2006
Greece,16,945.0,2006
Switzerland,17,937.0,2006
Côte d'Ivoire,18,919.0,2006
Romania,19,912.0,2006
Turks and Caicos Islands,196,0.0,2006
San Marino,191,12.0,2006
Puerto Rico,190,17.0,2006
Tonga,189,21.0,2006
Samoa,188,22.0,2006
Bhutan,187,24.0,2006
Dominican Republic,186,26.0,2006
Anguilla,196,0.0,2006
Montserrat,196,0.0,2006
Pakistan,154,91.0,2006
Eswatini,154,91.0,2006
Republic of Ireland,35,731.0,2007
Finland,36,697.0,2007
Côte d'Ivoire,37,688.0,2007
Senegal,38,687.0,2007
Morocco,39,686.0,2007
Portugal,8,1241.0,2007
Greece,11,1114.0,2007
England,12,1113.0,2007
Romania,13,1088.0,2007
Scotland,14,990.0,2007
Tunisia,47,639.0,2007
Australia,48,607.0,2007
Belgium,49,600.0,2007
Hungary,50,588.0,2007
Bosnia and Herzegovina,51,585.0,2007
Moldova,52,579.0,2007
Japan,34,748.0,2007
Montenegro,199,0.0,2007
Philippines,168,58.0,2007
Solomon Islands,168,58.0,2007
Montserrat,199,0.0,2007
Guam,199,0.0,2007
American Samoa,199,0.0,2007
Timor-Leste,199,0.0,2007
Dominica,184,21.0,2007
Cayman Islands,185,20.0,2007
Aruba,199,0.0,2007
US Virgin Islands,199,0.0,2007
Nepal,183,24.0,2007
Kyrgyz Republic,152,97.0,2007
Nicaragua,153,96.0,2007
Central African Republic,185,20.0,2007
Macau,185,20.0,2007
Faroe Islands,188,18.0,2007
Guinea-Bissau,188,18.0,2007
Cook Islands,198,2.0,2007
Madagascar,167,59.0,2007
Mauritania,136,172.0,2007
Kenya,137,166.0,2007
Cambodia,170,55.0,2007
Brunei Darussalam,171,51.0,2007
Bangladesh,172,45.0,2007
Mongolia,173,44.0,2007
Belize,199,0.0,2007
Djibouti,199,0.0,2007
Sao Tome e Principe,199,0.0,2007
Montenegro,199,0.0,2007
Comoros,182,26.0,2007
Myanmar,151,98.0,2007
Malta,120,240.0,2007
Liberia,121,232.0,2007
Malaysia,154,95.0,2007
Chinese Taipei,154,95.0,2007
Grenada,156,91.0,2007
Maldives,157,87.0,2007
Afghanistan,188,18.0,2007
Samoa,191,14.0,2007
Somalia,192,13.0,2007
Tonga,192,13.0,2007
Puerto Rico,194,10.0,2007
San Marino,195,8.0,2007
Bhutan,196,4.0,2007
Anguilla,196,4.0,2007
Turks and Caicos Islands,166,64.0,2007
Lebanon,135,173.0,2007
Equatorial Guinea,104,315.0,2007
Tanzania,105,313.0,2007
Yemen,138,165.0,2007
Chad,139,163.0,2007
Dominican Republic,140,149.0,2007
Palestine,141,148.0,2007
Luxembourg,174,41.0,2007
Netherlands Antilles,174,41.0,2007
Pakistan,176,37.0,2007
Vanuatu,177,35.0,2007
New Caledonia,178,34.0,2007
British Virgin Islands,179,33.0,2007
Tahiti,180,30.0,2007
Papua New Guinea,180,30.0,2007
Seychelles,150,107.0,2007
Kazakhstan,118,245.0,2007
Slovenia,88,366.0,2007
Bahrain,88,366.0,2007
Rwanda,122,228.0,2007
Eritrea,123,227.0,2007
Estonia,124,226.0,2007
Suriname,125,224.0,2007
Andorra,157,87.0,2007
St. Lucia,157,87.0,2007
Sri Lanka,160,85.0,2007
Sierra Leone,161,81.0,2007
India,162,74.0,2007
Laos,163,71.0,2007
Turkmenistan,164,69.0,2007
Fiji,165,67.0,2007
El Salvador,134,176.0,2007
St. Vincent / Grenadines,103,316.0,2007
Congo DR,72,441.0,2007
China PR,73,439.0,2007
United Arab Emirates,106,311.0,2007
Thailand,107,293.0,2007
Gabon,108,292.0,2007
Iceland,109,277.0,2007
St. Kitts and Nevis,142,146.0,2007
Lesotho,143,145.0,2007
Mauritius,144,124.0,2007
Tajikistan,145,116.0,2007
Niger,146,115.0,2007
Swaziland,147,113.0,2007
Bahamas,148,111.0,2007
New Zealand,148,111.0,2007
Barbados,118,245.0,2007
Libya,87,371.0,2007
Venezuela,56,520.0,2007
Panama,57,518.0,2007
Cuba,90,360.0,2007
Ethiopia,91,355.0,2007
Haiti,92,347.0,2007
Jamaica,93,343.0,2007
Namibia,126,220.0,2007
Indonesia,127,214.0,2007
Hong Kong,128,212.0,2007
Gambia,129,204.0,2007
Bermuda,130,194.0,2007
Antigua and Barbuda,131,192.0,2007
Singapore,132,185.0,2007
Liechtenstein,133,184.0,2007
Moldova,102,320.0,2007
Belarus,71,443.0,2007
Tunisia,40,699.0,2007
Finland,41,696.0,2007
Wales,74,427.0,2007
Guatemala,75,425.0,2007
Oman,76,416.0,2007
Algeria,77,402.0,2007
Azerbaijan,109,277.0,2007
Latvia,111,276.0,2007
Malawi,112,275.0,2007
Syria,113,261.0,2007
Sudan,113,261.0,2007
Korea DPR,115,260.0,2007
Burundi,116,258.0,2007
Vietnam,117,251.0,2007
Mozambique,86,374.0,2007
Angola,55,524.0,2007
Turkey,24,876.0,2007
Nigeria,25,867.0,2007
Korea Republic,58,511.0,2007
Togo,59,507.0,2007
FYR Macedonia,60,503.0,2007
Zambia,61,488.0,2007
Kuwait,94,339.0,2007
Georgia,95,337.0,2007
Congo,96,336.0,2007
Zimbabwe,96,336.0,2007
Jordan,98,332.0,2007
Uganda,99,329.0,2007
Guyana,100,328.0,2007
Botswana,101,323.0,2007
Belgium,70,444.0,2007
Republic of Ireland,39,707.0,2007
Portugal,8,1146.0,2007
Spain,9,1144.0,2007
Egypt,42,687.0,2007
Guinea,43,683.0,2007
Senegal,44,670.0,2007
Switzerland,45,667.0,2007
Lithuania,78,400.0,2007
Armenia,79,399.0,2007
Iraq,80,398.0,2007
Cyprus,81,393.0,2007
Austria,82,391.0,2007
Qatar,83,387.0,2007
Burkina Faso,84,385.0,2007
Benin,85,384.0,2007
Uzbekistan,54,526.0,2007
Russia,23,879.0,2007
Cook Islands,201,2.0,2007
Timor-Leste,202,0.0,2007
Denmark,26,856.0,2007
Bosnia and Herzegovina,27,847.0,2007
Northern Ireland,28,838.0,2007
Paraguay,29,834.0,2007
Saudi Arabia,61,488.0,2007
Honduras,63,485.0,2007
South Africa,64,479.0,2007
Hungary,65,461.0,2007
Trinidad and Tobago,65,461.0,2007
Albania,67,454.0,2007
Cape Verde Islands,68,448.0,2007
Bolivia,68,448.0,2007
Slovakia,38,710.0,2007
Croatia,7,1192.0,2007
Netherlands Antilles,184,30.0,2007
Papua New Guinea,184,30.0,2007
Mexico,10,1142.0,2007
Czech Republic,11,1117.0,2007
England,12,1097.0,2007
Romania,13,1068.0,2007
IR Iran,46,666.0,2007
Chile,47,642.0,2007
Mali,48,604.0,2007
Australia,49,594.0,2007
Costa Rica,50,567.0,2007
Peru,50,567.0,2007
Canada,52,562.0,2007
Ecuador,53,547.0,2007
Scotland,22,895.0,2007
Anguilla,199,4.0,2007
Chinese Taipei,169,78.0,2007
Tonga,170,77.0,2007
Belize,202,0.0,2007
US Virgin Islands,202,0.0,2007
Montserrat,202,0.0,2007
Guam,202,0.0,2007
Bulgaria,30,832.0,2007
Côte d'Ivoire,31,821.0,2007
Colombia,32,818.0,2007
Israel,33,788.0,2007
Morocco,34,780.0,2007
Norway,35,737.0,2007
Japan,36,722.0,2007
Ghana,37,721.0,2007
Netherlands,6,1195.0,2007
Cambodia,184,30.0,2007
Suriname,153,116.0,2007
Lesotho,154,113.0,2007
Nepal,187,29.0,2007
Comoros,188,26.0,2007
Brunei Darussalam,189,24.0,2007
Dominica,190,21.0,2007
USA,14,1036.0,2007
Cameroon,15,979.0,2007
Greece,16,978.0,2007
Ukraine,17,973.0,2007
Serbia,17,973.0,2007
Uruguay,19,949.0,2007
Sweden,20,918.0,2007
Poland,21,912.0,2007
Bhutan,199,4.0,2007
Bangladesh,168,79.0,2007
Tajikistan,137,183.0,2007
Malawi,138,182.0,2007
Guinea-Bissau,171,72.0,2007
Montenegro,172,65.0,2007
Montenegro,172,65.0,2007
Djibouti,174,64.0,2007
Aruba,202,0.0,2007
American Samoa,202,0.0,2007
Sao Tome e Principe,202,0.0,2007
Brazil,1,1500.0,2007
Argentina,2,1476.0,2007
Italy,3,1368.0,2007
France,4,1357.0,2007
Germany,5,1311.0,2007
Central African Republic,183,31.0,2007
Antigua and Barbuda,151,120.0,2007
Thailand,121,261.0,2007
Liechtenstein,122,260.0,2007
Niger,155,103.0,2007
Sierra Leone,156,102.0,2007
Myanmar,157,100.0,2007
Mauritius,158,99.0,2007
Macau,191,18.0,2007
Afghanistan,192,16.0,2007
British Virgin Islands,193,13.0,2007
Cayman Islands,193,13.0,2007
Faroe Islands,195,12.0,2007
Somalia,196,8.0,2007
Puerto Rico,197,7.0,2007
San Marino,198,6.0,2007
Sri Lanka,167,82.0,2007
Malta,136,184.0,2007
Ethiopia,105,330.0,2007
Guatemala,106,324.0,2007
Kyrgyz Republic,139,180.0,2007
Vanuatu,140,175.0,2007
Chad,141,171.0,2007
Vietnam,142,159.0,2007
Bahamas,175,58.0,2007
Andorra,176,57.0,2007
Grenada,177,45.0,2007
Laos,177,45.0,2007
Mongolia,179,44.0,2007
Philippines,180,40.0,2007
St. Lucia,181,34.0,2007
Turks and Caicos Islands,182,32.0,2007
Maldives,151,120.0,2007
Jordan,120,263.0,2007
Tanzania,89,383.0,2007
Iceland,90,380.0,2007
Solomon Islands,123,250.0,2007
Estonia,124,229.0,2007
Hong Kong,125,228.0,2007
Singapore,126,224.0,2007
Malaysia,159,98.0,2007
St. Kitts and Nevis,160,97.0,2007
Nicaragua,161,96.0,2007
Tahiti,162,94.0,2007
Pakistan,163,89.0,2007
Seychelles,163,89.0,2007
Palestine,165,86.0,2007
Dominican Republic,166,83.0,2007
Lebanon,134,188.0,2007
Gabon,104,332.0,2007
Angola,73,443.0,2007
Congo DR,74,437.0,2007
Syria,107,317.0,2007
Bolivia,108,313.0,2007
Burundi,109,307.0,2007
Kenya,110,306.0,2007
India,143,158.0,2007
Yemen,144,155.0,2007
Liberia,145,152.0,2007
Samoa,146,142.0,2007
Bermuda,147,140.0,2007
Swaziland,148,131.0,2007
Luxembourg,149,127.0,2007
Madagascar,149,127.0,2007
Kuwait,119,270.0,2007
Zimbabwe,87,385.0,2007
Wales,57,560.0,2007
FYR Macedonia,58,556.0,2007
Congo,91,377.0,2007
Sudan,92,374.0,2007
Armenia,93,367.0,2007
Austria,94,366.0,2007
Turkmenistan,127,222.0,2007
Guyana,128,221.0,2007
Barbados,128,221.0,2007
Mauritania,130,212.0,2007
Fiji,131,208.0,2007
Eritrea,132,199.0,2007
Indonesia,133,189.0,2007
El Salvador,134,188.0,2007
Botswana,103,333.0,2007
Togo,72,448.0,2007
IR Iran,41,677.0,2007
Korea Republic,42,663.0,2007
Mozambique,75,419.0,2007
Uganda,76,417.0,2007
Georgia,77,414.0,2007
South Africa,77,414.0,2007
Cape Verde Islands,111,301.0,2007
Kazakhstan,112,284.0,2007
Burkina Faso,113,283.0,2007
Namibia,114,282.0,2007
Korea DPR,115,275.0,2007
Azerbaijan,115,275.0,2007
Gambia,117,272.0,2007
New Caledonia,118,271.0,2007
Qatar,87,385.0,2007
Ecuador,56,573.0,2007
Sweden,24,853.0,2007
Israel,26,852.0,2007
Lithuania,59,554.0,2007
Belarus,60,553.0,2007
Saudi Arabia,61,552.0,2007
Venezuela,62,547.0,2007
Libya,95,349.0,2007
New Zealand,95,349.0,2007
Benin,97,348.0,2007
Jamaica,97,348.0,2007
Rwanda,99,345.0,2007
United Arab Emirates,100,342.0,2007
St. Vincent / Grenadines,101,341.0,2007
Bahrain,102,339.0,2007
Cuba,71,453.0,2007
Egypt,39,686.0,2007
Netherlands,9,1170.0,2007
Croatia,10,1129.0,2007
Ghana,43,659.0,2007
Switzerland,44,657.0,2007
Chile,45,655.0,2007
Mali,46,652.0,2007
Algeria,79,411.0,2007
Albania,80,407.0,2007
Trinidad and Tobago,81,406.0,2007
China PR,81,406.0,2007
Slovenia,83,403.0,2007
Oman,84,391.0,2007
Equatorial Guinea,85,387.0,2007
Latvia,86,386.0,2007
Slovakia,53,578.0,2007
Honduras,53,578.0,2007
Canada,55,576.0,2007
Cameroon,24,853.0,2007
Serbia,27,844.0,2007
Uruguay,28,831.0,2007
Norway,29,827.0,2007
Ukraine,30,824.0,2007
Peru,63,508.0,2007
Uzbekistan,64,507.0,2007
Zambia,65,498.0,2007
Cyprus,66,493.0,2007
Panama,67,487.0,2007
Iraq,68,472.0,2007
Haiti,69,467.0,2007
Costa Rica,70,466.0,2007
Brazil,2,1502.0,2007
Italy,3,1498.0,2007
Spain,4,1349.0,2007
Germany,5,1298.0,2007
Czech Republic,6,1290.0,2007
France,7,1243.0,2007
Guinea,33,758.0,2007
Northern Ireland,32,780.0,2007
Denmark,31,797.0,2007
Russia,23,861.0,2007
Poland,22,862.0,2007
Paraguay,21,873.0,2007
Nigeria,20,875.0,2007
USA,19,876.0,2007
Bulgaria,18,881.0,2007
Colombia,17,907.0,2007
Turkey,16,924.0,2007
Mexico,15,982.0,2007
Argentina,1,1523.0,2007
Tunisia,46,605.0,2008
Hungary,47,603.0,2008
Saudi Arabia,48,600.0,2008
Colombia,49,597.0,2008
Senegal,50,587.0,2008
Lithuania,51,583.0,2008
Northern Ireland,52,580.0,2008
Costa Rica,53,578.0,2008
Belgium,54,548.0,2008
Uruguay,23,828.0,2008
Germany,2,1381.0,2008
Netherlands,3,1338.0,2008
Mexico,26,811.0,2008
Bulgaria,27,782.0,2008
Australia,28,777.0,2008
Côte d'Ivoire,29,771.0,2008
Egypt,16,894.0,2008
Paraguay,17,889.0,2008
Israel,18,877.0,2008
Nigeria,19,876.0,2008
Greece,20,872.0,2008
Romania,21,858.0,2008
USA,22,853.0,2008
Italy,4,1326.0,2008
Brazil,5,1246.0,2008
Argentina,6,1180.0,2008
Croatia,7,1142.0,2008
Serbia,30,761.0,2008
Chile,31,757.0,2008
Sweden,32,748.0,2008
Scotland,33,739.0,2008
Portugal,11,1007.0,2008
Papua New Guinea,199,0.0,2008
Malaysia,166,96.0,2008
Pakistan,169,89.0,2008
Aruba,199,0.0,2008
Montserrat,199,0.0,2008
American Samoa,199,0.0,2008
Timor-Leste,199,0.0,2008
Cambodia,184,50.0,2008
Nicaragua,185,45.0,2008
San Marino,199,0.0,2008
Anguilla,199,0.0,2008
Cook Islands,199,0.0,2008
Guam,199,0.0,2008
Sao Tome e Principe,199,0.0,2008
Andorra,183,51.0,2008
Luxembourg,152,149.0,2008
India,153,137.0,2008
Djibouti,186,40.0,2008
Cayman Islands,187,36.0,2008
Brunei Darussalam,187,36.0,2008
Laos,189,34.0,2008
Bhutan,190,32.0,2008
Dominica,191,25.0,2008
Mongolia,192,24.0,2008
US Virgin Islands,193,17.0,2008
Comoros,194,13.0,2008
Faroe Islands,195,12.0,2008
Macau,196,11.0,2008
Somalia,197,8.0,2008
Central African Republic,198,6.0,2008
Bahamas,166,96.0,2008
Solomon Islands,136,200.0,2008
Sierra Leone,137,193.0,2008
Philippines,169,89.0,2008
British Virgin Islands,171,79.0,2008
Palestine,172,74.0,2008
Niger,172,74.0,2008
Guinea-Bissau,174,72.0,2008
Belize,175,71.0,2008
Chinese Taipei,176,68.0,2008
Nepal,177,66.0,2008
Dominican Republic,177,66.0,2008
Tonga,179,64.0,2008
Tahiti,179,64.0,2008
Afghanistan,181,53.0,2008
Bangladesh,182,52.0,2008
St. Vincent / Grenadines,151,162.0,2008
Hong Kong,120,256.0,2008
Estonia,120,256.0,2008
Tajikistan,154,135.0,2008
Vanuatu,155,131.0,2008
Maldives,156,129.0,2008
Samoa,157,128.0,2008
Turkmenistan,158,127.0,2008
Lesotho,159,118.0,2008
St. Kitts and Nevis,160,113.0,2008
Sri Lanka,161,111.0,2008
St. Lucia,162,108.0,2008
Mauritius,163,101.0,2008
Myanmar,164,100.0,2008
Seychelles,165,98.0,2008
Turks and Caicos Islands,166,96.0,2008
Antigua and Barbuda,135,201.0,2008
Guatemala,104,351.0,2008
Austria,105,349.0,2008
Barbados,137,193.0,2008
Liberia,139,191.0,2008
Grenada,139,191.0,2008
Azerbaijan,139,191.0,2008
Eritrea,142,190.0,2008
Yemen,143,189.0,2008
Mauritania,144,184.0,2008
Kyrgyz Republic,145,183.0,2008
Montenegro,146,180.0,2008
Puerto Rico,146,180.0,2008
Fiji,148,174.0,2008
Netherlands Antilles,149,171.0,2008
Lebanon,150,169.0,2008
Haiti,119,259.0,2008
Suriname,87,396.0,2008
Georgia,89,393.0,2008
Guyana,122,254.0,2008
Swaziland,123,239.0,2008
Vietnam,124,233.0,2008
Kazakhstan,124,233.0,2008
New Caledonia,126,232.0,2008
Chad,127,231.0,2008
Singapore,127,231.0,2008
Liechtenstein,129,230.0,2008
Madagascar,130,225.0,2008
Namibia,131,224.0,2008
Indonesia,132,223.0,2008
Burundi,133,220.0,2008
Malta,134,204.0,2008
Syria,102,358.0,2008
Bahrain,72,456.0,2008
Zambia,73,452.0,2008
United Arab Emirates,106,348.0,2008
Malawi,107,346.0,2008
Ethiopia,108,335.0,2008
Mozambique,109,332.0,2008
Sudan,110,326.0,2008
Thailand,111,317.0,2008
Botswana,112,316.0,2008
New Zealand,112,316.0,2008
Jordan,114,301.0,2008
Tanzania,115,280.0,2008
Kuwait,116,269.0,2008
El Salvador,117,262.0,2008
Bermuda,118,260.0,2008
Rwanda,87,396.0,2008
FYR Macedonia,56,548.0,2008
Belarus,57,536.0,2008
Libya,90,391.0,2008
Gambia,91,387.0,2008
Kenya,92,384.0,2008
Algeria,93,383.0,2008
Jamaica,94,373.0,2008
Korea DPR,94,373.0,2008
Armenia,96,372.0,2008
Uganda,97,370.0,2008
Iceland,98,369.0,2008
Benin,99,361.0,2008
Congo,100,359.0,2008
Albania,100,359.0,2008
Trinidad and Tobago,102,358.0,2008
Bolivia,71,460.0,2008
Australia,40,668.0,2008
Republic of Ireland,41,666.0,2008
Bosnia and Herzegovina,74,448.0,2008
Gabon,74,448.0,2008
Congo DR,76,444.0,2008
Canada,77,441.0,2008
Cuba,78,438.0,2008
Costa Rica,79,433.0,2008
Qatar,80,428.0,2008
Slovenia,81,426.0,2008
Zimbabwe,82,421.0,2008
China PR,83,407.0,2008
Equatorial Guinea,84,403.0,2008
Cape Verde Islands,85,400.0,2008
Oman,86,397.0,2008
Uzbekistan,55,562.0,2008
Egypt,24,842.0,2008
Paraguay,25,832.0,2008
Iraq,58,526.0,2008
Lithuania,59,520.0,2008
Ecuador,60,511.0,2008
Venezuela,61,507.0,2008
Angola,61,507.0,2008
Cyprus,63,503.0,2008
Burkina Faso,64,496.0,2008
Slovakia,65,486.0,2008
Latvia,66,484.0,2008
Peru,67,481.0,2008
South Africa,67,481.0,2008
Togo,69,466.0,2008
Panama,69,466.0,2008
Guinea,39,670.0,2008
Czech Republic,8,1146.0,2008
Portugal,9,1104.0,2008
Senegal,42,658.0,2008
Chile,43,654.0,2008
Finland,44,653.0,2008
Switzerland,45,645.0,2008
Belgium,46,637.0,2008
Tunisia,47,629.0,2008
Honduras,48,624.0,2008
Saudi Arabia,49,623.0,2008
Moldova,50,622.0,2008
Mali,51,619.0,2008
Hungary,52,591.0,2008
Korea Republic,53,590.0,2008
Wales,54,578.0,2008
Colombia,23,869.0,2008
Somalia,200,5.0,2008
Cook Islands,201,0.0,2008
Sweden,26,801.0,2008
Nigeria,26,801.0,2008
Côte d'Ivoire,28,790.0,2008
Ukraine,29,786.0,2008
USA,30,780.0,2008
Norway,31,778.0,2008
Poland,32,773.0,2008
Northern Ireland,33,750.0,2008
Japan,34,745.0,2008
Serbia,35,740.0,2008
Denmark,36,722.0,2008
IR Iran,37,689.0,2008
Morocco,37,689.0,2008
Croatia,7,1282.0,2008
Faroe Islands,184,42.0,2008
Dominican Republic,185,40.0,2008
France,10,1053.0,2008
Russia,11,1023.0,2008
Romania,12,1021.0,2008
Cameroon,13,1011.0,2008
Turkey,14,1010.0,2008
England,15,1003.0,2008
Scotland,16,988.0,2008
Bulgaria,17,930.0,2008
Greece,18,911.0,2008
Mexico,19,906.0,2008
Ghana,20,885.0,2008
Israel,21,876.0,2008
Uruguay,22,870.0,2008
Central African Republic,199,6.0,2008
Turks and Caicos Islands,168,83.0,2008
Laos,169,80.0,2008
Anguilla,201,0.0,2008
Montserrat,201,0.0,2008
Guam,201,0.0,2008
American Samoa,201,0.0,2008
San Marino,201,0.0,2008
Papua New Guinea,201,0.0,2008
Sao Tome e Principe,201,0.0,2008
Spain,1,1557.0,2008
Italy,2,1404.0,2008
Germany,3,1364.0,2008
Brazil,4,1344.0,2008
Netherlands,5,1299.0,2008
Argentina,6,1298.0,2008
Afghanistan,183,44.0,2008
St. Kitts and Nevis,152,128.0,2008
Netherlands Antilles,152,128.0,2008
Guinea-Bissau,186,38.0,2008
Bhutan,187,33.0,2008
Djibouti,188,32.0,2008
Tahiti,188,32.0,2008
Tonga,188,32.0,2008
Dominica,191,25.0,2008
Mongolia,192,24.0,2008
Aruba,193,22.0,2008
Andorra,194,20.0,2008
US Virgin Islands,195,17.0,2008
Macau,196,10.0,2008
Timor-Leste,197,9.0,2008
Comoros,198,8.0,2008
Chinese Taipei,167,85.0,2008
Burundi,136,204.0,2008
Kazakhstan,137,199.0,2008
Mauritius,170,74.0,2008
Bahamas,170,74.0,2008
Cayman Islands,172,73.0,2008
Belize,173,71.0,2008
Bangladesh,174,70.0,2008
Nepal,174,70.0,2008
St. Lucia,176,64.0,2008
Samoa,176,64.0,2008
Cambodia,178,56.0,2008
Palestine,179,52.0,2008
British Virgin Islands,180,50.0,2008
Nicaragua,181,45.0,2008
Brunei Darussalam,181,45.0,2008
Hong Kong,151,139.0,2008
Estonia,119,260.0,2008
Luxembourg,121,259.0,2008
Maldives,154,127.0,2008
Vietnam,155,122.0,2008
Malaysia,156,120.0,2008
Myanmar,156,120.0,2008
Kyrgyz Republic,158,112.0,2008
Mauritania,158,112.0,2008
Philippines,160,108.0,2008
Lesotho,161,106.0,2008
Eritrea,162,103.0,2008
Solomon Islands,163,100.0,2008
Sri Lanka,163,100.0,2008
Pakistan,165,92.0,2008
Seychelles,166,91.0,2008
Madagascar,135,207.0,2008
Malawi,104,342.0,2008
Syria,105,337.0,2008
Swaziland,138,190.0,2008
Indonesia,139,179.0,2008
Liberia,139,179.0,2008
Vanuatu,141,176.0,2008
Puerto Rico,142,173.0,2008
India,143,168.0,2008
Niger,143,168.0,2008
Yemen,145,167.0,2008
Tajikistan,146,162.0,2008
Malta,147,151.0,2008
Turkmenistan,148,149.0,2008
Liechtenstein,149,147.0,2008
Lebanon,150,146.0,2008
Chad,119,260.0,2008
Panama,88,413.0,2008
Gambia,88,413.0,2008
Barbados,122,258.0,2008
Equatorial Guinea,123,257.0,2008
Jordan,124,250.0,2008
Bermuda,124,250.0,2008
Thailand,126,248.0,2008
Kuwait,127,242.0,2008
Antigua and Barbuda,128,238.0,2008
Suriname,129,231.0,2008
New Caledonia,130,229.0,2008
Guyana,131,226.0,2008
Singapore,132,219.0,2008
St. Vincent / Grenadines,133,216.0,2008
Azerbaijan,134,209.0,2008
Ethiopia,103,348.0,2008
Iraq,72,463.0,2008
Uzbekistan,72,463.0,2008
Fiji,106,333.0,2008
Cape Verde Islands,107,332.0,2008
Georgia,108,328.0,2008
Guatemala,109,327.0,2008
United Arab Emirates,110,320.0,2008
El Salvador,111,315.0,2008
Montenegro,112,310.0,2008
Armenia,113,303.0,2008
Korea DPR,113,303.0,2008
Namibia,115,287.0,2008
Sierra Leone,116,286.0,2008
Botswana,117,283.0,2008
Grenada,118,269.0,2008
Togo,86,419.0,2008
FYR Macedonia,56,533.0,2008
Slovenia,57,532.0,2008
Canada,90,410.0,2008
Congo DR,91,401.0,2008
Austria,92,388.0,2008
Sudan,93,385.0,2008
Cyprus,94,376.0,2008
Mozambique,95,375.0,2008
Oman,96,374.0,2008
Zimbabwe,97,373.0,2008
Moldova,97,373.0,2008
Tanzania,99,372.0,2008
China PR,100,368.0,2008
Benin,101,362.0,2008
Haiti,102,357.0,2008
Uganda,71,468.0,2008
Honduras,40,689.0,2008
Morocco,41,649.0,2008
Zambia,72,463.0,2008
Peru,75,462.0,2008
South Africa,76,461.0,2008
Trinidad and Tobago,77,459.0,2008
Rwanda,78,450.0,2008
Cuba,79,439.0,2008
Bahrain,80,428.0,2008
Albania,81,424.0,2008
Libya,82,423.0,2008
Iceland,83,421.0,2008
Belarus,84,420.0,2008
Qatar,84,420.0,2008
New Zealand,86,419.0,2008
Finland,55,535.0,2008
Switzerland,24,824.0,2008
Ghana,25,815.0,2008
Bolivia,58,528.0,2008
Norway,59,526.0,2008
Wales,60,522.0,2008
Bosnia and Herzegovina,61,517.0,2008
Burkina Faso,62,512.0,2008
Gabon,62,512.0,2008
Algeria,64,501.0,2008
Jamaica,65,487.0,2008
Venezuela,65,487.0,2008
Latvia,67,485.0,2008
Congo,68,484.0,2008
Kenya,68,484.0,2008
Angola,70,482.0,2008
Guinea,39,701.0,2008
England,8,1115.0,2008
Russia,9,1103.0,2008
Korea Republic,42,631.0,2008
IR Iran,43,626.0,2008
Slovakia,44,621.0,2008
Mali,45,615.0,2008
Cameroon,14,989.0,2008
Ukraine,15,909.0,2008
France,11,1007.0,2008
Czech Republic,11,1007.0,2008
Turkey,10,1016.0,2008
Poland,34,735.0,2008
Japan,35,734.0,2008
Ecuador,36,729.0,2008
Denmark,37,716.0,2008
Spain,1,1663.0,2008
Republic of Ireland,38,711.0,2008
St. Vincent / Grenadines,151,112.0,2009
Sri Lanka,150,115.0,2009
Lesotho,149,120.0,2009
Bangladesh,148,122.0,2009
Lebanon,147,125.0,2009
New Caledonia,146,126.0,2009
Malta,145,128.0,2009
Chad,144,130.0,2009
Suriname,143,133.0,2009
Hong Kong,142,137.0,2009
Bermuda,141,138.0,2009
Turkmenistan,140,139.0,2009
Myanmar,139,142.0,2009
Grenada,137,145.0,2009
Sierra Leone,137,145.0,2009
Maldives,136,146.0,2009
Cook Islands,186,34.0,2009
Guam,186,34.0,2009
Guinea-Bissau,185,38.0,2009
Tonga,183,40.0,2009
Dominican Republic,183,40.0,2009
Sao Tome e Principe,202,0.0,2009
American Samoa,202,0.0,2009
Montserrat,202,0.0,2009
San Marino,202,0.0,2009
Anguilla,202,0.0,2009
Papua New Guinea,202,0.0,2009
Central African Republic,201,4.0,2009
Comoros,199,8.0,2009
US Virgin Islands,199,8.0,2009
Timor-Leste,198,9.0,2009
Nepal,151,112.0,2009
India,155,112.0,2009
Sri Lanka,155,112.0,2009
Tajikistan,154,116.0,2009
Maldives,153,117.0,2009
Swaziland,152,119.0,2009
Malaysia,151,120.0,2009
Mauritius,182,45.0,2009
Brunei Darussalam,181,46.0,2009
Turks and Caicos Islands,180,51.0,2009
Seychelles,178,53.0,2009
Bahamas,178,53.0,2009
Belize,176,57.0,2009
Palestine,176,57.0,2009
Nepal,175,60.0,2009
Mongolia,174,61.0,2009
Samoa,172,64.0,2009
Yemen,140,159.0,2009
Liberia,139,161.0,2009
Nicaragua,138,165.0,2009
New Caledonia,137,168.0,2009
Azerbaijan,136,175.0,2009
Ethiopia,135,178.0,2009
Pakistan,166,85.0,2009
Puerto Rico,165,87.0,2009
Netherlands Antilles,164,88.0,2009
Lesotho,163,95.0,2009
Faroe Islands,162,96.0,2009
Solomon Islands,160,99.0,2009
Mauritania,160,99.0,2009
Kyrgyz Republic,159,102.0,2009
Eritrea,158,106.0,2009
Philippines,157,108.0,2009
Sierra Leone,124,241.0,2009
United Arab Emirates,123,242.0,2009
Armenia,122,243.0,2009
Jordan,121,245.0,2009
Guyana,120,269.0,2009
Zimbabwe,119,281.0,2009
St. Vincent / Grenadines,149,133.0,2009
Liechtenstein,149,133.0,2009
St. Kitts and Nevis,148,135.0,2009
Lebanon,147,138.0,2009
Myanmar,146,139.0,2009
Malta,145,140.0,2009
Turkmenistan,144,142.0,2009
Vietnam,143,149.0,2009
Bermuda,142,150.0,2009
Vanuatu,141,152.0,2009
China PR,107,312.0,2009
Antigua and Barbuda,107,312.0,2009
Guatemala,106,316.0,2009
Barbados,105,320.0,2009
Kenya,104,325.0,2009
Namibia,102,326.0,2009
Indonesia,133,186.0,2009
Hong Kong,133,186.0,2009
Niger,132,187.0,2009
Madagascar,131,202.0,2009
Botswana,130,207.0,2009
Kazakhstan,129,208.0,2009
Equatorial Guinea,128,219.0,2009
Burundi,127,220.0,2009
Singapore,126,228.0,2009
Chad,125,233.0,2009
Tanzania,92,350.0,2009
Iceland,91,358.0,2009
Congo,89,378.0,2009
Peru,89,378.0,2009
Cuba,88,383.0,2009
Moldova,87,389.0,2009
Luxembourg,118,284.0,2009
Rwanda,116,287.0,2009
Thailand,116,287.0,2009
Kuwait,115,292.0,2009
Haiti,114,295.0,2009
Cape Verde Islands,113,296.0,2009
Grenada,112,305.0,2009
Estonia,111,308.0,2009
Suriname,110,309.0,2009
Malawi,107,312.0,2009
Libya,75,441.0,2009
Uganda,75,441.0,2009
Belarus,74,444.0,2009
Cyprus,73,445.0,2009
South Africa,72,449.0,2009
Togo,71,468.0,2009
Georgia,102,326.0,2009
Angola,101,332.0,2009
Fiji,100,333.0,2009
Iraq,99,334.0,2009
New Zealand,98,336.0,2009
Gambia,97,337.0,2009
Congo DR,95,339.0,2009
Montenegro,95,339.0,2009
Syria,94,343.0,2009
Albania,93,347.0,2009
Slovenia,60,539.0,2009
Lithuania,59,545.0,2009
Mali,58,551.0,2009
Guinea,57,562.0,2009
Latvia,56,563.0,2009
Morocco,55,570.0,2009
Korea DPR,86,396.0,2009
Qatar,85,397.0,2009
Senegal,84,399.0,2009
Benin,83,400.0,2009
Mozambique,82,402.0,2009
El Salvador,81,408.0,2009
Oman,80,411.0,2009
Uzbekistan,79,412.0,2009
Panama,78,417.0,2009
Zambia,77,425.0,2009
Bosnia and Herzegovina,44,680.0,2009
Hungary,43,681.0,2009
Slovakia,42,687.0,2009
Sweden,41,702.0,2009
Poland,40,706.0,2009
Japan,39,729.0,2009
Trinidad and Tobago,70,478.0,2009
Jamaica,69,489.0,2009
Austria,68,493.0,2009
Wales,67,494.0,2009
Canada,66,498.0,2009
Bahrain,65,502.0,2009
Saudi Arabia,64,520.0,2009
Bolivia,63,522.0,2009
Belgium,62,533.0,2009
IR Iran,61,534.0,2009
Turkey,28,809.0,2009
Romania,27,814.0,2009
Chile,26,817.0,2009
Israel,25,822.0,2009
Scotland,24,837.0,2009
Bulgaria,23,839.0,2009
Venezuela,54,583.0,2009
FYR Macedonia,53,589.0,2009
Finland,52,593.0,2009
Burkina Faso,51,598.0,2009
Norway,50,606.0,2009
Tunisia,49,614.0,2009
Korea Republic,48,626.0,2009
Algeria,47,661.0,2009
Honduras,46,664.0,2009
Colombia,45,668.0,2009
USA,12,991.0,2009
Greece,11,1001.0,2009
Croatia,10,1031.0,2009
France,9,1059.0,2009
Argentina,8,1080.0,2009
England,7,1135.0,2009
Costa Rica,38,742.0,2009
Republic of Ireland,37,758.0,2009
Ecuador,36,768.0,2009
Ghana,35,772.0,2009
Nigeria,34,773.0,2009
Egypt,33,779.0,2009
Northern Ireland,32,784.0,2009
Gabon,31,789.0,2009
Mexico,30,799.0,2009
Cameroon,29,803.0,2009
Papua New Guinea,202,0.0,2009
San Marino,202,0.0,2009
Andorra,201,3.0,2009
Timor-Leste,199,4.0,2009
Central African Republic,199,4.0,2009
US Virgin Islands,198,8.0,2009
Czech Republic,22,850.0,2009
Uruguay,21,851.0,2009
Paraguay,20,856.0,2009
Ukraine,19,869.0,2009
Côte d'Ivoire,18,874.0,2009
Portugal,17,881.0,2009
Australia,16,896.0,2009
Denmark,15,909.0,2009
Serbia,14,925.0,2009
Switzerland,13,930.0,2009
Tonga,187,28.0,2009
Macau,186,31.0,2009
St. Lucia,185,32.0,2009
Cook Islands,183,34.0,2009
Guam,183,34.0,2009
Cayman Islands,182,36.0,2009
Russia,6,1161.0,2009
Italy,5,1181.0,2009
Germany,4,1195.0,2009
Netherlands,3,1379.0,2009
Spain,2,1590.0,2009
Brazil,1,1642.0,2009
Sao Tome e Principe,202,0.0,2009
Anguilla,202,0.0,2009
Montserrat,202,0.0,2009
American Samoa,202,0.0,2009
Netherlands Antilles,167,80.0,2009
Philippines,166,83.0,2009
Portugal,5,1176.0,2009
Italy,4,1209.0,2009
Netherlands,3,1288.0,2009
Brazil,2,1568.0,2009
Aruba,197,11.0,2009
Dominica,196,12.0,2009
Bhutan,195,17.0,2009
Tahiti,193,19.0,2009
Guinea-Bissau,193,19.0,2009
Afghanistan,192,20.0,2009
British Virgin Islands,190,25.0,2009
Brunei Darussalam,190,25.0,2009
Dominican Republic,189,26.0,2009
Djibouti,188,27.0,2009
France,7,1117.0,2009
Germany,6,1173.0,2009
Samoa,181,38.0,2009
Mauritius,180,40.0,2009
Bahamas,179,43.0,2009
Seychelles,177,44.0,2009
Laos,177,44.0,2009
Turks and Caicos Islands,176,45.0,2009
Comoros,175,46.0,2009
Cambodia,174,56.0,2009
Palestine,172,57.0,2009
Belize,172,57.0,2009
Solomon Islands,171,60.0,2009
Mongolia,170,61.0,2009
Somalia,169,64.0,2009
Mauritania,168,70.0,2009
Ukraine,22,848.0,2009
Nigeria,22,848.0,2009
Australia,21,863.0,2009
Uruguay,20,909.0,2009
Serbia,19,916.0,2009
Switzerland,18,924.0,2009
Mexico,17,931.0,2009
Côte d'Ivoire,16,934.0,2009
Chile,15,936.0,2009
USA,14,980.0,2009
Greece,13,1016.0,2009
Russia,12,1026.0,2009
Cameroon,11,1035.0,2009
Croatia,10,1042.0,2009
England,9,1076.0,2009
Argentina,8,1085.0,2009
Colombia,39,736.0,2009
Ecuador,37,738.0,2009
Honduras,37,738.0,2009
Romania,36,745.0,2009
Republic of Ireland,35,746.0,2009
Ghana,34,747.0,2009
Slovakia,33,752.0,2009
Norway,32,760.0,2009
Slovenia,31,767.0,2009
Bulgaria,30,801.0,2009
Paraguay,29,806.0,2009
Denmark,28,820.0,2009
Algeria,26,823.0,2009
Israel,26,823.0,2009
Czech Republic,25,828.0,2009
Egypt,24,832.0,2009
Finland,55,592.0,2009
Hungary,54,613.0,2009
Tunisia,53,614.0,2009
Korea Republic,52,625.0,2009
Bosnia and Herzegovina,51,642.0,2009
Venezuela,50,646.0,2009
Burkina Faso,49,650.0,2009
Gabon,48,660.0,2009
Mali,47,662.0,2009
Scotland,46,665.0,2009
Latvia,45,677.0,2009
Costa Rica,44,701.0,2009
Japan,43,709.0,2009
Sweden,42,721.0,2009
Turkey,41,728.0,2009
Northern Ireland,40,729.0,2009
Togo,71,467.0,2009
Panama,70,469.0,2009
Peru,68,471.0,2009
Cyprus,68,471.0,2009
Morocco,67,477.0,2009
Belgium,66,491.0,2009
FYR Macedonia,65,495.0,2009
IR Iran,64,508.0,2009
Saudi Arabia,63,510.0,2009
Lithuania,62,522.0,2009
Austria,61,523.0,2009
Bahrain,60,524.0,2009
Benin,59,532.0,2009
Poland,58,556.0,2009
Canada,56,573.0,2009
Bolivia,56,573.0,2009
Qatar,86,376.0,2009
Korea DPR,86,376.0,2009
South Africa,85,377.0,2009
Zambia,84,380.0,2009
New Zealand,82,400.0,2009
Trinidad and Tobago,82,400.0,2009
Jamaica,81,403.0,2009
Belarus,80,406.0,2009
Oman,79,410.0,2009
El Salvador,78,413.0,2009
Wales,77,420.0,2009
Uzbekistan,76,440.0,2009
Uganda,75,455.0,2009
Montenegro,74,456.0,2009
Guinea,73,458.0,2009
Mozambique,72,462.0,2009
Estonia,102,308.0,2009
Rwanda,102,308.0,2009
Congo,101,320.0,2009
Armenia,100,321.0,2009
Malawi,99,326.0,2009
Kenya,98,327.0,2009
Cape Verde Islands,97,331.0,2009
Albania,96,336.0,2009
Angola,95,337.0,2009
Moldova,94,338.0,2009
China PR,93,340.0,2009
Iceland,92,346.0,2009
Syria,91,347.0,2009
Haiti,90,348.0,2009
Senegal,89,361.0,2009
Iraq,88,364.0,2009
Indonesia,119,206.0,2009
Cuba,118,218.0,2009
Botswana,117,219.0,2009
Faroe Islands,116,222.0,2009
Gambia,115,223.0,2009
Libya,114,232.0,2009
Azerbaijan,113,236.0,2009
Namibia,112,246.0,2009
United Arab Emirates,111,248.0,2009
Jordan,110,255.0,2009
Singapore,109,260.0,2009
Zimbabwe,108,265.0,2009
Congo DR,107,271.0,2009
Tanzania,106,290.0,2009
Thailand,105,296.0,2009
Kuwait,104,301.0,2009
Swaziland,134,152.0,2009
Equatorial Guinea,134,152.0,2009
India,133,158.0,2009
Nicaragua,132,165.0,2009
Fiji,131,167.0,2009
Yemen,129,176.0,2009
Antigua and Barbuda,129,176.0,2009
Barbados,128,181.0,2009
Luxembourg,127,185.0,2009
Guyana,126,191.0,2009
Burundi,125,195.0,2009
Kazakhstan,124,200.0,2009
Georgia,123,202.0,2009
Vietnam,122,203.0,2009
Ethiopia,121,204.0,2009
Guatemala,120,205.0,2009
Cambodia,172,64.0,2009
Chinese Taipei,171,70.0,2009
Laos,170,73.0,2009
Cayman Islands,169,76.0,2009
Bangladesh,168,80.0,2009
Somalia,167,82.0,2009
Aruba,197,11.0,2009
Dominica,196,12.0,2009
Andorra,194,17.0,2009
Bhutan,194,17.0,2009
Macau,193,28.0,2009
Afghanistan,191,30.0,2009
British Virgin Islands,191,30.0,2009
Tahiti,189,32.0,2009
St. Lucia,189,32.0,2009
Djibouti,188,33.0,2009
Liechtenstein,153,110.0,2009
Vanuatu,154,108.0,2009
St. Kitts and Nevis,155,106.0,2009
Pakistan,155,106.0,2009
Madagascar,157,105.0,2009
Kyrgyz Republic,158,103.0,2009
Malaysia,159,102.0,2009
Liberia,160,98.0,2009
Chinese Taipei,161,93.0,2009
Eritrea,162,92.0,2009
Niger,162,92.0,2009
Puerto Rico,164,87.0,2009
Tajikistan,164,87.0,2009
Spain,1,1627.0,2009
Laos,168,64.0,2010
Philippines,148,109.0,2010
Myanmar,148,109.0,2010
Turkmenistan,134,173.0,2010
Faroe Islands,135,171.0,2010
Vietnam,136,167.0,2010
Namibia,138,154.0,2010
Kazakhstan,137,155.0,2010
Singapore,139,149.0,2010
Chad,140,147.0,2010
St. Vincent / Grenadines,141,132.0,2010
India,141,132.0,2010
Malaysia,143,128.0,2010
Sri Lanka,162,79.0,2010
Mauritania,179,38.0,2010
St. Lucia,180,37.0,2010
New Caledonia,155,89.0,2010
Guinea-Bissau,146,121.0,2010
Liechtenstein,147,116.0,2010
Somalia,181,32.0,2010
Tahiti,183,31.0,2010
Samoa,184,26.0,2010
Comoros,185,24.0,2010
Turks and Caicos Islands,186,19.0,2010
Cook Islands,187,17.0,2010
Guam,187,17.0,2010
Tonga,187,17.0,2010
Djibouti,190,16.0,2010
Mauritius,190,16.0,2010
Macau,192,14.0,2010
Bahamas,193,13.0,2010
Dominican Republic,167,66.0,2010
Mauritius,176,37.0,2010
Seychelles,176,37.0,2010
Bahamas,178,34.0,2010
Dominica,179,33.0,2010
Cambodia,179,33.0,2010
Turks and Caicos Islands,181,32.0,2010
Mongolia,181,32.0,2010
Belize,181,32.0,2010
Dominican Republic,184,26.0,2010
Tonga,185,23.0,2010
Brunei Darussalam,186,21.0,2010
St. Lucia,187,19.0,2010
Tahiti,187,19.0,2010
Guinea-Bissau,187,19.0,2010
Djibouti,190,18.0,2010
British Virgin Islands,190,18.0,2010
Nicaragua,160,86.0,2010
New Caledonia,161,82.0,2010
Pakistan,162,75.0,2010
Vanuatu,162,75.0,2010
Kyrgyz Republic,164,74.0,2010
Chinese Taipei,165,69.0,2010
Philippines,166,67.0,2010
Mauritania,167,62.0,2010
Solomon Islands,168,60.0,2010
Puerto Rico,169,52.0,2010
Palestine,170,48.0,2010
Comoros,171,43.0,2010
Somalia,172,39.0,2010
Laos,172,39.0,2010
Cayman Islands,172,39.0,2010
Samoa,175,38.0,2010
Maldives,144,117.0,2010
Ethiopia,145,115.0,2010
Niger,146,110.0,2010
St. Kitts and Nevis,146,110.0,2010
Equatorial Guinea,146,110.0,2010
Netherlands Antilles,149,108.0,2010
Lebanon,150,106.0,2010
Malta,151,105.0,2010
Bangladesh,152,104.0,2010
Lesotho,153,101.0,2010
Sri Lanka,154,96.0,2010
Nepal,155,94.0,2010
Liberia,155,94.0,2010
Eritrea,157,92.0,2010
Bermuda,158,91.0,2010
St. Vincent / Grenadines,159,87.0,2010
Antigua and Barbuda,128,168.0,2010
Haiti,129,167.0,2010
Fiji,129,167.0,2010
India,131,160.0,2010
Grenada,132,158.0,2010
Swaziland,133,155.0,2010
Hong Kong,134,152.0,2010
Turkmenistan,135,150.0,2010
Tajikistan,136,144.0,2010
Indonesia,137,141.0,2010
Sierra Leone,138,130.0,2010
Liechtenstein,139,126.0,2010
Burundi,140,125.0,2010
Malaysia,141,124.0,2010
Myanmar,142,122.0,2010
Madagascar,143,121.0,2010
Tanzania,112,235.0,2010
Rwanda,113,233.0,2010
Cuba,114,215.0,2010
Kenya,115,210.0,2010
Luxembourg,116,209.0,2010
Faroe Islands,117,206.0,2010
Guatemala,118,204.0,2010
Guyana,119,203.0,2010
Namibia,119,203.0,2010
Singapore,121,198.0,2010
Suriname,122,187.0,2010
Congo DR,123,185.0,2010
Chad,123,185.0,2010
Kazakhstan,125,184.0,2010
Vietnam,126,179.0,2010
Barbados,127,174.0,2010
Armenia,96,318.0,2010
Libya,96,318.0,2010
Qatar,98,300.0,2010
Jordan,98,300.0,2010
Canada,100,295.0,2010
Guinea,101,286.0,2010
Gambia,102,285.0,2010
Korea DPR,103,284.0,2010
Iraq,104,276.0,2010
Thailand,105,273.0,2010
Azerbaijan,106,266.0,2010
Congo,107,263.0,2010
Cape Verde Islands,108,261.0,2010
Yemen,109,248.0,2010
Zimbabwe,110,238.0,2010
Georgia,111,237.0,2010
Mozambique,80,377.0,2010
Oman,81,374.0,2010
Morocco,82,371.0,2010
Jamaica,83,368.0,2010
Wales,84,366.0,2010
Kuwait,85,365.0,2010
Angola,86,356.0,2010
Uzbekistan,87,352.0,2010
United Arab Emirates,88,351.0,2010
Moldova,89,350.0,2010
El Salvador,90,343.0,2010
Senegal,91,338.0,2010
Syria,92,334.0,2010
Botswana,93,331.0,2010
Panama,94,323.0,2010
Estonia,95,321.0,2010
IR Iran,64,522.0,2010
Tunisia,65,519.0,2010
FYR Macedonia,66,504.0,2010
South Africa,66,504.0,2010
Saudi Arabia,68,471.0,2010
Bahrain,69,460.0,2010
Uganda,70,457.0,2010
Albania,71,455.0,2010
Montenegro,72,448.0,2010
Zambia,73,446.0,2010
Malawi,74,425.0,2010
Togo,75,421.0,2010
Trinidad and Tobago,76,405.0,2010
Belarus,77,403.0,2010
China PR,78,393.0,2010
Iceland,79,385.0,2010
Belgium,48,589.0,2010
Costa Rica,49,584.0,2010
Latvia,50,579.0,2010
Finland,51,576.0,2010
Lithuania,52,571.0,2010
Bolivia,53,570.0,2010
New Zealand,54,557.0,2010
Mali,55,548.0,2010
Poland,56,547.0,2010
Bosnia and Herzegovina,57,546.0,2010
Ecuador,58,545.0,2010
Northern Ireland,59,540.0,2010
Austria,60,536.0,2010
Benin,61,535.0,2010
Hungary,62,534.0,2010
Cyprus,63,523.0,2010
Japan,32,768.0,2010
Algeria,33,759.0,2010
Gabon,34,755.0,2010
Sweden,35,747.0,2010
Republic of Ireland,36,734.0,2010
Israel,37,733.0,2010
Peru,38,726.0,2010
Colombia,39,725.0,2010
Cameroon,40,710.0,2010
Scotland,41,699.0,2010
Romania,42,697.0,2010
Bulgaria,43,672.0,2010
Korea Republic,44,660.0,2010
Burkina Faso,45,646.0,2010
Honduras,46,644.0,2010
Venezuela,47,592.0,2010
Paraguay,16,961.0,2010
Russia,17,956.0,2010
Switzerland,18,940.0,2010
Slovenia,19,917.0,2010
Australia,20,911.0,2010
France,21,890.0,2010
Norway,22,878.0,2010
Ghana,23,874.0,2010
Mexico,24,872.0,2010
Ukraine,25,870.0,2010
Côte d'Ivoire,26,843.0,2010
Slovakia,27,829.0,2010
Turkey,28,810.0,2010
Denmark,29,785.0,2010
Nigeria,30,773.0,2010
Czech Republic,31,769.0,2010
Sao Tome e Principe,202,0.0,2010
Spain,1,1883.0,2010
Netherlands,2,1659.0,2010
Brazil,3,1536.0,2010
Germany,4,1464.0,2010
Argentina,5,1289.0,2010
Uruguay,6,1152.0,2010
England,7,1125.0,2010
Portugal,8,1062.0,2010
Egypt,9,1053.0,2010
Chile,10,988.0,2010
Italy,11,982.0,2010
Greece,12,975.0,2010
USA,13,969.0,2010
Serbia,13,969.0,2010
Croatia,15,968.0,2010
Dominica,128,196.0,2010
Congo DR,129,190.0,2010
Guyana,108,275.0,2010
Sierra Leone,124,224.0,2010
Seychelles,194,10.0,2010
Bhutan,196,9.0,2010
Brunei Darussalam,196,9.0,2010
Aruba,198,7.0,2010
US Virgin Islands,199,5.0,2010
Timor-Leste,200,3.0,2010
Andorra,201,2.0,2010
Papua New Guinea,202,0.0,2010
Anguilla,202,0.0,2010
American Samoa,202,0.0,2010
San Marino,202,0.0,2010
Montserrat,202,0.0,2010
Wales,111,261.0,2010
Qatar,111,261.0,2010
Suriname,114,257.0,2010
Tanzania,115,256.0,2010
El Salvador,116,251.0,2010
Guatemala,117,247.0,2010
Zimbabwe,118,246.0,2010
Kenya,119,240.0,2010
St. Kitts and Nevis,120,239.0,2010
Thailand,120,239.0,2010
Congo,120,239.0,2010
Ethiopia,123,231.0,2010
Bahrain,92,351.0,2010
Yemen,125,213.0,2010
Indonesia,126,212.0,2010
Burundi,127,202.0,2010
Bolivia,96,344.0,2010
Azerbaijan,97,343.0,2010
Oman,98,329.0,2010
Iraq,99,325.0,2010
Gambia,99,325.0,2010
Kuwait,101,317.0,2010
Togo,102,313.0,2010
Jordan,103,305.0,2010
United Arab Emirates,104,301.0,2010
Antigua and Barbuda,105,299.0,2010
Syria,106,296.0,2010
Korea DPR,107,292.0,2010
FYR Macedonia,76,441.0,2010
Uzbekistan,108,275.0,2010
Central African Republic,110,263.0,2010
Iceland,111,261.0,2010
Saudi Arabia,80,429.0,2010
Uganda,80,429.0,2010
Estonia,82,426.0,2010
Finland,83,419.0,2010
Moldova,84,411.0,2010
Canada,84,411.0,2010
Malawi,86,396.0,2010
China PR,87,389.0,2010
Angola,88,378.0,2010
Trinidad and Tobago,89,373.0,2010
Haiti,90,367.0,2010
Cyprus,90,367.0,2010
Armenia,60,515.0,2010
Grenada,93,349.0,2010
Niger,93,349.0,2010
Mozambique,95,346.0,2010
Panama,64,501.0,2010
Albania,65,497.0,2010
IR Iran,66,496.0,2010
Mali,67,488.0,2010
Peru,68,486.0,2010
Costa Rica,69,467.0,2010
Senegal,70,464.0,2010
Benin,71,462.0,2010
Libya,72,451.0,2010
Poland,73,449.0,2010
Georgia,73,449.0,2010
Cape Verde Islands,75,444.0,2010
Bosnia and Herzegovina,44,582.0,2010
Zambia,76,441.0,2010
Latvia,78,440.0,2010
Morocco,79,437.0,2010
Colombia,48,558.0,2010
Bulgaria,49,555.0,2010
Israel,50,551.0,2010
South Africa,51,550.0,2010
Scotland,52,542.0,2010
Botswana,53,535.0,2010
Ecuador,53,535.0,2010
Lithuania,55,532.0,2010
Romania,56,531.0,2010
Belgium,57,526.0,2010
Jamaica,58,522.0,2010
Honduras,59,516.0,2010
Denmark,28,790.0,2010
Venezuela,60,515.0,2010
Cuba,62,512.0,2010
New Zealand,63,506.0,2010
Nigeria,32,725.0,2010
Sweden,33,712.0,2010
Ukraine,34,702.0,2010
Algeria,35,687.0,2010
Republic of Ireland,36,681.0,2010
Cameroon,37,670.0,2010
Belarus,38,660.0,2010
Gabon,39,648.0,2010
Korea Republic,40,647.0,2010
Burkina Faso,41,644.0,2010
Hungary,42,632.0,2010
Northern Ireland,43,615.0,2010
Norway,12,995.0,2010
Tunisia,45,578.0,2010
Guinea,46,569.0,2010
Austria,46,569.0,2010
Maldives,161,81.0,2010
Barbados,130,187.0,2010
Rwanda,131,185.0,2010
Puerto Rico,132,184.0,2010
France,18,867.0,2010
Slovakia,20,854.0,2010
Côte d'Ivoire,21,846.0,2010
Switzerland,22,840.0,2010
Serbia,23,837.0,2010
Paraguay,24,832.0,2010
Montenegro,25,824.0,2010
Australia,26,816.0,2010
Mexico,27,795.0,2010
Japan,29,776.0,2010
Czech Republic,30,751.0,2010
Turkey,31,741.0,2010
Chile,15,950.0,2010
Ghana,16,908.0,2010
Slovenia,17,896.0,2010
USA,18,867.0,2010
Lesotho,169,62.0,2010
Pakistan,170,56.0,2010
Nepal,171,54.0,2010
Belize,171,54.0,2010
Kyrgyz Republic,173,50.0,2010
Bermuda,174,49.0,2010
British Virgin Islands,175,41.0,2010
Solomon Islands,176,40.0,2010
Nicaragua,157,86.0,2010
Afghanistan,194,10.0,2010
Hong Kong,145,125.0,2010
Liberia,159,82.0,2010
Mongolia,181,32.0,2010
Tajikistan,144,126.0,2010
Luxembourg,133,180.0,2010
Palestine,176,40.0,2010
Netherlands,2,1723.0,2010
Germany,3,1485.0,2010
Brazil,4,1446.0,2010
Argentina,5,1338.0,2010
England,6,1195.0,2010
Uruguay,7,1153.0,2010
Portugal,8,1090.0,2010
Egypt,9,1078.0,2010
Croatia,10,1075.0,2010
Greece,11,1016.0,2010
Russia,13,982.0,2010
Italy,14,965.0,2010
Afghanistan,192,17.0,2010
Cook Islands,192,17.0,2010
Guam,192,17.0,2010
Macau,195,12.0,2010
Aruba,196,11.0,2010
Bhutan,197,9.0,2010
US Virgin Islands,198,5.0,2010
Timor-Leste,199,4.0,2010
Andorra,200,2.0,2010
San Marino,201,0.0,2010
Montserrat,201,0.0,2010
Central African Republic,201,0.0,2010
American Samoa,201,0.0,2010
Papua New Guinea,201,0.0,2010
Anguilla,201,0.0,2010
Sao Tome e Principe,201,0.0,2010
Vanuatu,166,67.0,2010
Cambodia,165,68.0,2010
Equatorial Guinea,164,72.0,2010
Malta,163,76.0,2010
Madagascar,154,91.0,2010
Lebanon,153,92.0,2010
Chinese Taipei,152,102.0,2010
Fiji,151,103.0,2010
Netherlands Antilles,150,107.0,2010
Swaziland,159,82.0,2010
Spain,1,1887.0,2010
Eritrea,176,40.0,2010
Bangladesh,158,84.0,2010
Cayman Islands,156,88.0,2010
Spain,1,1564.0,2011
Philippines,161,108.0,2011
Mongolia,162,106.0,2011
New Caledonia,163,104.0,2011
Myanmar,164,99.0,2011
Chinese Taipei,165,97.0,2011
Palestine,166,96.0,2011
Aruba,167,95.0,2011
Swaziland,168,93.0,2011
Vanuatu,168,93.0,2011
Ethiopia,138,170.0,2011
Cayman Islands,171,90.0,2011
Malta,172,83.0,2011
Cambodia,173,82.0,2011
Comoros,174,80.0,2011
Sri Lanka,175,79.0,2011
Nicaragua,177,75.0,2011
Barbados,144,156.0,2011
Bangladesh,146,148.0,2011
Belize,147,146.0,2011
US Virgin Islands,148,144.0,2011
Madagascar,149,143.0,2011
Guinea-Bissau,150,142.0,2011
Bahamas,151,141.0,2011
India,152,135.0,2011
Hong Kong,153,133.0,2011
Togo,122,238.0,2011
Fiji,155,129.0,2011
Curacao,156,128.0,2011
Chad,157,127.0,2011
Lebanon,158,119.0,2011
Maldives,159,116.0,2011
St. Vincent / Grenadines,160,112.0,2011
Kenya,129,204.0,2011
Singapore,130,199.0,2011
Dominican Republic,131,198.0,2011
Dominica,132,193.0,2011
Rwanda,133,190.0,2011
Yemen,134,188.0,2011
Nepal,135,184.0,2011
Indonesia,136,183.0,2011
Turkmenistan,137,176.0,2011
Oman,106,306.0,2011
Namibia,139,168.0,2011
Puerto Rico,140,167.0,2011
Tajikistan,141,166.0,2011
Vietnam,142,164.0,2011
Burundi,142,164.0,2011
Malaysia,144,156.0,2011
Guyana,113,269.0,2011
Korea DPR,114,260.0,2011
Guatemala,114,260.0,2011
Haiti,116,256.0,2011
Liechtenstein,117,253.0,2011
Thailand,118,252.0,2011
Grenada,119,247.0,2011
Iceland,120,244.0,2011
St. Kitts and Nevis,121,243.0,2011
Qatar,90,369.0,2011
Congo DR,122,238.0,2011
Liberia,124,232.0,2011
Kazakhstan,125,231.0,2011
Tanzania,126,230.0,2011
Luxembourg,127,213.0,2011
Congo,128,206.0,2011
Niger,97,331.0,2011
Cuba,98,330.0,2011
Bahrain,99,329.0,2011
Angola,99,329.0,2011
Gambia,99,329.0,2011
Mozambique,102,327.0,2011
Syria,103,324.0,2011
Canada,104,314.0,2011
Antigua and Barbuda,105,308.0,2011
Zambia,73,436.0,2011
Iraq,106,306.0,2011
United Arab Emirates,108,300.0,2011
Suriname,109,296.0,2011
Azerbaijan,110,282.0,2011
Wales,111,273.0,2011
Faroe Islands,111,273.0,2011
Bolivia,80,398.0,2011
Cape Verde Islands,82,397.0,2011
Uzbekistan,83,390.0,2011
Latvia,84,388.0,2011
Moldova,85,383.0,2011
Benin,86,380.0,2011
Zimbabwe,86,380.0,2011
Trinidad and Tobago,88,379.0,2011
Central African Republic,89,370.0,2011
Lithuania,58,526.0,2011
Jordan,91,361.0,2011
Saudi Arabia,92,353.0,2011
Sierra Leone,93,348.0,2011
New Zealand,94,346.0,2011
Kuwait,95,341.0,2011
FYR Macedonia,96,338.0,2011
Panama,65,487.0,2011
Austria,66,479.0,2011
Ecuador,67,478.0,2011
Guinea,68,475.0,2011
Poland,69,474.0,2011
Armenia,70,462.0,2011
Botswana,71,440.0,2011
Malawi,72,439.0,2011
China PR,73,436.0,2011
Belarus,42,636.0,2011
Finland,75,419.0,2011
Uganda,76,417.0,2011
Mali,77,416.0,2011
El Salvador,78,401.0,2011
Estonia,79,399.0,2011
Cyprus,80,398.0,2011
South Africa,49,597.0,2011
Cameroon,50,595.0,2011
Honduras,51,592.0,2011
Algeria,52,575.0,2011
Romania,53,571.0,2011
IR Iran,54,564.0,2011
Tunisia,55,556.0,2011
Costa Rica,56,532.0,2011
Georgia,57,530.0,2011
Paraguay,26,804.0,2011
Albania,59,524.0,2011
Gabon,60,517.0,2011
Scotland,61,513.0,2011
Northern Ireland,62,498.0,2011
Morocco,63,494.0,2011
Libya,63,494.0,2011
Republic of Ireland,33,752.0,2011
Egypt,34,735.0,2011
Colombia,35,706.0,2011
Ghana,36,696.0,2011
Belgium,37,691.0,2011
Czech Republic,38,670.0,2011
Burkina Faso,39,661.0,2011
Venezuela,40,648.0,2011
Bosnia and Herzegovina,41,642.0,2011
Argentina,10,1013.0,2011
Nigeria,43,634.0,2011
Jamaica,44,632.0,2011
Ukraine,45,620.0,2011
Senegal,46,619.0,2011
Hungary,47,603.0,2011
Bulgaria,48,598.0,2011
Montenegro,17,915.0,2011
Russia,18,914.0,2011
Sweden,19,884.0,2011
Mexico,20,869.0,2011
Denmark,21,857.0,2011
Slovenia,23,833.0,2011
Australia,22,834.0,2011
Turkey,24,820.0,2011
Peru,25,805.0,2011
Bhutan,202,6.0,2011
Serbia,27,798.0,2011
Korea Republic,28,781.0,2011
Slovakia,29,779.0,2011
USA,30,778.0,2011
Switzerland,31,777.0,2011
Israel,32,771.0,2011
Spain,1,1588.0,2011
Netherlands,2,1542.0,2011
Germany,3,1305.0,2011
Brazil,4,1202.0,2011
Uruguay,5,1156.0,2011
England,6,1146.0,2011
Portugal,7,1076.0,2011
Italy,8,1059.0,2011
Croatia,9,1033.0,2011
American Samoa,186,61.0,2011
Chile,11,974.0,2011
Norway,12,972.0,2011
Greece,13,959.0,2011
Japan,14,924.0,2011
Côte d'Ivoire,15,922.0,2011
France,16,920.0,2011
Papua New Guinea,193,34.0,2011
Mauritius,194,32.0,2011
Cook Islands,195,28.0,2011
Sao Tome e Principe,196,27.0,2011
Macau,197,26.0,2011
Djibouti,198,25.0,2011
British Virgin Islands,199,23.0,2011
Turks and Caicos Islands,200,13.0,2011
Anguilla,201,9.0,2011
Cambodia,170,101.0,2011
Brunei Darussalam,202,6.0,2011
Mauritania,204,4.0,2011
Timor-Leste,205,2.0,2011
Andorra,206,0.0,2011
Montserrat,206,0.0,2011
San Marino,206,0.0,2011
Afghanistan,177,85.0,2011
US Virgin Islands,178,82.0,2011
Pakistan,179,76.0,2011
Solomon Islands,180,75.0,2011
Sri Lanka,180,75.0,2011
Swaziland,180,75.0,2011
Cayman Islands,183,74.0,2011
Tahiti,184,73.0,2011
St. Lucia,185,65.0,2011
Bahamas,154,141.0,2011
Comoros,187,55.0,2011
Seychelles,188,53.0,2011
Somalia,189,47.0,2011
Eritrea,190,45.0,2011
Kyrgyz Republic,191,42.0,2011
Guam,192,36.0,2011
Fiji,161,133.0,2011
India,162,131.0,2011
Guinea-Bissau,163,121.0,2011
Aruba,164,120.0,2011
Barbados,165,119.0,2011
New Caledonia,166,116.0,2011
Chinese Taipei,167,114.0,2011
Mongolia,168,106.0,2011
Hong Kong,169,105.0,2011
Kazakhstan,138,220.0,2011
Dominica,171,100.0,2011
Myanmar,172,99.0,2011
Maldives,173,98.0,2011
Laos,174,96.0,2011
Vanuatu,174,96.0,2011
Tonga,176,88.0,2011
Singapore,145,165.0,2011
Turkmenistan,146,164.0,2011
Lesotho,147,160.0,2011
Malaysia,148,154.0,2011
Samoa,149,149.0,2011
Equatorial Guinea,150,148.0,2011
Curacao,151,146.0,2011
Yemen,151,146.0,2011
Nepal,153,144.0,2011
Thailand,122,262.0,2011
Nicaragua,154,141.0,2011
Malta,156,140.0,2011
Bangladesh,157,138.0,2011
Palestine,158,137.0,2011
Philippines,159,136.0,2011
Madagascar,160,135.0,2011
Central African Republic,129,251.0,2011
United Arab Emirates,130,250.0,2011
Dominican Republic,131,247.0,2011
Liechtenstein,132,246.0,2011
Congo,133,245.0,2011
Grenada,134,241.0,2011
Ethiopia,135,230.0,2011
Moldova,136,229.0,2011
Tanzania,137,224.0,2011
Rwanda,106,314.0,2011
Tajikistan,139,208.0,2011
Burundi,140,203.0,2011
Belize,141,194.0,2011
Indonesia,142,189.0,2011
Chad,143,188.0,2011
St. Vincent / Grenadines,144,170.0,2011
Sudan,113,297.0,2011
Syria,114,291.0,2011
Cuba,115,290.0,2011
Faroe Islands,116,285.0,2011
Gambia,116,285.0,2011
St. Kitts and Nevis,116,285.0,2011
New Zealand,119,271.0,2011
Kenya,120,269.0,2011
Namibia,121,264.0,2011
Guatemala,90,397.0,2011
Liberia,123,258.0,2011
Benin,124,257.0,2011
Congo DR,125,254.0,2011
Suriname,125,254.0,2011
Cyprus,127,253.0,2011
Luxembourg,128,252.0,2011
Niger,97,361.0,2011
Zimbabwe,98,354.0,2011
Kuwait,99,351.0,2011
Vietnam,99,351.0,2011
Bahrain,101,350.0,2011
Togo,101,350.0,2011
FYR Macedonia,103,333.0,2011
Iceland,104,325.0,2011
Mozambique,105,322.0,2011
Albania,74,450.0,2011
Bermuda,107,310.0,2011
Bolivia,108,309.0,2011
Puerto Rico,108,309.0,2011
Korea DPR,110,306.0,2011
Lebanon,111,305.0,2011
Azerbaijan,112,300.0,2011
Haiti,81,429.0,2011
Jordan,82,417.0,2011
Angola,83,412.0,2011
Bulgaria,84,410.0,2011
Oman,85,408.0,2011
Finland,86,405.0,2011
Antigua and Barbuda,87,404.0,2011
Northern Ireland,88,403.0,2011
Uganda,89,398.0,2011
Cape Verde Islands,58,549.0,2011
Guyana,91,387.0,2011
Lithuania,92,382.0,2011
Qatar,93,378.0,2011
Malawi,94,374.0,2011
Botswana,95,371.0,2011
Saudi Arabia,96,363.0,2011
Costa Rica,65,495.0,2011
Poland,66,492.0,2011
Mali,67,472.0,2011
Latvia,68,466.0,2011
El Salvador,69,463.0,2011
Austria,70,459.0,2011
China PR,71,457.0,2011
Canada,72,455.0,2011
Georgia,73,451.0,2011
Ecuador,42,634.0,2011
Uzbekistan,75,449.0,2011
Trinidad and Tobago,76,448.0,2011
Gabon,77,445.0,2011
Iraq,78,440.0,2011
Zambia,79,439.0,2011
Guinea,80,436.0,2011
Panama,49,589.0,2011
Cameroon,50,588.0,2011
Montenegro,51,585.0,2011
South Africa,52,577.0,2011
Honduras,53,574.0,2011
Jamaica,54,573.0,2011
Ukraine,55,568.0,2011
Romania,56,562.0,2011
Estonia,57,555.0,2011
Slovenia,26,780.0,2011
Tunisia,59,537.0,2011
Sierra Leone,60,526.0,2011
Morocco,61,524.0,2011
Burkina Faso,62,518.0,2011
Libya,63,514.0,2011
Belarus,64,501.0,2011
Czech Republic,33,749.0,2011
USA,34,721.0,2011
Peru,35,712.0,2011
Colombia,36,709.0,2011
Hungary,37,665.0,2011
Israel,37,665.0,2011
Venezuela,39,661.0,2011
Slovakia,40,648.0,2011
Belgium,41,647.0,2011
Argentina,10,1067.0,2011
Nigeria,43,627.0,2011
Senegal,44,625.0,2011
IR Iran,45,616.0,2011
Armenia,46,612.0,2011
Scotland,47,599.0,2011
Wales,48,591.0,2011
Switzerland,17,898.0,2011
Sweden,18,891.0,2011
Japan,19,884.0,2011
Bosnia and Herzegovina,20,869.0,2011
Mexico,21,866.0,2011
Republic of Ireland,22,864.0,2011
Australia,23,851.0,2011
Paraguay,24,795.0,2011
Norway,25,788.0,2011
Serbia,27,775.0,2011
Turkey,28,769.0,2011
Ghana,29,761.0,2011
Algeria,30,758.0,2011
Egypt,31,755.0,2011
Korea Republic,32,752.0,2011
Laos,176,76.0,2011
Kyrgyz Republic,179,72.0,2011
Afghanistan,178,73.0,2011
Solomon Islands,180,70.0,2011
Tahiti,181,57.0,2011
St. Lucia,182,54.0,2011
Lesotho,183,44.0,2011
Bermuda,184,40.0,2011
British Virgin Islands,185,38.0,2011
Equatorial Guinea,154,131.0,2011
Eritrea,187,29.0,2011
Samoa,188,26.0,2011
Macau,189,25.0,2011
Somalia,190,23.0,2011
Tonga,191,15.0,2011
Turks and Caicos Islands,192,13.0,2011
Netherlands,2,1365.0,2011
Germany,3,1345.0,2011
Uruguay,4,1309.0,2011
England,5,1173.0,2011
Brazil,6,1143.0,2011
Portugal,7,1100.0,2011
Croatia,8,1091.0,2011
Italy,9,1082.0,2011
Denmark,11,1035.0,2011
Russia,12,971.0,2011
Chile,13,970.0,2011
Greece,14,964.0,2011
France,15,915.0,2011
Côte d'Ivoire,16,912.0,2011
Djibouti,193,12.0,2011
Mauritius,194,10.0,2011
Guam,194,10.0,2011
Cook Islands,194,10.0,2011
Brunei Darussalam,197,9.0,2011
Anguilla,198,7.0,2011
Seychelles,198,7.0,2011
Bhutan,200,6.0,2011
Timor-Leste,201,3.0,2011
Pakistan,170,92.0,2011
San Marino,202,0.0,2011
American Samoa,202,0.0,2011
Montserrat,202,0.0,2011
Papua New Guinea,202,0.0,2011
Sao Tome e Principe,202,0.0,2011
Mauritania,186,32.0,2011
Andorra,202,0.0,2011
Bhutan,205,0.0,2012
Timor-Leste,204,2.0,2012
Mauritania,202,4.0,2012
Anguilla,202,4.0,2012
Brunei Darussalam,201,5.0,2012
Macau,199,13.0,2012
British Virgin Islands,199,13.0,2012
Andorra,198,15.0,2012
Kyrgyz Republic,196,24.0,2012
Djibouti,196,24.0,2012
Cook Islands,195,25.0,2012
Guam,194,32.0,2012
Mauritius,193,38.0,2012
Cambodia,192,40.0,2012
Somalia,191,43.0,2012
Laos,190,44.0,2012
Sri Lanka,181,64.0,2012
Myanmar,180,67.0,2012
Pakistan,178,72.0,2012
Cayman Islands,178,72.0,2012
US Virgin Islands,177,85.0,2012
Chinese Taipei,176,86.0,2012
Tonga,175,87.0,2012
Solomon Islands,174,92.0,2012
Samoa,173,93.0,2012
Dominica,172,95.0,2012
Bahamas,171,99.0,2012
Barbados,170,100.0,2012
Guinea-Bissau,169,103.0,2012
Spain,1,1606.0,2012
San Marino,205,0.0,2012
Montserrat,205,0.0,2012
Liechtenstein,149,177.0,2012
Yemen,148,179.0,2012
Kazakhstan,147,195.0,2012
St. Vincent / Grenadines,145,196.0,2012
Malta,145,196.0,2012
Lebanon,144,197.0,2012
New Caledonia,143,200.0,2012
Grenada,142,204.0,2012
Nicaragua,141,209.0,2012
Puerto Rico,140,210.0,2012
Moldova,139,213.0,2012
Tahiti,138,214.0,2012
Turkmenistan,137,223.0,2012
Vanuatu,168,104.0,2012
Madagascar,167,115.0,2012
Lesotho,166,119.0,2012
Syria,132,240.0,2012
Suriname,132,240.0,2012
Belize,131,242.0,2012
Dominican Republic,130,247.0,2012
Iceland,129,250.0,2012
Gambia,128,251.0,2012
Tanzania,127,253.0,2012
Rwanda,125,256.0,2012
Kenya,125,256.0,2012
Tajikistan,124,258.0,2012
Chad,123,262.0,2012
Cyprus,122,266.0,2012
Vietnam,120,272.0,2012
Philippines,152,157.0,2012
Bangladesh,151,160.0,2012
Cuba,150,171.0,2012
Bermuda,117,281.0,2012
United Arab Emirates,116,287.0,2012
Niger,114,291.0,2012
Congo DR,114,291.0,2012
Botswana,113,296.0,2012
St. Kitts and Nevis,112,301.0,2012
Equatorial Guinea,111,302.0,2012
Luxembourg,110,303.0,2012
Guyana,109,304.0,2012
Azerbaijan,108,308.0,2012
Mozambique,107,316.0,2012
Antigua and Barbuda,106,326.0,2012
Sudan,105,329.0,2012
Burundi,136,234.0,2012
Thailand,135,235.0,2012
Sao Tome e Principe,132,240.0,2012
Saudi Arabia,101,339.0,2012
Zimbabwe,100,347.0,2012
Togo,98,356.0,2012
Qatar,98,356.0,2012
Georgia,97,357.0,2012
Oman,96,358.0,2012
New Zealand,95,366.0,2012
Malawi,93,370.0,2012
Kuwait,93,370.0,2012
Bulgaria,92,373.0,2012
Congo,91,375.0,2012
Lithuania,90,376.0,2012
Korea DPR,89,386.0,2012
Liberia,120,272.0,2012
Ethiopia,119,273.0,2012
Namibia,117,281.0,2012
Uganda,85,409.0,2012
Jordan,84,417.0,2012
Bolivia,83,419.0,2012
Israel,82,427.0,2012
Iraq,81,428.0,2012
Trinidad and Tobago,80,432.0,2012
Cape Verde Islands,79,441.0,2012
Benin,78,446.0,2012
Belarus,77,447.0,2012
Guinea,75,448.0,2012
Albania,75,448.0,2012
Finland,74,458.0,2012
Central African Republic,73,462.0,2012
FYR Macedonia,103,331.0,2012
Bahrain,103,331.0,2012
Northern Ireland,102,336.0,2012
China PR,68,474.0,2012
Canada,68,474.0,2012
El Salvador,67,487.0,2012
Uzbekistan,65,488.0,2012
Sierra Leone,65,488.0,2012
Jamaica,63,496.0,2012
Honduras,63,496.0,2012
Haiti,62,503.0,2012
Senegal,61,506.0,2012
Austria,60,517.0,2012
Cameroon,59,520.0,2012
Nigeria,58,525.0,2012
Costa Rica,57,541.0,2012
Guatemala,88,401.0,2012
Burkina Faso,87,405.0,2012
Angola,86,407.0,2012
Belgium,53,564.0,2012
Romania,52,580.0,2012
Montenegro,50,581.0,2012
IR Iran,50,581.0,2012
Scotland,49,611.0,2012
Panama,48,612.0,2012
Venezuela,47,615.0,2012
Ukraine,46,621.0,2012
Gabon,45,624.0,2012
Slovakia,44,626.0,2012
Tunisia,43,627.0,2012
Egypt,42,631.0,2012
Zambia,41,648.0,2012
Latvia,72,466.0,2012
Morocco,71,471.0,2012
South Africa,68,474.0,2012
Serbia,37,675.0,2012
USA,36,687.0,2012
Algeria,35,693.0,2012
Slovenia,34,706.0,2012
Ghana,33,707.0,2012
Peru,32,712.0,2012
Hungary,31,716.0,2012
Bosnia and Herzegovina,30,729.0,2012
Turkey,29,735.0,2012
Korea Republic,28,740.0,2012
Ecuador,27,752.0,2012
Republic of Ireland,26,762.0,2012
Paraguay,25,772.0,2012
Estonia,56,554.0,2012
Armenia,55,559.0,2012
Poland,54,560.0,2012
Switzerland,21,828.0,2012
Japan,20,829.0,2012
Mexico,19,832.0,2012
Czech Republic,18,854.0,2012
Sweden,17,909.0,2012
Côte d'Ivoire,16,939.0,2012
Chile,15,961.0,2012
France,14,980.0,2012
Russia,13,981.0,2012
Greece,12,1003.0,2012
Brazil,11,1012.0,2012
Denmark,10,1017.0,2012
Croatia,9,1050.0,2012
Mali,40,650.0,2012
Libya,39,655.0,2012
Wales,38,658.0,2012
Portugal,5,1213.0,2012
England,4,1294.0,2012
Uruguay,3,1297.0,2012
Germany,2,1502.0,2012
Spain,1,1691.0,2012
Turks and Caicos Islands,207,0.0,2012
San Marino,207,0.0,2012
Bhutan,207,0.0,2012
Mauritania,206,3.0,2012
Anguilla,205,4.0,2012
Andorra,204,11.0,2012
Mauritius,202,13.0,2012
Djibouti,202,13.0,2012
Norway,24,780.0,2012
Australia,23,807.0,2012
Colombia,22,814.0,2012
Macau,198,23.0,2012
Seychelles,196,24.0,2012
Eritrea,196,24.0,2012
Somalia,195,27.0,2012
Comoros,194,29.0,2012
American Samoa,193,30.0,2012
Cayman Islands,192,33.0,2012
British Virgin Islands,191,34.0,2012
Sri Lanka,190,36.0,2012
Pakistan,189,37.0,2012
Papua New Guinea,188,38.0,2012
US Virgin Islands,186,39.0,2012
Afghanistan,186,39.0,2012
Netherlands,8,1079.0,2012
Argentina,7,1095.0,2012
Italy,6,1192.0,2012
Brunei Darussalam,182,52.0,2012
Guam,181,53.0,2012
Mongolia,179,55.0,2012
Madagascar,179,55.0,2012
Swaziland,178,61.0,2012
Curacao,177,65.0,2012
Montserrat,174,66.0,2012
Guinea-Bissau,174,66.0,2012
Bahamas,174,66.0,2012
Samoa,173,74.0,2012
Nepal,171,83.0,2012
Laos,171,83.0,2012
Fiji,169,85.0,2012
Cook Islands,201,16.0,2012
South Sudan,199,20.0,2012
Kyrgyz Republic,199,20.0,2012
India,166,96.0,2012
Vanuatu,165,99.0,2012
Yemen,164,108.0,2012
Hong Kong,163,112.0,2012
Myanmar,162,114.0,2012
Dominica,161,124.0,2012
Maldives,159,130.0,2012
Lesotho,159,130.0,2012
Malaysia,158,133.0,2012
Bermuda,157,139.0,2012
Indonesia,156,143.0,2012
Singapore,154,146.0,2012
Liechtenstein,154,146.0,2012
Tonga,185,44.0,2012
Cambodia,184,50.0,2012
Timor-Leste,182,52.0,2012
Solomon Islands,150,166.0,2012
St. Lucia,149,168.0,2012
Luxembourg,148,172.0,2012
Philippines,147,174.0,2012
Malta,146,178.0,2012
Nicaragua,145,180.0,2012
Syria,144,186.0,2012
Barbados,143,197.0,2012
Kazakhstan,142,200.0,2012
Gambia,141,206.0,2012
Chad,140,212.0,2012
Tahiti,139,215.0,2012
Grenada,138,222.0,2012
Chinese Taipei,169,85.0,2012
Bangladesh,168,90.0,2012
Belize,167,92.0,2012
Kenya,134,246.0,2012
Puerto Rico,132,248.0,2012
Cyprus,132,248.0,2012
Vietnam,131,251.0,2012
Tanzania,130,253.0,2012
Turkmenistan,129,254.0,2012
Moldova,128,255.0,2012
Lebanon,127,259.0,2012
Saudi Arabia,126,264.0,2012
St. Vincent / Grenadines,125,266.0,2012
Guyana,124,267.0,2012
St. Kitts and Nevis,123,271.0,2012
Namibia,121,274.0,2012
Faroe Islands,153,151.0,2012
Palestine,152,152.0,2012
Aruba,151,163.0,2012
Azerbaijan,118,277.0,2012
Kuwait,117,281.0,2012
Lithuania,116,284.0,2012
Antigua and Barbuda,115,293.0,2012
Suriname,114,311.0,2012
Mozambique,112,312.0,2012
Liberia,112,312.0,2012
Malawi,111,318.0,2012
Ethiopia,110,323.0,2012
Congo,109,325.0,2012
New Caledonia,108,330.0,2012
Congo DR,107,332.0,2012
Latvia,106,334.0,2012
Thailand,136,233.0,2012
Tajikistan,136,233.0,2012
Rwanda,134,246.0,2012
Zimbabwe,101,349.0,2012
Sudan,101,349.0,2012
Cuba,100,355.0,2012
Korea DPR,99,361.0,2012
Qatar,98,365.0,2012
United Arab Emirates,96,367.0,2012
Northern Ireland,96,367.0,2012
Oman,95,369.0,2012
Jordan,94,375.0,2012
Dominican Republic,93,378.0,2012
Iraq,92,385.0,2012
New Zealand,91,390.0,2012
Iceland,90,392.0,2012
Botswana,121,274.0,2012
Sao Tome e Principe,119,275.0,2012
Bahrain,119,275.0,2012
Estonia,86,425.0,2012
Uganda,84,428.0,2012
Angola,84,428.0,2012
Finland,83,431.0,2012
Wales,82,435.0,2012
FYR Macedonia,81,436.0,2012
Guatemala,80,438.0,2012
Equatorial Guinea,79,439.0,2012
Israel,78,454.0,2012
Senegal,77,455.0,2012
Benin,75,457.0,2012
Armenia,75,457.0,2012
Morocco,74,466.0,2012
Niger,105,335.0,2012
Burundi,104,342.0,2012
El Salvador,103,348.0,2012
Austria,70,492.0,2012
Cape Verde Islands,69,498.0,2012
Trinidad and Tobago,68,507.0,2012
Uzbekistan,67,513.0,2012
Costa Rica,66,515.0,2012
Belarus,65,516.0,2012
Canada,64,517.0,2012
Albania,63,518.0,2012
Sierra Leone,62,521.0,2012
Cameroon,61,523.0,2012
Guinea,60,527.0,2012
IR Iran,59,532.0,2012
Honduras,58,540.0,2012
Burkina Faso,89,408.0,2012
China PR,88,410.0,2012
South Africa,87,416.0,2012
Libya,54,572.0,2012
Nigeria,52,581.0,2012
Central African Republic,52,581.0,2012
Panama,51,582.0,2012
Bulgaria,50,585.0,2012
Slovenia,49,591.0,2012
Ukraine,47,595.0,2012
Slovakia,47,595.0,2012
Peru,46,603.0,2012
Tunisia,45,606.0,2012
Republic of Ireland,42,609.0,2012
Gabon,42,609.0,2012
Bolivia,42,609.0,2012
Georgia,73,481.0,2012
Scotland,72,490.0,2012
Togo,71,491.0,2012
Serbia,38,659.0,2012
Paraguay,37,666.0,2012
Australia,36,668.0,2012
Korea Republic,35,686.0,2012
Zambia,34,697.0,2012
Romania,33,700.0,2012
Hungary,32,750.0,2012
Montenegro,31,756.0,2012
Ghana,30,777.0,2012
Czech Republic,29,781.0,2012
USA,28,782.0,2012
Bosnia and Herzegovina,27,788.0,2012
Chile,26,793.0,2012
Venezuela,57,551.0,2012
Jamaica,56,552.0,2012
Poland,55,553.0,2012
Japan,22,840.0,2012
Belgium,21,868.0,2012
Sweden,20,870.0,2012
Algeria,19,887.0,2012
Brazil,18,946.0,2012
France,17,949.0,2012
Uruguay,16,975.0,2012
Mexico,15,994.0,2012
Côte d'Ivoire,14,995.0,2012
Ecuador,13,999.0,2012
Switzerland,12,1004.0,2012
Greece,11,1033.0,2012
Croatia,10,1064.0,2012
Egypt,41,615.0,2012
Turkey,40,627.0,2012
Haiti,39,650.0,2012
Eritrea,189,45.0,2012
Seychelles,187,46.0,2012
Papua New Guinea,187,46.0,2012
St. Lucia,186,52.0,2012
Comoros,185,54.0,2012
Russia,9,1070.0,2012
Netherlands,8,1124.0,2012
Portugal,7,1144.0,2012
England,6,1151.0,2012
Colombia,5,1164.0,2012
Italy,4,1165.0,2012
Argentina,3,1290.0,2012
Germany,2,1437.0,2012
Mali,25,809.0,2012
Norway,24,810.0,2012
Denmark,23,821.0,2012
Maldives,164,120.0,2012
Aruba,164,120.0,2012
India,163,121.0,2012
Afghanistan,162,122.0,2012
Fiji,161,130.0,2012
Hong Kong,160,132.0,2012
Singapore,158,138.0,2012
Curacao,158,138.0,2012
Malaysia,157,139.0,2012
Nepal,155,149.0,2012
Faroe Islands,155,149.0,2012
Palestine,154,154.0,2012
Indonesia,153,156.0,2012
Mongolia,184,55.0,2012
American Samoa,183,61.0,2012
Swaziland,182,63.0,2012
Turks and Caicos Islands,205,0.0,2012
American Samoa,195,30.0,2013
Cayman Islands,194,33.0,2013
British Virgin Islands,193,34.0,2013
Comoros,191,41.0,2013
Fiji,191,41.0,2013
Tonga,189,43.0,2013
Vanuatu,189,43.0,2013
US Virgin Islands,187,46.0,2013
Samoa,187,46.0,2013
Mongolia,186,49.0,2013
Madagascar,185,51.0,2013
Timor-Leste,182,52.0,2013
South Sudan,198,20.0,2013
Cambodia,198,20.0,2013
Papua New Guinea,197,23.0,2013
Eritrea,196,24.0,2013
Germany,2,1318.0,2013
Brunei Darussalam,182,52.0,2013
Mauritius,182,52.0,2013
Bahamas,181,53.0,2013
Guinea-Bissau,180,58.0,2013
Pakistan,167,114.0,2013
Sao Tome e Principe,166,120.0,2013
Dominica,165,124.0,2013
Gambia,164,126.0,2013
Djibouti,203,11.0,2013
Somalia,201,14.0,2013
Seychelles,200,19.0,2013
Bhutan,207,0.0,2013
Anguilla,206,3.0,2013
Andorra,205,8.0,2013
Macau,202,12.0,2013
Aruba,153,163.0,2013
Bangladesh,152,166.0,2013
Palestine,151,167.0,2013
Kazakhstan,150,172.0,2013
Liechtenstein,148,173.0,2013
Hong Kong,148,173.0,2013
Swaziland,179,60.0,2013
Curacao,178,65.0,2013
Montserrat,177,66.0,2013
Guam,176,70.0,2013
Chinese Taipei,175,77.0,2013
Faroe Islands,174,81.0,2013
Laos,173,87.0,2013
Mauritania,172,94.0,2013
Sri Lanka,171,95.0,2013
Yemen,170,96.0,2013
Kyrgyz Republic,137,227.0,2013
Turkmenistan,136,232.0,2013
Sudan,134,233.0,2013
Rwanda,134,233.0,2013
Malta,133,236.0,2013
St. Vincent / Grenadines,132,238.0,2013
Myanmar,163,129.0,2013
Solomon Islands,162,132.0,2013
Lesotho,161,133.0,2013
Chad,160,134.0,2013
Malaysia,159,136.0,2013
Nicaragua,158,138.0,2013
Bermuda,157,139.0,2013
Singapore,156,146.0,2013
Tahiti,154,147.0,2013
Maldives,154,147.0,2013
Tanzania,121,271.0,2013
Burundi,120,273.0,2013
Latvia,119,280.0,2013
Bahrain,118,286.0,2013
Azerbaijan,117,298.0,2013
Botswana,116,301.0,2013
Barbados,147,175.0,2013
India,146,178.0,2013
Vietnam,145,182.0,2013
Philippines,144,203.0,2013
Syria,143,205.0,2013
St. Lucia,141,210.0,2013
Luxembourg,141,210.0,2013
Afghanistan,140,214.0,2013
St. Kitts and Nevis,139,218.0,2013
Thailand,138,223.0,2013
Saudi Arabia,105,315.0,2013
Lithuania,104,321.0,2013
Liberia,103,324.0,2013
Mozambique,102,326.0,2013
Iraq,101,335.0,2013
China PR,100,339.0,2013
Puerto Rico,131,241.0,2013
Belize,130,242.0,2013
Lebanon,129,246.0,2013
Guyana,128,250.0,2013
Namibia,127,252.0,2013
Moldova,125,256.0,2013
Cyprus,125,256.0,2013
Grenada,123,264.0,2013
Kenya,123,264.0,2013
Antigua and Barbuda,122,265.0,2013
Central African Republic,89,398.0,2013
Canada,88,413.0,2013
Trinidad and Tobago,87,419.0,2013
Estonia,86,423.0,2013
United Arab Emirates,85,432.0,2013
Congo DR,84,434.0,2013
Benin,115,302.0,2013
Zimbabwe,114,304.0,2013
Qatar,112,306.0,2013
Korea DPR,112,306.0,2013
Northern Ireland,111,307.0,2013
Kuwait,110,309.0,2013
Suriname,109,311.0,2013
Malawi,108,312.0,2013
Niger,107,313.0,2013
Tajikistan,106,314.0,2013
Iceland,73,499.0,2013
Togo,72,511.0,2013
Cameroon,71,517.0,2013
Libya,70,518.0,2013
Haiti,69,522.0,2013
Bolivia,68,528.0,2013
Oman,99,361.0,2013
Georgia,98,369.0,2013
New Caledonia,97,377.0,2013
Angola,96,380.0,2013
Ethiopia,95,381.0,2013
El Salvador,94,382.0,2013
Guatemala,93,388.0,2013
FYR Macedonia,92,395.0,2013
Dominican Republic,90,396.0,2013
Congo,90,396.0,2013
Turkey,57,573.0,2013
Honduras,55,582.0,2013
New Zealand,55,582.0,2013
Austria,54,595.0,2013
Bulgaria,52,596.0,2013
IR Iran,52,596.0,2013
Sierra Leone,83,443.0,2013
Cuba,82,458.0,2013
Gabon,81,459.0,2013
Uganda,80,466.0,2013
Morocco,79,470.0,2013
Belarus,78,482.0,2013
Jamaica,77,484.0,2013
Jordan,76,489.0,2013
Poland,75,493.0,2013
Senegal,74,497.0,2013
Serbia,41,661.0,2013
Australia,40,671.0,2013
Costa Rica,39,688.0,2013
Albania,37,689.0,2013
Japan,37,689.0,2013
Venezuela,36,704.0,2013
Equatorial Guinea,67,532.0,2013
Armenia,66,534.0,2013
Finland,65,537.0,2013
Israel,64,540.0,2013
Slovakia,63,542.0,2013
Egypt,62,543.0,2013
Guinea,61,545.0,2013
Zambia,60,554.0,2013
South Africa,59,558.0,2013
Uzbekistan,58,563.0,2013
Norway,25,801.0,2013
Ghana,24,830.0,2013
France,23,838.0,2013
USA,22,865.0,2013
Chile,21,872.0,2013
Mexico,20,880.0,2013
Panama,51,601.0,2013
Scotland,50,610.0,2013
Cape Verde Islands,49,620.0,2013
Paraguay,48,622.0,2013
Tunisia,47,627.0,2013
Wales,46,630.0,2013
Slovenia,45,634.0,2013
Republic of Ireland,44,639.0,2013
Korea Republic,43,642.0,2013
Burkina Faso,42,656.0,2013
Brazil,9,1095.0,2013
Croatia,8,1098.0,2013
Portugal,7,1099.0,2013
Italy,6,1142.0,2013
Netherlands,5,1180.0,2013
Argentina,4,1204.0,2013
Nigeria,35,723.0,2013
Algeria,34,730.0,2013
Romania,33,732.0,2013
Hungary,32,749.0,2013
Sweden,31,765.0,2013
Ukraine,28,774.0,2013
Montenegro,28,774.0,2013
Mali,28,774.0,2013
Denmark,27,788.0,2013
Czech Republic,26,797.0,2013
Macau,201,10.0,2013
South Sudan,201,10.0,2013
Eritrea,200,11.0,2013
Andorra,198,17.0,2013
Comoros,198,17.0,2013
American Samoa,196,18.0,2013
Peru,19,898.0,2013
Ecuador,18,932.0,2013
Russia,17,979.0,2013
Switzerland,16,987.0,2013
England,15,994.0,2013
Bosnia and Herzegovina,14,995.0,2013
Côte d'Ivoire,13,1009.0,2013
Uruguay,12,1016.0,2013
Greece,11,1038.0,2013
Belgium,10,1079.0,2013
Swaziland,186,37.0,2013
Bahamas,185,40.0,2013
Guinea-Bissau,184,42.0,2013
Samoa,183,45.0,2013
Fiji,182,47.0,2013
Mongolia,181,49.0,2013
Colombia,3,1206.0,2013
Germany,2,1273.0,2013
Spain,1,1532.0,2013
Turks and Caicos Islands,207,0.0,2013
San Marino,207,0.0,2013
Bhutan,207,0.0,2013
Anguilla,206,3.0,2013
Cook Islands,205,5.0,2013
Djibouti,204,6.0,2013
Somalia,203,8.0,2013
Aruba,170,87.0,2013
Sri Lanka,169,90.0,2013
Dominica,167,95.0,2013
Chinese Taipei,167,95.0,2013
Barbados,166,101.0,2013
Bangladesh,164,116.0,2013
British Virgin Islands,196,18.0,2013
Papua New Guinea,194,21.0,2013
Cayman Islands,194,21.0,2013
US Virgin Islands,193,23.0,2013
Tonga,190,26.0,2013
Timor-Leste,190,26.0,2013
Brunei Darussalam,190,26.0,2013
Cambodia,189,28.0,2013
Montserrat,187,33.0,2013
Madagascar,187,33.0,2013
Liechtenstein,154,141.0,2013
St. Vincent / Grenadines,153,142.0,2013
Laos,152,144.0,2013
Singapore,150,149.0,2013
Guyana,150,149.0,2013
St. Kitts and Nevis,149,150.0,2013
Vanuatu,180,53.0,2013
Yemen,179,54.0,2013
Curacao,178,65.0,2013
Mauritius,177,66.0,2013
Seychelles,176,67.0,2013
Bermuda,175,83.0,2013
Pakistan,172,86.0,2013
Nepal,172,86.0,2013
Solomon Islands,172,86.0,2013
Faroe Islands,170,87.0,2013
Lesotho,138,187.0,2013
Palestine,137,192.0,2013
Grenada,136,194.0,2013
Turkmenistan,135,195.0,2013
Suriname,133,197.0,2013
Rwanda,133,197.0,2013
Chad,164,116.0,2013
Maldives,163,120.0,2013
Indonesia,161,123.0,2013
Guam,161,123.0,2013
Nicaragua,160,130.0,2013
Belize,159,136.0,2013
Sao Tome e Principe,158,139.0,2013
India,154,141.0,2013
Malaysia,154,141.0,2013
Puerto Rico,154,141.0,2013
Lebanon,121,249.0,2013
New Caledonia,121,249.0,2013
Tanzania,120,256.0,2013
Sudan,119,259.0,2013
Mozambique,118,264.0,2013
Latvia,116,272.0,2013
Kyrgyz Republic,147,155.0,2013
St. Lucia,147,155.0,2013
Thailand,146,162.0,2013
Antigua and Barbuda,145,164.0,2013
Vietnam,144,167.0,2013
Tahiti,143,179.0,2013
Mauritania,142,180.0,2013
Hong Kong,140,184.0,2013
Afghanistan,140,184.0,2013
Korea DPR,138,187.0,2013
Central African Republic,106,310.0,2013
Kuwait,105,315.0,2013
Niger,104,318.0,2013
Qatar,103,325.0,2013
Lithuania,102,326.0,2013
Georgia,101,330.0,2013
Malta,132,198.0,2013
Gambia,131,202.0,2013
Myanmar,130,204.0,2013
Syria,129,207.0,2013
Kazakhstan,128,216.0,2013
Philippines,127,219.0,2013
Cyprus,126,229.0,2013
Namibia,125,237.0,2013
Burundi,124,239.0,2013
Luxembourg,123,243.0,2013
New Zealand,90,378.0,2013
Northern Ireland,89,381.0,2013
Angola,88,384.0,2013
Saudi Arabia,87,391.0,2013
Uganda,86,402.0,2013
Oman,85,408.0,2013
Malawi,116,272.0,2013
Dominican Republic,115,282.0,2013
Tajikistan,114,286.0,2013
Guatemala,113,287.0,2013
Canada,112,291.0,2013
Bahrain,110,292.0,2013
Iraq,110,292.0,2013
Kenya,109,293.0,2013
Equatorial Guinea,108,294.0,2013
Zimbabwe,107,299.0,2013
Bulgaria,74,486.0,2013
Morocco,73,490.0,2013
Togo,72,504.0,2013
United Arab Emirates,71,507.0,2013
Bolivia,70,519.0,2013
Zambia,69,523.0,2013
Cuba,100,334.0,2013
Benin,99,342.0,2013
Liberia,98,354.0,2013
Botswana,97,357.0,2013
Moldova,96,359.0,2013
Estonia,94,363.0,2013
Azerbaijan,94,363.0,2013
Ethiopia,93,374.0,2013
China PR,92,376.0,2013
El Salvador,90,378.0,2013
Australia,58,565.0,2013
Albania,57,571.0,2013
Wales,56,574.0,2013
Norway,54,577.0,2013
Korea Republic,54,577.0,2013
Burkina Faso,53,591.0,2013
Congo,84,421.0,2013
FYR Macedonia,83,425.0,2013
Congo DR,82,427.0,2013
Belarus,81,431.0,2013
Jamaica,80,439.0,2013
Haiti,79,440.0,2013
Trinidad and Tobago,78,441.0,2013
Gabon,77,453.0,2013
Poland,76,461.0,2013
Sierra Leone,75,471.0,2013
Honduras,42,690.0,2013
Egypt,41,695.0,2013
Peru,39,698.0,2013
Cape Verde Islands,39,698.0,2013
Panama,38,705.0,2013
Nigeria,37,710.0,2013
Uzbekistan,68,526.0,2013
Republic of Ireland,67,528.0,2013
Jordan,65,536.0,2013
Senegal,65,536.0,2013
Finland,64,539.0,2013
Israel,63,548.0,2013
South Africa,62,554.0,2013
Guinea,61,555.0,2013
Slovakia,60,557.0,2013
Libya,59,558.0,2013
Algeria,26,800.0,2013
Denmark,25,831.0,2013
Ghana,24,849.0,2013
Ecuador,23,852.0,2013
Russia,22,870.0,2013
Mexico,21,892.0,2013
Montenegro,52,594.0,2013
Paraguay,51,600.0,2013
Cameroon,50,615.0,2013
Iceland,49,624.0,2013
Tunisia,48,632.0,2013
Japan,47,638.0,2013
Austria,46,648.0,2013
Mali,45,664.0,2013
Hungary,44,668.0,2013
Turkey,43,677.0,2013
Turks and Caicos Islands,207,0.0,2013
San Marino,207,0.0,2013
Switzerland,8,1113.0,2013
Italy,7,1120.0,2013
Uruguay,6,1132.0,2013
Portugal,5,1172.0,2013
Venezuela,36,711.0,2013
Armenia,35,716.0,2013
Scotland,34,717.0,2013
IR Iran,33,720.0,2013
Romania,32,734.0,2013
Costa Rica,31,741.0,2013
Serbia,30,752.0,2013
Slovenia,29,762.0,2013
Czech Republic,28,766.0,2013
Sweden,27,793.0,2013
Nepal,169,106.0,2013
Indonesia,168,112.0,2013
France,20,893.0,2013
Bosnia and Herzegovina,19,899.0,2013
Ukraine,18,907.0,2013
Côte d'Ivoire,17,918.0,2013
Croatia,16,971.0,2013
Chile,15,1014.0,2013
USA,14,1019.0,2013
England,13,1041.0,2013
Greece,12,1055.0,2013
Belgium,11,1098.0,2013
Brazil,10,1102.0,2013
Netherlands,9,1106.0,2013
Colombia,4,1200.0,2013
Argentina,3,1251.0,2013
Spain,1,1507.0,2013
Cook Islands,204,9.0,2013
Italy,11,1103.0,2014
Germany,1,1725.0,2014
Slovakia,21,891.0,2014
Mexico,20,913.0,2014
Croatia,19,946.0,2014
Algeria,18,948.0,2014
Czech Republic,17,987.0,2014
Costa Rica,16,997.0,2014
Romania,15,1014.0,2014
Chile,14,1022.0,2014
England,13,1032.0,2014
Switzerland,12,1091.0,2014
Cambodia,200,13.0,2014
Papua New Guinea,199,14.0,2014
Andorra,198,16.0,2014
American Samoa,197,18.0,2014
Faroe Islands,184,61.0,2014
Curacao,183,63.0,2014
Seychelles,182,64.0,2014
Turks and Caicos Islands,181,66.0,2014
San Marino,208,0.0,2014
Bhutan,208,0.0,2014
Anguilla,207,1.0,2014
Cook Islands,206,5.0,2014
Djibouti,205,6.0,2014
Macau,204,7.0,2014
Somalia,203,8.0,2014
Eritrea,202,11.0,2014
British Virgin Islands,200,13.0,2014
Dominica,167,93.0,2014
Liechtenstein,167,93.0,2014
Montserrat,166,99.0,2014
Pakistan,165,100.0,2014
Cayman Islands,196,21.0,2014
Tonga,192,26.0,2014
Timor-Leste,192,26.0,2014
Brunei Darussalam,192,26.0,2014
Bahamas,192,26.0,2014
Samoa,190,28.0,2014
US Virgin Islands,190,28.0,2014
Mongolia,189,29.0,2014
Fiji,188,31.0,2014
Vanuatu,187,38.0,2014
South Sudan,186,43.0,2014
Mauritius,185,56.0,2014
India,151,144.0,2014
Malaysia,151,144.0,2014
Malta,150,146.0,2014
Antigua and Barbuda,149,152.0,2014
Yemen,180,70.0,2014
Chinese Taipei,178,71.0,2014
Sri Lanka,178,71.0,2014
Sao Tome e Principe,177,72.0,2014
Solomon Islands,175,78.0,2014
Nicaragua,175,78.0,2014
Guam,174,79.0,2014
Bermuda,173,83.0,2014
Comoros,172,84.0,2014
Tahiti,171,85.0,2014
Laos,170,87.0,2014
Barbados,169,92.0,2014
New Caledonia,136,199.0,2014
St. Vincent / Grenadines,135,203.0,2014
Guatemala,134,204.0,2014
Mauritania,133,208.0,2014
Nepal,164,102.0,2014
Bangladesh,163,103.0,2014
Hong Kong,162,114.0,2014
Belize,161,117.0,2014
Myanmar,160,122.0,2014
Swaziland,159,123.0,2014
St. Kitts and Nevis,158,124.0,2014
Thailand,157,128.0,2014
Puerto Rico,156,134.0,2014
Guyana,155,136.0,2014
Singapore,154,140.0,2014
Indonesia,153,141.0,2014
Cuba,120,245.0,2014
Lebanon,119,249.0,2014
Canada,118,250.0,2014
Central African Republic,117,253.0,2014
Gambia,148,161.0,2014
Korea DPR,147,163.0,2014
Syria,146,169.0,2014
Maldives,145,171.0,2014
Kyrgyz Republic,144,176.0,2014
Madagascar,143,179.0,2014
Grenada,142,182.0,2014
Chad,140,183.0,2014
Turkmenistan,140,183.0,2014
Cyprus,139,193.0,2014
St. Lucia,138,195.0,2014
Guinea-Bissau,136,199.0,2014
Lithuania,104,312.0,2014
Latvia,103,314.0,2014
Moldova,102,325.0,2014
New Zealand,101,330.0,2014
Suriname,131,213.0,2014
Lesotho,131,213.0,2014
Vietnam,129,217.0,2014
Afghanistan,129,217.0,2014
Philippines,128,218.0,2014
Kazakhstan,127,220.0,2014
Burundi,126,222.0,2014
Dominican Republic,125,230.0,2014
Tajikistan,124,232.0,2014
Aruba,123,233.0,2014
El Salvador,121,234.0,2014
Malawi,121,234.0,2014
Togo,88,357.0,2014
Uganda,87,358.0,2014
Qatar,86,361.0,2014
Palestine,85,362.0,2014
Liberia,115,256.0,2014
Sudan,115,256.0,2014
Mozambique,114,257.0,2014
Haiti,113,262.0,2014
Namibia,112,264.0,2014
Equatorial Guinea,111,270.0,2014
Ethiopia,110,273.0,2014
Rwanda,109,276.0,2014
Luxembourg,108,278.0,2014
Kuwait,107,281.0,2014
Tanzania,106,287.0,2014
Bahrain,105,288.0,2014
Bulgaria,72,425.0,2014
Bolivia,71,429.0,2014
Republic of Ireland,70,440.0,2014
Oman,69,443.0,2014
Niger,99,332.0,2014
Botswana,99,332.0,2014
Zimbabwe,98,334.0,2014
Georgia,96,338.0,2014
Congo DR,96,338.0,2014
Kenya,95,339.0,2014
China PR,94,342.0,2014
Gabon,93,344.0,2014
Estonia,92,345.0,2014
Benin,91,354.0,2014
Iraq,89,356.0,2014
Northern Ireland,89,356.0,2014
Korea Republic,56,501.0,2014
Finland,55,508.0,2014
Cameroon,53,520.0,2014
Norway,53,520.0,2014
Trinidad and Tobago,84,369.0,2014
Jamaica,83,373.0,2014
Congo,82,375.0,2014
Belarus,81,376.0,2014
Angola,79,377.0,2014
Morocco,79,377.0,2014
Saudi Arabia,78,384.0,2014
Zambia,77,396.0,2014
Australia,76,397.0,2014
Cape Verde Islands,75,401.0,2014
FYR Macedonia,74,406.0,2014
Azerbaijan,73,410.0,2014
Honduras,40,637.0,2014
Ghana,38,642.0,2014
Hungary,38,642.0,2014
Slovenia,37,644.0,2014
Israel,67,444.0,2014
Albania,67,444.0,2014
South Africa,66,450.0,2014
United Arab Emirates,65,466.0,2014
Sierra Leone,64,469.0,2014
Libya,63,471.0,2014
Senegal,62,476.0,2014
Poland,61,478.0,2014
Mali,60,483.0,2014
Peru,59,487.0,2014
Burkina Faso,58,495.0,2014
Jordan,57,500.0,2014
Algeria,24,872.0,2014
Russia,23,897.0,2014
Ukraine,22,898.0,2014
Ecuador,21,901.0,2014
Uzbekistan,52,523.0,2014
Guinea,51,555.0,2014
Montenegro,50,559.0,2014
IR Iran,49,563.0,2014
Paraguay,48,566.0,2014
Iceland,47,570.0,2014
Slovakia,46,588.0,2014
Japan,45,604.0,2014
Wales,44,606.0,2014
Austria,43,614.0,2014
Tunisia,42,621.0,2014
Armenia,41,635.0,2014
Spain,8,1229.0,2014
Brazil,7,1241.0,2014
Uruguay,6,1330.0,2014
Belgium,5,1401.0,2014
Egypt,36,645.0,2014
Czech Republic,35,646.0,2014
Nigeria,34,664.0,2014
Panama,33,684.0,2014
Turkey,32,714.0,2014
Serbia,31,717.0,2014
Venezuela,30,720.0,2014
Sweden,29,724.0,2014
Romania,28,733.0,2014
Scotland,27,734.0,2014
Denmark,26,807.0,2014
Côte d'Ivoire,25,850.0,2014
Andorra,201,9.0,2014
American Samoa,200,12.0,2014
Papua New Guinea,199,13.0,2014
Brunei Darussalam,198,15.0,2014
England,20,911.0,2014
Bosnia and Herzegovina,19,917.0,2014
Mexico,18,930.0,2014
Croatia,17,955.0,2014
Costa Rica,16,986.0,2014
USA,15,989.0,2014
Italy,14,1056.0,2014
Greece,13,1091.0,2014
Chile,12,1098.0,2014
Portugal,11,1148.0,2014
France,10,1202.0,2014
Switzerland,9,1216.0,2014
Timor-Leste,185,51.0,2014
Dominica,184,52.0,2014
Solomon Islands,183,53.0,2014
Chinese Taipei,182,54.0,2014
Colombia,4,1492.0,2014
Netherlands,3,1496.0,2014
Argentina,2,1606.0,2014
Germany,1,1724.0,2014
Bhutan,209,0.0,2014
Anguilla,208,2.0,2014
Cook Islands,206,4.0,2014
Djibouti,206,4.0,2014
Cayman Islands,205,5.0,2014
Somalia,204,6.0,2014
Eritrea,202,8.0,2014
British Virgin Islands,202,8.0,2014
Montserrat,169,86.0,2014
Gambia,168,90.0,2014
Guyana,167,92.0,2014
Tahiti,166,100.0,2014
US Virgin Islands,197,16.0,2014
Tonga,196,17.0,2014
Bahamas,195,26.0,2014
Mongolia,194,29.0,2014
Samoa,192,30.0,2014
Fiji,192,30.0,2014
Vanuatu,191,33.0,2014
Mauritius,190,36.0,2014
South Sudan,189,43.0,2014
Pakistan,188,45.0,2014
Macau,186,49.0,2014
Nepal,186,49.0,2014
New Caledonia,153,142.0,2014
Kyrgyz Republic,152,146.0,2014
Syria,151,154.0,2014
Korea DPR,150,156.0,2014
Cambodia,179,55.0,2014
San Marino,179,55.0,2014
Bermuda,179,55.0,2014
Seychelles,178,61.0,2014
Turks and Caicos Islands,177,66.0,2014
Yemen,176,69.0,2014
Belize,175,74.0,2014
Nicaragua,173,75.0,2014
Comoros,173,75.0,2014
Sri Lanka,172,78.0,2014
India,171,79.0,2014
Sao Tome e Principe,170,84.0,2014
Mauritania,137,211.0,2014
Tajikistan,135,215.0,2014
Azerbaijan,135,215.0,2014
New Zealand,134,216.0,2014
Bangladesh,165,103.0,2014
Swaziland,164,113.0,2014
Suriname,163,115.0,2014
Puerto Rico,161,119.0,2014
Guam,161,119.0,2014
Laos,160,121.0,2014
Indonesia,159,123.0,2014
Curacao,158,125.0,2014
Singapore,157,131.0,2014
Hong Kong,156,134.0,2014
Grenada,155,137.0,2014
Malaysia,154,138.0,2014
Moldova,121,250.0,2014
Equatorial Guinea,120,251.0,2014
St. Vincent / Grenadines,119,256.0,2014
St. Kitts and Nevis,118,258.0,2014
Madagascar,147,166.0,2014
Turkmenistan,147,166.0,2014
Malta,147,166.0,2014
Chad,146,172.0,2014
Central African Republic,145,178.0,2014
Barbados,144,183.0,2014
Afghanistan,143,190.0,2014
Thailand,142,194.0,2014
Myanmar,141,200.0,2014
St. Lucia,140,202.0,2014
Kazakhstan,139,205.0,2014
Vietnam,137,211.0,2014
Tanzania,105,314.0,2014
Faroe Islands,104,317.0,2014
Iraq,103,320.0,2014
Saudi Arabia,102,323.0,2014
Guinea-Bissau,133,218.0,2014
Liechtenstein,132,219.0,2014
Philippines,130,220.0,2014
Maldives,130,220.0,2014
Aruba,129,221.0,2014
Luxembourg,128,230.0,2014
Burundi,127,232.0,2014
Lebanon,126,238.0,2014
Georgia,125,239.0,2014
Kuwait,124,246.0,2014
Lesotho,123,247.0,2014
Bahrain,122,249.0,2014
Benin,89,361.0,2014
Venezuela,88,369.0,2014
Cyprus,87,372.0,2014
Sierra Leone,86,374.0,2014
Niger,116,261.0,2014
Kenya,116,261.0,2014
Liberia,115,268.0,2014
Cuba,113,271.0,2014
Palestine,113,271.0,2014
Canada,112,287.0,2014
Ethiopia,111,290.0,2014
Sudan,110,294.0,2014
Namibia,109,295.0,2014
Zimbabwe,108,308.0,2014
Botswana,107,309.0,2014
Dominican Republic,106,310.0,2014
Haiti,72,458.0,2014
Guatemala,72,458.0,2014
Honduras,71,461.0,2014
Finland,70,468.0,2014
Australia,100,324.0,2014
FYR Macedonia,100,324.0,2014
Belarus,99,331.0,2014
Mozambique,98,332.0,2014
China PR,97,336.0,2014
Latvia,96,339.0,2014
Qatar,95,342.0,2014
Antigua and Barbuda,94,344.0,2014
Oman,93,347.0,2014
Lithuania,92,355.0,2014
El Salvador,90,358.0,2014
Malawi,90,358.0,2014
Panama,57,547.0,2014
Congo DR,56,548.0,2014
Trinidad and Tobago,55,551.0,2014
Japan,54,563.0,2014
Bolivia,85,375.0,2014
Estonia,84,390.0,2014
Jordan,81,393.0,2014
United Arab Emirates,81,393.0,2014
Morocco,81,393.0,2014
Angola,80,395.0,2014
Armenia,79,436.0,2014
Libya,78,437.0,2014
Paraguay,76,438.0,2014
Uganda,76,438.0,2014
Jamaica,75,449.0,2014
Uzbekistan,74,454.0,2014
Poland,41,680.0,2014
Cape Verde Islands,40,693.0,2014
Guinea,39,706.0,2014
Serbia,38,713.0,2014
Korea Republic,69,481.0,2014
Rwanda,68,494.0,2014
Norway,67,500.0,2014
Bulgaria,66,506.0,2014
Gabon,65,511.0,2014
Republic of Ireland,64,519.0,2014
Burkina Faso,63,523.0,2014
Togo,62,524.0,2014
Congo,61,529.0,2014
Egypt,60,531.0,2014
Montenegro,59,537.0,2014
Albania,58,543.0,2014
Ukraine,25,854.0,2014
Greece,24,856.0,2014
Austria,23,863.0,2014
Tunisia,22,867.0,2014
Peru,53,565.0,2014
South Africa,52,579.0,2014
IR Iran,51,580.0,2014
Mali,50,603.0,2014
Turkey,49,604.0,2014
Northern Ireland,48,615.0,2014
Slovenia,47,622.0,2014
Zambia,46,625.0,2014
Hungary,45,632.0,2014
Sweden,44,646.0,2014
Nigeria,43,656.0,2014
Cameroon,42,665.0,2014
Ghana,37,714.0,2014
Scotland,36,729.0,2014
Senegal,35,734.0,2014
Wales,34,748.0,2014
Iceland,33,761.0,2014
Israel,32,788.0,2014
Russia,31,789.0,2014
Denmark,30,804.0,2014
Bosnia and Herzegovina,29,817.0,2014
Côte d'Ivoire,28,833.0,2014
USA,27,836.0,2014
Ecuador,26,852.0,2014
Uruguay,10,1135.0,2014
Spain,9,1142.0,2014
France,7,1160.0,2014
Portugal,7,1160.0,2014
Brazil,6,1316.0,2014
Netherlands,5,1374.0,2014
Belgium,4,1417.0,2014
Colombia,3,1450.0,2014
Argentina,2,1538.0,2014
Bahamas,200,13.0,2015
Fiji,199,16.0,2015
Tonga,197,17.0,2015
Vanuatu,197,17.0,2015
Samoa,196,19.0,2015
South Sudan,195,24.0,2015
British Virgin Islands,194,27.0,2015
Turks and Caicos Islands,193,33.0,2015
San Marino,192,40.0,2015
Sri Lanka,183,62.0,2015
Macau,181,66.0,2015
Cambodia,181,66.0,2015
Mauritius,180,71.0,2015
Chinese Taipei,179,72.0,2015
Montserrat,178,74.0,2015
Laos,177,86.0,2015
Timor-Leste,165,130.0,2015
Indonesia,164,134.0,2015
Suriname,163,141.0,2015
Myanmar,162,145.0,2015
Liberia,161,152.0,2015
Grenada,160,153.0,2015
Solomon Islands,191,44.0,2015
Cayman Islands,189,48.0,2015
Sao Tome e Principe,189,48.0,2015
Tahiti,188,50.0,2015
Comoros,187,51.0,2015
Seychelles,186,52.0,2015
Nepal,185,60.0,2015
Brunei Darussalam,184,61.0,2015
Belgium,1,1494.0,2015
American Samoa,201,12.0,2015
Guinea-Bissau,133,213.0,2015
Lesotho,131,217.0,2015
Burundi,131,217.0,2015
Lebanon,130,218.0,2015
Korea DPR,129,222.0,2015
Mauritania,128,224.0,2015
Guyana,159,155.0,2015
Malta,158,157.0,2015
Kyrgyz Republic,157,160.0,2015
India,156,161.0,2015
Guam,154,163.0,2015
Hong Kong,154,163.0,2015
Georgia,153,165.0,2015
Turkmenistan,152,167.0,2015
Singapore,150,169.0,2015
Puerto Rico,150,169.0,2015
Syria,117,262.0,2015
Kenya,116,263.0,2015
St. Vincent / Grenadines,115,268.0,2015
Namibia,114,276.0,2015
Bahrain,113,282.0,2015
Zimbabwe,112,290.0,2015
Gambia,143,188.0,2015
Kazakhstan,142,193.0,2015
Barbados,141,198.0,2015
Thailand,140,199.0,2015
Tanzania,139,200.0,2015
Swaziland,138,206.0,2015
New Zealand,136,209.0,2015
Bermuda,136,209.0,2015
Aruba,135,211.0,2015
Afghanistan,134,212.0,2015
Ethiopia,101,333.0,2015
Belarus,100,341.0,2015
Qatar,96,345.0,2015
Niger,96,345.0,2015
Libya,96,345.0,2015
Benin,96,345.0,2015
St. Lucia,127,225.0,2015
Dominican Republic,126,227.0,2015
Moldova,124,236.0,2015
Philippines,124,236.0,2015
Kuwait,123,242.0,2015
Madagascar,122,250.0,2015
Botswana,120,254.0,2015
St. Kitts and Nevis,120,254.0,2015
Palestine,119,255.0,2015
Belize,118,257.0,2015
Cyprus,85,391.0,2015
Morocco,84,394.0,2015
Togo,83,415.0,2015
Estonia,82,420.0,2015
Montenegro,81,423.0,2015
Honduras,80,427.0,2015
Sierra Leone,111,300.0,2015
Lithuania,110,301.0,2015
Azerbaijan,108,302.0,2015
Malawi,108,302.0,2015
Antigua and Barbuda,107,303.0,2015
FYR Macedonia,105,311.0,2015
Guatemala,105,311.0,2015
Cuba,104,313.0,2015
Canada,103,328.0,2015
Oman,102,329.0,2015
United Arab Emirates,69,487.0,2015
Bulgaria,68,489.0,2015
Norway,67,495.0,2015
Bolivia,66,511.0,2015
Gabon,65,524.0,2015
Trinidad and Tobago,64,543.0,2015
Mozambique,95,354.0,2015
Saudi Arabia,92,355.0,2015
Jordan,92,355.0,2015
Angola,92,355.0,2015
Finland,90,371.0,2015
Sudan,90,371.0,2015
Armenia,89,373.0,2015
El Salvador,88,374.0,2015
Latvia,87,377.0,2015
Iraq,86,382.0,2015
Republic of Ireland,52,608.0,2015
Cape Verde Islands,52,608.0,2015
Israel,51,620.0,2015
Japan,50,621.0,2015
Slovenia,49,626.0,2015
Turkey,48,627.0,2015
Haiti,79,428.0,2015
Rwanda,78,433.0,2015
China PR,77,436.0,2015
Jamaica,76,437.0,2015
Uzbekistan,75,453.0,2015
Faroe Islands,74,456.0,2015
Uganda,73,467.0,2015
Burkina Faso,72,481.0,2015
Zambia,71,482.0,2015
South Africa,70,483.0,2015
Northern Ireland,37,721.0,2015
Albania,36,722.0,2015
Ecuador,35,738.0,2015
USA,34,748.0,2015
Sweden,33,752.0,2015
Tunisia,32,758.0,2015
Equatorial Guinea,63,546.0,2015
Panama,62,549.0,2015
Mali,61,550.0,2015
Congo DR,60,555.0,2015
Australia,59,559.0,2015
Guinea,58,591.0,2015
Nigeria,57,601.0,2015
Paraguay,56,603.0,2015
Egypt,55,606.0,2015
Korea Republic,52,608.0,2015
Côte d'Ivoire,21,917.0,2015
Czech Republic,20,933.0,2015
Algeria,19,941.0,2015
Switzerland,18,997.0,2015
Italy,17,1001.0,2015
Austria,15,1016.0,2015
Congo,47,630.0,2015
Peru,46,635.0,2015
Venezuela,45,643.0,2015
Greece,44,661.0,2015
Serbia,43,662.0,2015
Cameroon,42,672.0,2015
Costa Rica,41,695.0,2015
Mexico,40,697.0,2015
Senegal,39,715.0,2015
IR Iran,38,716.0,2015
Netherlands,5,1204.0,2015
Colombia,4,1217.0,2015
Belgium,3,1244.0,2015
Germany,2,1411.0,2015
Argentina,1,1473.0,2015
Tonga,204,0.0,2015
Hungary,31,763.0,2015
Poland,30,769.0,2015
Scotland,29,774.0,2015
Russia,28,782.0,2015
Ukraine,27,791.0,2015
Bosnia and Herzegovina,26,819.0,2015
Ghana,25,827.0,2015
Denmark,24,876.0,2015
Iceland,23,877.0,2015
France,22,882.0,2015
San Marino,198,28.0,2015
Turks and Caicos Islands,197,33.0,2015
Cayman Islands,196,43.0,2015
Macau,195,44.0,2015
Sri Lanka,194,45.0,2015
Vanuatu,193,47.0,2015
Slovakia,15,1016.0,2015
Croatia,14,1023.0,2015
Uruguay,13,1036.0,2015
Spain,12,1110.0,2015
Chile,11,1129.0,2015
Wales,10,1155.0,2015
England,9,1157.0,2015
Romania,8,1166.0,2015
Portugal,7,1177.0,2015
Brazil,6,1186.0,2015
Bangladesh,182,78.0,2015
New Caledonia,181,80.0,2015
Cambodia,180,83.0,2015
Indonesia,179,84.0,2015
Laos,177,88.0,2015
US Virgin Islands,177,88.0,2015
Somalia,204,0.0,2015
Eritrea,204,0.0,2015
Djibouti,204,0.0,2015
Bahamas,204,0.0,2015
Anguilla,204,0.0,2015
Papua New Guinea,203,4.0,2015
Andorra,201,6.0,2015
Mongolia,201,6.0,2015
Solomon Islands,200,26.0,2015
British Virgin Islands,199,27.0,2015
India,166,132.0,2015
Liechtenstein,164,135.0,2015
Gambia,164,135.0,2015
Grenada,163,139.0,2015
Malta,162,143.0,2015
Guyana,161,144.0,2015
Nepal,192,49.0,2015
Suriname,191,55.0,2015
Tahiti,189,56.0,2015
Seychelles,189,56.0,2015
Bhutan,188,64.0,2015
Montserrat,187,67.0,2015
Fiji,186,68.0,2015
Brunei Darussalam,185,74.0,2015
Pakistan,184,76.0,2015
Chinese Taipei,182,78.0,2015
Afghanistan,150,194.0,2015
Singapore,149,195.0,2015
Tajikistan,148,196.0,2015
Vietnam,147,200.0,2015
Guinea-Bissau,146,207.0,2015
Barbados,145,214.0,2015
Dominica,176,107.0,2015
Mauritius,174,119.0,2015
Yemen,174,119.0,2015
Puerto Rico,172,120.0,2015
Comoros,172,120.0,2015
Timor-Leste,170,127.0,2015
Malaysia,170,127.0,2015
Samoa,167,128.0,2015
Cook Islands,167,128.0,2015
American Samoa,167,128.0,2015
Sudan,134,259.0,2015
Thailand,133,263.0,2015
Tanzania,132,264.0,2015
Swaziland,131,265.0,2015
Namibia,129,266.0,2015
Kazakhstan,129,266.0,2015
Maldives,160,150.0,2015
Bermuda,159,154.0,2015
Myanmar,158,155.0,2015
Guam,157,162.0,2015
Sao Tome e Principe,156,170.0,2015
Moldova,155,172.0,2015
Dominican Republic,154,180.0,2015
Lesotho,153,185.0,2015
New Zealand,151,192.0,2015
Curacao,151,192.0,2015
Sierra Leone,118,295.0,2015
Azerbaijan,117,296.0,2015
Mauritania,116,297.0,2015
Aruba,115,298.0,2015
Chad,114,301.0,2015
Central African Republic,113,302.0,2015
St. Lucia,144,216.0,2015
St. Vincent / Grenadines,143,221.0,2015
Luxembourg,142,237.0,2015
Lebanon,139,239.0,2015
Philippines,139,239.0,2015
Kuwait,139,239.0,2015
South Sudan,138,246.0,2015
Hong Kong,137,252.0,2015
FYR Macedonia,136,257.0,2015
Palestine,134,259.0,2015
Latvia,101,338.0,2015
Rwanda,101,338.0,2015
Niger,100,339.0,2015
El Salvador,99,344.0,2015
Kenya,98,345.0,2015
Faroe Islands,97,357.0,2015
Madagascar,128,272.0,2015
Belize,127,273.0,2015
Lithuania,126,274.0,2015
Syria,125,276.0,2015
Bahrain,124,278.0,2015
Armenia,123,285.0,2015
Georgia,122,286.0,2015
St. Kitts and Nevis,121,289.0,2015
Ethiopia,120,293.0,2015
Turkmenistan,119,294.0,2015
Qatar,86,401.0,2015
Montenegro,85,403.0,2015
China PR,84,405.0,2015
Venezuela,83,408.0,2015
Antigua and Barbuda,82,409.0,2015
Libya,81,427.0,2015
Burundi,112,307.0,2015
Mozambique,111,317.0,2015
Zimbabwe,110,318.0,2015
Malawi,109,322.0,2015
Kyrgyz Republic,108,324.0,2015
Liberia,107,329.0,2015
Angola,105,330.0,2015
Korea DPR,105,330.0,2015
Oman,104,333.0,2015
Honduras,101,338.0,2015
Equatorial Guinea,69,498.0,2015
Israel,69,498.0,2015
Bolivia,68,500.0,2015
Belarus,67,514.0,2015
Nigeria,66,541.0,2015
United Arab Emirates,65,543.0,2015
Togo,96,363.0,2015
Botswana,95,364.0,2015
Guatemala,94,368.0,2015
Estonia,93,369.0,2015
Nicaragua,92,370.0,2015
Cuba,91,377.0,2015
Iraq,89,381.0,2015
Burkina Faso,89,381.0,2015
Canada,88,388.0,2015
Jordan,87,399.0,2015
Norway,54,591.0,2015
Japan,53,607.0,2015
Scotland,52,609.0,2015
Korea Republic,51,617.0,2015
Guinea,50,621.0,2015
Trinidad and Tobago,49,628.0,2015
Saudi Arabia,80,432.0,2015
Cyprus,79,441.0,2015
Benin,78,461.0,2015
Haiti,77,467.0,2015
Gabon,76,468.0,2015
Morocco,75,469.0,2015
Uzbekistan,74,470.0,2015
Zambia,73,481.0,2015
South Africa,72,487.0,2015
Bulgaria,71,494.0,2015
Albania,38,746.0,2015
Costa Rica,37,759.0,2015
Iceland,36,761.0,2015
Sweden,35,771.0,2015
Poland,34,776.0,2015
Ghana,33,778.0,2015
Panama,64,544.0,2015
Uganda,63,550.0,2015
Mali,62,552.0,2015
Slovenia,61,565.0,2015
Congo DR,60,580.0,2015
Cameroon,59,583.0,2015
Egypt,57,585.0,2015
Australia,57,585.0,2015
Serbia,56,590.0,2015
Jamaica,54,591.0,2015
Bosnia and Herzegovina,22,898.0,2015
Turkey,21,933.0,2015
Hungary,20,945.0,2015
Côte d'Ivoire,19,950.0,2015
Croatia,18,958.0,2015
Wales,17,974.0,2015
Congo,48,638.0,2015
Peru,47,644.0,2015
Paraguay,46,647.0,2015
IR Iran,45,653.0,2015
Senegal,44,661.0,2015
Finland,43,663.0,2015
Denmark,42,685.0,2015
Greece,41,706.0,2015
Tunisia,40,711.0,2015
Cape Verde Islands,39,745.0,2015
Portugal,7,1219.0,2015
Brazil,6,1251.0,2015
Chile,5,1273.0,2015
Germany,4,1347.0,2015
Spain,3,1370.0,2015
Argentina,2,1455.0,2015
USA,32,784.0,2015
Republic of Ireland,31,810.0,2015
Northern Ireland,30,825.0,2015
Ukraine,29,842.0,2015
Algeria,28,845.0,2015
Czech Republic,26,860.0,2015
Slovakia,26,860.0,2015
France,25,868.0,2015
Russia,24,895.0,2015
Mexico,22,898.0,2015
Maldives,176,87.0,2015
Djibouti,207,4.0,2015
Somalia,205,6.0,2015
Mongolia,205,6.0,2015
Eritrea,204,8.0,2015
Cook Islands,207,4.0,2015
Anguilla,209,0.0,2015
Romania,16,980.0,2015
Italy,15,991.0,2015
Netherlands,14,994.0,2015
Ecuador,13,1040.0,2015
Switzerland,12,1050.0,2015
Uruguay,11,1074.0,2015
Austria,10,1091.0,2015
England,9,1106.0,2015
Colombia,8,1211.0,2015
Curacao,149,174.0,2015
Tajikistan,148,181.0,2015
Liechtenstein,147,182.0,2015
Luxembourg,146,187.0,2015
Vietnam,143,188.0,2015
Nicaragua,143,188.0,2015
US Virgin Islands,175,97.0,2015
Dominica,174,98.0,2015
Chad,173,100.0,2015
Pakistan,172,101.0,2015
Yemen,171,104.0,2015
Central African Republic,170,111.0,2015
Bangladesh,169,115.0,2015
Malaysia,168,117.0,2015
New Caledonia,167,118.0,2015
Bhutan,166,128.0,2015
Papua New Guinea,202,9.0,2015
Andorra,202,9.0,2015
Montserrat,196,44.0,2016
Brunei Darussalam,198,33.0,2016
Cayman Islands,199,21.0,2016
San Marino,200,20.0,2016
Turks and Caicos Islands,200,20.0,2016
Argentina,1,1634.0,2016
England,13,1114.0,2016
Croatia,14,1103.0,2016
Poland,15,1087.0,2016
Italy,16,1083.0,2016
Costa Rica,17,1041.0,2016
Mexico,18,1012.0,2016
Peru,19,965.0,2016
Ecuador,20,890.0,2016
Brazil,2,1544.0,2016
Germany,3,1433.0,2016
Cook Islands,168,128.0,2016
Mongolia,202,13.0,2016
Andorra,203,12.0,2016
British Virgin Islands,204,11.0,2016
Anguilla,205,0.0,2016
Bahamas,205,0.0,2016
Djibouti,205,0.0,2016
Eritrea,205,0.0,2016
Somalia,205,0.0,2016
Samoa,178,106.0,2016
Vanuatu,179,103.0,2016
Cambodia,180,95.0,2016
Solomon Islands,181,92.0,2016
Liechtenstein,182,89.0,2016
Chinese Taipei,183,85.0,2016
US Virgin Islands,196,44.0,2016
Azerbaijan,137,253.0,2016
Suriname,170,123.0,2016
St. Lucia,171,121.0,2016
Guam,172,120.0,2016
Dominica,173,117.0,2016
Maldives,174,115.0,2016
Tahiti,175,114.0,2016
Malta,176,109.0,2016
Laos,177,107.0,2016
Luxembourg,146,219.0,2016
Aruba,147,216.0,2016
Hong Kong,148,213.0,2016
Lebanon,149,208.0,2016
Afghanistan,150,206.0,2016
Lesotho,151,204.0,2016
India,152,200.0,2016
Cuba,121,305.0,2016
Sao Tome e Principe,153,197.0,2016
Comoros,155,191.0,2016
Barbados,156,182.0,2016
St. Vincent / Grenadines,156,182.0,2016
Singapore,158,175.0,2016
Grenada,159,171.0,2016
Myanmar,160,167.0,2016
New Caledonia,161,162.0,2016
Niger,130,277.0,2016
Madagascar,131,273.0,2016
Ethiopia,132,270.0,2016
Malawi,133,269.0,2016
Curacao,134,261.0,2016
Philippines,135,256.0,2016
Faroe Islands,136,254.0,2016
Kyrgyz Republic,104,341.0,2016
Angola,137,253.0,2016
Dominican Republic,139,243.0,2016
FYR Macedonia,139,243.0,2016
Vietnam,139,243.0,2016
Sudan,142,229.0,2016
Mauritius,142,229.0,2016
Kuwait,144,223.0,2016
Tajikistan,145,220.0,2016
Chad,114,326.0,2016
Palestine,114,326.0,2016
Estonia,116,323.0,2016
Korea DPR,117,320.0,2016
Georgia,118,318.0,2016
Mauritania,119,317.0,2016
Turkmenistan,120,312.0,2016
Botswana,89,378.0,2016
Thailand,121,305.0,2016
Tanzania,123,300.0,2016
Namibia,124,298.0,2016
El Salvador,125,297.0,2016
Burundi,125,297.0,2016
Lithuania,127,293.0,2016
Bahrain,128,289.0,2016
Guyana,129,280.0,2016
Gabon,98,355.0,2016
Iraq,99,354.0,2016
Canada,100,350.0,2016
Haiti,100,350.0,2016
Armenia,102,348.0,2016
Swaziland,103,344.0,2016
Syria,104,341.0,2016
Burkina Faso,73,487.0,2016
Nicaragua,106,340.0,2016
Oman,106,340.0,2016
Togo,108,339.0,2016
Bolivia,109,338.0,2016
Latvia,109,338.0,2016
Rwanda,111,334.0,2016
Zimbabwe,112,332.0,2016
Puerto Rico,112,332.0,2016
Honduras,82,398.0,2016
Antigua and Barbuda,83,393.0,2016
Equatorial Guinea,84,389.0,2016
Cyprus,85,387.0,2016
Central African Republic,86,386.0,2016
Kenya,86,386.0,2016
Zambia,88,385.0,2016
Japan,57,564.0,2016
Sierra Leone,90,376.0,2016
Guatemala,90,376.0,2016
Liberia,92,370.0,2016
Libya,93,366.0,2016
New Zealand,93,366.0,2016
Montenegro,95,365.0,2016
Mozambique,96,362.0,2016
Kazakhstan,97,359.0,2016
Finland,65,540.0,2016
South Africa,67,530.0,2016
Benin,68,525.0,2016
Uganda,69,522.0,2016
Congo,70,514.0,2016
Nigeria,70,514.0,2016
Belarus,72,507.0,2016
Senegal,41,651.0,2016
United Arab Emirates,74,484.0,2016
Guinea-Bissau,75,482.0,2016
Israel,76,471.0,2016
Bulgaria,77,446.0,2016
Jordan,78,438.0,2016
Qatar,79,425.0,2016
St. Kitts and Nevis,80,423.0,2016
China PR,81,422.0,2016
Scotland,50,584.0,2016
Panama,51,580.0,2016
Greece,52,579.0,2016
Cameroon,53,575.0,2016
Morocco,54,574.0,2016
Jamaica,55,573.0,2016
Uzbekistan,56,569.0,2016
USA,25,855.0,2016
Trinidad and Tobago,58,558.0,2016
Australia,59,555.0,2016
Congo DR,59,555.0,2016
Mali,61,546.0,2016
Cape Verde Islands,62,545.0,2016
Guinea,63,544.0,2016
Slovenia,64,542.0,2016
Saudi Arabia,65,540.0,2016
Peru,34,765.0,2016
Côte d'Ivoire,35,751.0,2016
Ghana,36,749.0,2016
Albania,37,739.0,2016
Russia,38,728.0,2016
IR Iran,39,674.0,2016
Sweden,40,656.0,2016
Brazil,9,1156.0,2016
Paraguay,42,636.0,2016
Egypt,43,632.0,2016
Denmark,44,630.0,2016
Tunisia,45,627.0,2016
Venezuela,46,621.0,2016
Serbia,47,612.0,2016
Korea Republic,48,592.0,2016
Norway,49,588.0,2016
Switzerland,18,957.0,2016
Turkey,19,915.0,2016
Hungary,19,915.0,2016
Austria,21,875.0,2016
Iceland,22,871.0,2016
Slovakia,23,867.0,2016
Romania,24,856.0,2016
British Virgin Islands,204,11.0,2016
Netherlands,26,848.0,2016
Costa Rica,27,840.0,2016
Northern Ireland,28,822.0,2016
Bosnia and Herzegovina,29,813.0,2016
Ukraine,30,801.0,2016
Republic of Ireland,31,800.0,2016
Algeria,32,781.0,2016
Czech Republic,33,768.0,2016
Belgium,2,1401.0,2016
Colombia,3,1331.0,2016
Germany,4,1319.0,2016
Chile,5,1316.0,2016
Portugal,6,1266.0,2016
France,7,1189.0,2016
Spain,8,1165.0,2016
Bermuda,187,77.0,2016
Italy,10,1155.0,2016
Wales,11,1137.0,2016
Uruguay,12,1130.0,2016
England,13,1107.0,2016
Mexico,14,1044.0,2016
Croatia,15,1022.0,2016
Poland,16,1011.0,2016
Ecuador,17,1002.0,2016
Pakistan,197,40.0,2016
Mongolia,198,38.0,2016
Montserrat,199,30.0,2016
Cayman Islands,200,21.0,2016
Turks and Caicos Islands,201,20.0,2016
San Marino,202,17.0,2016
Andorra,203,12.0,2016
Indonesia,171,120.0,2016
Anguilla,205,0.0,2016
Bahamas,205,0.0,2016
Djibouti,205,0.0,2016
Somalia,205,0.0,2016
Gibraltar,205,0.0,2016
Tonga,205,0.0,2016
Eritrea,205,0.0,2016
Argentina,1,1585.0,2016
Nepal,181,96.0,2016
Guam,182,89.0,2016
Malta,183,85.0,2016
Macau,184,82.0,2016
Bangladesh,185,81.0,2016
Seychelles,186,78.0,2016
Solomon Islands,187,77.0,2016
Tanzania,156,154.0,2016
Liechtenstein,189,75.0,2016
Brunei Darussalam,190,74.0,2016
Timor-Leste,191,64.0,2016
Cook Islands,191,64.0,2016
American Samoa,191,64.0,2016
Samoa,191,64.0,2016
Sri Lanka,195,44.0,2016
US Virgin Islands,195,44.0,2016
Singapore,165,135.0,2016
Kosovo,165,135.0,2016
Laos,167,134.0,2016
New Caledonia,168,123.0,2016
South Sudan,168,123.0,2016
Papua New Guinea,170,122.0,2016
Kuwait,171,120.0,2016
Comoros,140,205.0,2016
Cambodia,173,118.0,2016
Dominica,174,113.0,2016
Gambia,175,106.0,2016
Vanuatu,175,106.0,2016
Bhutan,177,103.0,2016
St. Lucia,177,103.0,2016
St. Vincent / Grenadines,179,102.0,2016
Fiji,179,102.0,2016
Yemen,148,184.0,2016
Suriname,150,183.0,2016
Cuba,151,180.0,2016
Chad,152,179.0,2016
Sao Tome e Principe,153,177.0,2016
Maldives,154,174.0,2016
Barbados,155,163.0,2016
Nicaragua,124,262.0,2016
Chinese Taipei,157,153.0,2016
Grenada,158,150.0,2016
Myanmar,159,148.0,2016
Aruba,160,147.0,2016
Malaysia,161,143.0,2016
FYR Macedonia,162,142.0,2016
Belize,163,141.0,2016
Moldova,164,138.0,2016
Madagascar,133,220.0,2016
Vietnam,134,218.0,2016
India,135,217.0,2016
Sudan,135,217.0,2016
El Salvador,137,216.0,2016
Burundi,138,213.0,2016
Hong Kong,139,210.0,2016
Mauritania,108,317.0,2016
Lesotho,141,202.0,2016
Turkmenistan,142,200.0,2016
Angola,143,199.0,2016
Puerto Rico,144,194.0,2016
Mauritius,145,191.0,2016
Afghanistan,146,189.0,2016
Lebanon,147,186.0,2016
Tahiti,148,184.0,2016
Canada,117,282.0,2016
Georgia,118,281.0,2016
Iraq,119,278.0,2016
Philippines,120,273.0,2016
Oman,121,272.0,2016
Kyrgyz Republic,122,265.0,2016
Bahrain,123,264.0,2016
Rwanda,92,373.0,2016
Korea DPR,125,257.0,2016
Thailand,126,254.0,2016
Niger,127,246.0,2016
Dominican Republic,128,242.0,2016
Tajikistan,129,231.0,2016
Luxembourg,130,230.0,2016
Palestine,131,229.0,2016
Guyana,132,221.0,2016
Liberia,101,338.0,2016
Zimbabwe,102,334.0,2016
Malawi,103,330.0,2016
Central African Republic,104,325.0,2016
Lithuania,105,324.0,2016
Jordan,105,324.0,2016
Mozambique,107,319.0,2016
Curacao,75,467.0,2016
New Zealand,109,311.0,2016
Gabon,110,308.0,2016
Latvia,111,304.0,2016
Botswana,112,296.0,2016
Ethiopia,112,296.0,2016
Equatorial Guinea,114,293.0,2016
Cyprus,115,290.0,2016
Estonia,116,285.0,2016
Libya,85,417.0,2016
Armenia,86,412.0,2016
Qatar,87,411.0,2016
Zambia,88,401.0,2016
Kenya,89,395.0,2016
Azerbaijan,90,386.0,2016
Togo,91,385.0,2016
Mali,60,569.0,2016
Antigua and Barbuda,93,370.0,2016
Finland,94,368.0,2016
Bolivia,95,359.0,2016
Sierra Leone,96,355.0,2016
Syria,96,355.0,2016
Kazakhstan,98,354.0,2016
Namibia,99,347.0,2016
Swaziland,100,343.0,2016
Guinea,69,507.0,2016
Congo,70,504.0,2016
Bulgaria,71,492.0,2016
Uganda,72,490.0,2016
Haiti,73,489.0,2016
Belarus,74,470.0,2016
Honduras,75,467.0,2016
Serbia,44,647.0,2016
Jamaica,77,463.0,2016
Trinidad and Tobago,78,451.0,2016
Guatemala,79,450.0,2016
Cape Verde Islands,80,443.0,2016
St. Kitts and Nevis,80,443.0,2016
China PR,82,427.0,2016
Norway,83,422.0,2016
Faroe Islands,83,422.0,2016
Ghana,53,611.0,2016
Saudi Arabia,54,605.0,2016
Israel,55,595.0,2016
Russia,56,592.0,2016
Morocco,57,587.0,2016
Panama,58,584.0,2016
Venezuela,59,581.0,2016
USA,28,822.0,2016
South Africa,60,569.0,2016
Uzbekistan,62,563.0,2016
Montenegro,63,549.0,2016
United Arab Emirates,64,542.0,2016
Cameroon,65,534.0,2016
Benin,66,531.0,2016
Scotland,67,524.0,2016
Guinea-Bissau,68,515.0,2016
Korea Republic,37,699.0,2016
Algeria,38,692.0,2016
Romania,39,690.0,2016
Paraguay,40,684.0,2016
Sweden,41,675.0,2016
Greece,42,674.0,2016
Czech Republic,43,671.0,2016
Wales,12,1121.0,2016
Japan,45,644.0,2016
Denmark,46,643.0,2016
Australia,47,641.0,2016
Congo DR,48,638.0,2016
Albania,49,618.0,2016
Burkina Faso,50,617.0,2016
Nigeria,51,616.0,2016
Slovenia,51,616.0,2016
Iceland,21,889.0,2016
Netherlands,22,887.0,2016
Republic of Ireland,23,858.0,2016
Turkey,24,851.0,2016
Slovakia,25,837.0,2016
Hungary,26,826.0,2016
Bosnia and Herzegovina,27,825.0,2016
Chile,4,1404.0,2016
IR Iran,29,814.0,2016
Ukraine,30,804.0,2016
Austria,31,773.0,2016
Northern Ireland,32,767.0,2016
Senegal,33,755.0,2016
Côte d'Ivoire,34,746.0,2016
Tunisia,35,738.0,2016
Egypt,36,719.0,2016
Belgium,5,1368.0,2016
Colombia,6,1345.0,2016
France,7,1305.0,2016
Portugal,8,1229.0,2016
Uruguay,9,1187.0,2016
Spain,10,1166.0,2016
Switzerland,11,1129.0,2016
South Sudan,153,197.0,2016
Seychelles,185,84.0,2016
Fiji,187,82.0,2016
Bermuda,188,77.0,2016
Nepal,188,77.0,2016
Kosovo,190,66.0,2016
Indonesia,191,65.0,2016
Bhutan,192,64.0,2016
Sri Lanka,193,58.0,2016
Yemen,162,160.0,2016
Gambia,163,154.0,2016
Papua New Guinea,164,152.0,2016
Belize,164,152.0,2016
Moldova,166,151.0,2016
Malaysia,167,149.0,2016
American Samoa,168,128.0,2016
Macau,195,50.0,2016
Pakistan,194,54.0,2016
Timor-Leste,185,84.0,2016
Tonga,205,0.0,2016
Bangladesh,183,85.0,2016
Sweden,18,998.0,2017
Mexico,16,1032.0,2017
England,15,1047.0,2017
Italy,14,1052.0,2017
Colombia,13,1078.0,2017
Denmark,12,1099.0,2017
Peru,11,1128.0,2017
Chile,10,1162.0,2017
Romania,41,737.0,2017
Morocco,40,738.0,2017
Congo DR,39,740.0,2017
Australia,38,747.0,2017
Bosnia and Herzegovina,37,753.0,2017
Serbia,36,756.0,2017
Ukraine,35,781.0,2017
Scotland,32,798.0,2017
USA,24,867.0,2017
France,9,1183.0,2017
Switzerland,8,1190.0,2017
Gibraltar,206,0.0,2017
Eritrea,206,0.0,2017
Bahamas,206,0.0,2017
Cambodia,173,111.0,2017
British Virgin Islands,205,6.0,2017
San Marino,204,12.0,2017
Cayman Islands,202,13.0,2017
Turks and Caicos Islands,202,13.0,2017
Montserrat,201,20.0,2017
Pakistan,200,24.0,2017
US Virgin Islands,199,26.0,2017
Bangladesh,190,60.0,2017
Wales,19,985.0,2017
Kuwait,173,111.0,2017
Aruba,172,113.0,2017
Laos,171,116.0,2017
Nepal,170,117.0,2017
Singapore,169,118.0,2017
Belize,167,119.0,2017
Malaysia,167,119.0,2017
Mongolia,198,30.0,2017
Sri Lanka,197,34.0,2017
Timor-Leste,196,42.0,2017
Seychelles,194,51.0,2017
Vanuatu,194,51.0,2017
Samoa,193,53.0,2017
Liechtenstein,191,56.0,2017
Malta,191,56.0,2017
Moldova,158,154.0,2017
Myanmar,157,157.0,2017
Namibia,156,159.0,2017
Afghanistan,155,160.0,2017
Solomon Islands,154,162.0,2017
Mauritius,153,166.0,2017
Puerto Rico,152,167.0,2017
Chad,151,168.0,2017
Macau,182,82.0,2017
Barbados,181,84.0,2017
Fiji,180,87.0,2017
St. Vincent / Grenadines,179,88.0,2017
Kosovo,177,90.0,2017
Dominica,177,90.0,2017
Sao Tome e Principe,176,98.0,2017
Indonesia,175,110.0,2017
Maldives,142,199.0,2017
Angola,141,201.0,2017
Comoros,140,203.0,2017
Botswana,138,204.0,2017
Lesotho,138,204.0,2017
Turkmenistan,137,214.0,2017
Ethiopia,136,215.0,2017
Luxembourg,135,223.0,2017
Sudan,164,123.0,2017
Bhutan,164,123.0,2017
Cuba,164,123.0,2017
Grenada,163,128.0,2017
Papua New Guinea,162,130.0,2017
Gambia,161,132.0,2017
Guyana,160,135.0,2017
Dominican Republic,159,144.0,2017
Philippines,126,249.0,2017
Lebanon,124,255.0,2017
St. Kitts and Nevis,124,255.0,2017
Bahrain,123,257.0,2017
New Zealand,122,258.0,2017
Burundi,121,262.0,2017
Oman,119,271.0,2017
Central African Republic,119,271.0,2017
Liberia,150,172.0,2017
Tajikistan,149,179.0,2017
Tahiti,148,181.0,2017
Chinese Taipei,147,185.0,2017
Yemen,145,192.0,2017
Hong Kong,145,192.0,2017
South Sudan,143,196.0,2017
New Caledonia,143,196.0,2017
Finland,110,293.0,2017
Togo,109,296.0,2017
Jordan,108,300.0,2017
Suriname,107,305.0,2017
Kazakhstan,106,308.0,2017
Nicaragua,105,312.0,2017
El Salvador,103,319.0,2017
Iraq,103,319.0,2017
FYR Macedonia,134,228.0,2017
Vietnam,133,231.0,2017
Swaziland,132,232.0,2017
Thailand,131,235.0,2017
Latvia,130,242.0,2017
Andorra,129,246.0,2017
Rwanda,127,248.0,2017
Kyrgyz Republic,127,248.0,2017
Palestine,94,364.0,2017
Benin,93,366.0,2017
Zambia,92,369.0,2017
Gabon,91,373.0,2017
Faroe Islands,90,376.0,2017
Madagascar,89,380.0,2017
Norway,88,391.0,2017
Libya,87,396.0,2017
Equatorial Guinea,118,272.0,2017
Antigua and Barbuda,117,276.0,2017
Niger,116,283.0,2017
Cape Verde Islands,115,284.0,2017
Tanzania,114,287.0,2017
Korea DPR,113,288.0,2017
Georgia,112,290.0,2017
Malawi,111,291.0,2017
Trinidad and Tobago,78,436.0,2017
China PR,77,441.0,2017
Jamaica,76,442.0,2017
United Arab Emirates,75,459.0,2017
Uganda,74,476.0,2017
Armenia,73,480.0,2017
Honduras,72,499.0,2017
Belarus,71,503.0,2017
Guatemala,102,320.0,2017
Zimbabwe,101,324.0,2017
Canada,100,331.0,2017
Lithuania,99,333.0,2017
Estonia,98,334.0,2017
Mozambique,97,336.0,2017
India,96,341.0,2017
Cyprus,95,358.0,2017
Russia,62,590.0,2017
Saudi Arabia,61,601.0,2017
Morocco,60,604.0,2017
Mali,59,607.0,2017
Scotland,58,612.0,2017
Hungary,57,616.0,2017
Côte d'Ivoire,56,631.0,2017
Montenegro,54,643.0,2017
Congo,86,399.0,2017
Guinea-Bissau,85,407.0,2017
Kenya,84,408.0,2017
Sierra Leone,83,415.0,2017
Syria,82,423.0,2017
Mauritania,81,425.0,2017
Azerbaijan,80,427.0,2017
Qatar,79,435.0,2017
Japan,46,684.0,2017
Australia,45,689.0,2017
Burkina Faso,44,698.0,2017
Romania,42,713.0,2017
Serbia,42,713.0,2017
Paraguay,40,714.0,2017
Czech Republic,40,714.0,2017
Nigeria,39,715.0,2017
Israel,70,512.0,2017
Venezuela,69,521.0,2017
Curacao,68,531.0,2017
Bolivia,67,532.0,2017
Guinea,66,541.0,2017
Uzbekistan,65,579.0,2017
South Africa,64,581.0,2017
Albania,63,583.0,2017
Bosnia and Herzegovina,30,815.0,2017
Republic of Ireland,29,816.0,2017
Congo DR,28,823.0,2017
Senegal,27,831.0,2017
Costa Rica,26,839.0,2017
Ukraine,25,843.0,2017
Egypt,24,866.0,2017
IR Iran,23,893.0,2017
Bulgaria,54,643.0,2017
Slovenia,53,652.0,2017
Panama,52,653.0,2017
Korea Republic,51,662.0,2017
Ghana,50,665.0,2017
Haiti,49,667.0,2017
Algeria,48,677.0,2017
Denmark,47,683.0,2017
Peru,14,1014.0,2017
England,13,1051.0,2017
Italy,12,1059.0,2017
Spain,11,1114.0,2017
Belgium,10,1194.0,2017
France,9,1199.0,2017
Colombia,8,1208.0,2017
Chile,7,1250.0,2017
Greece,38,716.0,2017
Austria,37,723.0,2017
Cameroon,36,738.0,2017
USA,35,752.0,2017
Tunisia,34,764.0,2017
Turkey,33,779.0,2017
Netherlands,32,782.0,2017
Ecuador,31,791.0,2017
Gibraltar,206,0.0,2017
Eritrea,206,0.0,2017
Bahamas,206,0.0,2017
Anguilla,206,0.0,2017
British Virgin Islands,205,6.0,2017
San Marino,204,11.0,2017
Cayman Islands,202,13.0,2017
Turks and Caicos Islands,202,13.0,2017
Northern Ireland,22,897.0,2017
Slovakia,21,917.0,2017
Wales,20,922.0,2017
Iceland,19,927.0,2017
Sweden,18,933.0,2017
Uruguay,17,995.0,2017
Mexico,16,1003.0,2017
Croatia,15,1007.0,2017
Guam,192,43.0,2017
Seychelles,192,43.0,2017
Timor-Leste,191,44.0,2017
Brunei Darussalam,190,45.0,2017
Kuwait,189,52.0,2017
Bhutan,187,55.0,2017
Mongolia,187,55.0,2017
Djibouti,186,64.0,2017
Poland,6,1319.0,2017
Switzerland,5,1329.0,2017
Portugal,4,1332.0,2017
Argentina,3,1413.0,2017
Brazil,2,1603.0,2017
Germany,1,1609.0,2017
Tonga,206,0.0,2017
Somalia,206,0.0,2017
Kosovo,177,97.0,2017
St. Lucia,174,99.0,2017
St. Vincent / Grenadines,174,99.0,2017
Malaysia,174,99.0,2017
Cambodia,173,100.0,2017
Singapore,172,101.0,2017
Nepal,171,102.0,2017
Dominica,168,110.0,2017
Pakistan,201,15.0,2017
Sri Lanka,200,16.0,2017
Montserrat,199,20.0,2017
US Virgin Islands,198,26.0,2017
Bangladesh,197,37.0,2017
Samoa,194,38.0,2017
Cook Islands,194,38.0,2017
American Samoa,194,38.0,2017
Grenada,161,125.0,2017
Papua New Guinea,160,126.0,2017
Mauritius,159,134.0,2017
Belize,158,135.0,2017
Vanuatu,157,141.0,2017
Barbados,155,144.0,2017
Maldives,155,144.0,2017
New Caledonia,154,146.0,2017
Macau,185,65.0,2017
Malta,184,66.0,2017
Bermuda,183,72.0,2017
Laos,182,82.0,2017
Liechtenstein,181,86.0,2017
Cuba,180,91.0,2017
Aruba,179,92.0,2017
Sao Tome e Principe,178,94.0,2017
Lesotho,145,188.0,2017
Hong Kong,144,189.0,2017
Ethiopia,143,196.0,2017
Burundi,142,197.0,2017
Angola,141,201.0,2017
Myanmar,140,203.0,2017
Antigua and Barbuda,139,209.0,2017
Andorra,138,215.0,2017
Chad,168,110.0,2017
Fiji,168,110.0,2017
Moldova,167,111.0,2017
Puerto Rico,166,112.0,2017
Guyana,165,117.0,2017
Gambia,164,120.0,2017
Dominican Republic,162,121.0,2017
Indonesia,162,121.0,2017
Guatemala,129,242.0,2017
Suriname,128,245.0,2017
Korea DPR,126,255.0,2017
Tajikistan,126,255.0,2017
Malawi,125,260.0,2017
Philippines,124,263.0,2017
Central African Republic,122,266.0,2017
Togo,122,266.0,2017
South Sudan,153,148.0,2017
Tahiti,152,149.0,2017
Solomon Islands,151,152.0,2017
Botswana,150,172.0,2017
Lithuania,149,179.0,2017
Afghanistan,148,181.0,2017
Tanzania,147,182.0,2017
Equatorial Guinea,146,187.0,2017
Rwanda,113,295.0,2017
Vietnam,112,298.0,2017
St. Kitts and Nevis,111,303.0,2017
Mozambique,110,304.0,2017
Niger,108,309.0,2017
Madagascar,108,309.0,2017
Jordan,107,313.0,2017
Kenya,106,317.0,2017
Kazakhstan,137,220.0,2017
Sudan,136,221.0,2017
Chinese Taipei,135,223.0,2017
Liberia,134,224.0,2017
Swaziland,133,225.0,2017
Latvia,132,233.0,2017
Comoros,131,235.0,2017
Thailand,130,236.0,2017
Sierra Leone,97,360.0,2017
Congo,96,362.0,2017
Faroe Islands,95,364.0,2017
Canada,94,369.0,2017
Gabon,93,370.0,2017
Belarus,92,372.0,2017
Cyprus,91,373.0,2017
Armenia,90,383.0,2017
New Zealand,121,267.0,2017
Yemen,120,268.0,2017
Nicaragua,119,273.0,2017
Namibia,118,274.0,2017
Azerbaijan,117,281.0,2017
Kyrgyz Republic,115,282.0,2017
Bahrain,115,282.0,2017
Turkmenistan,114,292.0,2017
South Africa,81,433.0,2017
Palestine,80,434.0,2017
Iraq,79,438.0,2017
Uzbekistan,78,441.0,2017
Syria,77,442.0,2017
FYR Macedonia,76,446.0,2017
Uganda,75,448.0,2017
Zambia,74,468.0,2017
India,105,320.0,2017
Georgia,104,322.0,2017
Zimbabwe,103,323.0,2017
Qatar,102,329.0,2017
Oman,101,351.0,2017
El Salvador,100,352.0,2017
Mauritania,99,354.0,2017
Israel,98,355.0,2017
Guinea,65,532.0,2017
Russia,64,534.0,2017
Saudi Arabia,63,543.0,2017
Albania,62,553.0,2017
Côte d'Ivoire,61,562.0,2017
Korea Republic,60,570.0,2017
Norway,59,573.0,2017
Algeria,58,588.0,2017
Estonia,89,397.0,2017
Libya,88,399.0,2017
Trinidad and Tobago,87,402.0,2017
Guinea-Bissau,86,403.0,2017
Lebanon,85,404.0,2017
Curacao,83,407.0,2017
Luxembourg,83,407.0,2017
Benin,82,427.0,2017
Bolivia,49,674.0,2017
Czech Republic,48,677.0,2017
Greece,47,680.0,2017
Montenegro,46,681.0,2017
Cameroon,45,696.0,2017
Burkina Faso,44,705.0,2017
Bulgaria,43,719.0,2017
Turkey,42,735.0,2017
United Arab Emirates,73,476.0,2017
Mali,72,493.0,2017
China PR,71,498.0,2017
Ecuador,70,508.0,2017
Slovenia,69,522.0,2017
Honduras,68,525.0,2017
Cape Verde Islands,67,530.0,2017
Finland,66,531.0,2017
IR Iran,32,798.0,2017
Republic of Ireland,32,798.0,2017
Egypt,31,805.0,2017
Paraguay,30,812.0,2017
Austria,29,815.0,2017
Slovakia,28,817.0,2017
Tunisia,27,838.0,2017
Costa Rica,26,850.0,2017
Japan,57,600.0,2017
Haiti,56,607.0,2017
Panama,55,621.0,2017
Jamaica,54,625.0,2017
Hungary,53,630.0,2017
Venezuela,52,639.0,2017
Nigeria,51,640.0,2017
Ghana,50,657.0,2017
Croatia,17,1018.0,2017
Brunei Darussalam,188,62.0,2017
Guam,188,62.0,2017
Djibouti,185,64.0,2017
Cook Islands,185,64.0,2017
American Samoa,185,64.0,2017
Bermuda,184,72.0,2017
St. Lucia,183,78.0,2017
Tonga,206,0.0,2017
Somalia,206,0.0,2017
Poland,7,1209.0,2017
Spain,6,1231.0,2017
Belgium,5,1325.0,2017
Argentina,4,1348.0,2017
Portugal,3,1358.0,2017
Brazil,2,1483.0,2017
Northern Ireland,24,867.0,2017
Netherlands,20,952.0,2017
Uruguay,21,924.0,2017
Iceland,22,910.0,2017
Senegal,23,884.0,2017
Germany,1,1602.0,2017
Anguilla,206,0.0,2017
Nigeria,44,1427.0,2018
Greece,43,1428.0,2018
Czech Republic,42,1435.0,2018
Australia,41,1436.0,2018
Morocco,40,1440.0,2018
Turkey,39,1443.0,2018
Spain,9,1591.0,2018
Iceland,37,1452.0,2018
Costa Rica,36,1464.0,2018
Northern Ireland,35,1465.0,2018
Bosnia and Herzegovina,34,1472.0,2018
Republic of Ireland,33,1474.0,2018
Paraguay,32,1476.0,2018
Venezuela,31,1478.0,2018
Slovenia,62,1369.0,2018
Burkina Faso,61,1371.0,2018
Belgium,1,1727.0,2018
Switzerland,8,1599.0,2018
Uruguay,7,1609.0,2018
Portugal,6,1614.0,2018
England,5,1631.0,2018
Croatia,4,1634.0,2018
Brazil,3,1676.0,2018
France,2,1726.0,2018
IR Iran,29,1481.0,2018
Serbia,29,1481.0,2018
Ukraine,28,1482.0,2018
Slovakia,27,1483.0,2018
Tunisia,26,1493.0,2018
USA,25,1497.0,2018
Montenegro,44,1427.0,2018
Brunei Darussalam,194,864.0,2018
Tonga,211,774.0,2018
Dominica,179,966.0,2018
Anguilla,210,776.0,2018
Bahamas,209,801.0,2018
British Virgin Islands,208,806.0,2018
Somalia,207,809.0,2018
Turks and Caicos Islands,206,810.0,2018
Sri Lanka,204,811.0,2018
Eritrea,204,811.0,2018
Djibouti,201,837.0,2018
US Virgin Islands,200,847.0,2018
Cayman Islands,199,849.0,2018
Samoa,198,856.0,2018
Pakistan,197,857.0,2018
Timor-Leste,196,861.0,2018
Belize,163,1052.0,2018
Gibraltar,194,864.0,2018
Mongolia,193,867.0,2018
Bangladesh,192,870.0,2018
Seychelles,191,877.0,2018
Bhutan,190,891.0,2018
American Samoa,189,897.0,2018
Cook Islands,188,899.0,2018
Sao Tome e Principe,185,927.0,2018
Guam,184,938.0,2018
Malta,183,941.0,2018
Laos,182,946.0,2018
Guyana,181,953.0,2018
Bermuda,180,957.0,2018
Ethiopia,147,1160.0,2018
Liechtenstein,178,967.0,2018
St. Vincent / Grenadines,177,980.0,2018
Puerto Rico,176,988.0,2018
Cambodia,175,992.0,2018
Grenada,174,999.0,2018
Moldova,173,1000.0,2018
Malaysia,171,1004.0,2018
San Marino,203,814.0,2018
Montserrat,202,835.0,2018
Chad,168,1018.0,2018
Cuba,168,1018.0,2018
Fiji,167,1025.0,2018
Singapore,166,1033.0,2018
Papua New Guinea,165,1036.0,2018
Nepal,164,1044.0,2018
Swaziland,131,1273.0,2018
Barbados,162,1059.0,2018
South Sudan,161,1067.0,2018
Vanuatu,160,1069.0,2018
Maldives,159,1079.0,2018
Mauritius,158,1084.0,2018
Indonesia,157,1089.0,2018
Tahiti,156,1090.0,2018
Macau,187,903.0,2018
Aruba,186,907.0,2018
Suriname,153,1112.0,2018
Kuwait,152,1113.0,2018
Liberia,151,1126.0,2018
Solomon Islands,150,1141.0,2018
Lesotho,149,1143.0,2018
Comoros,148,1159.0,2018
Kenya,115,1370.0,2018
Afghanistan,146,1161.0,2018
Burundi,145,1189.0,2018
Myanmar,144,1199.0,2018
Chinese Taipei,143,1205.0,2018
Kosovo,142,1207.0,2018
Andorra,141,1210.0,2018
Tanzania,140,1213.0,2018
St. Lucia,171,1004.0,2018
Gambia,168,1018.0,2018
Botswana,137,1239.0,2018
Angola,136,1256.0,2018
Antigua and Barbuda,135,1258.0,2018
Sudan,134,1259.0,2018
Guatemala,133,1263.0,2018
Rwanda,132,1266.0,2018
Libya,99,1462.0,2018
St. Kitts and Nevis,130,1274.0,2018
Equatorial Guinea,129,1284.0,2018
Turkmenistan,128,1295.0,2018
Lithuania,125,1297.0,2018
Tajikistan,125,1297.0,2018
Latvia,125,1297.0,2018
Nicaragua,124,1299.0,2018
Dominican Republic,155,1095.0,2018
New Caledonia,154,1102.0,2018
Philippines,121,1318.0,2018
Togo,120,1327.0,2018
Namibia,119,1338.0,2018
Kazakhstan,118,1349.0,2018
New Zealand,117,1363.0,2018
Thailand,116,1364.0,2018
Lebanon,83,1536.0,2018
Mozambique,113,1373.0,2018
Sierra Leone,113,1373.0,2018
Bahrain,112,1375.0,2018
Zimbabwe,111,1392.0,2018
Central African Republic,110,1402.0,2018
Niger,109,1404.0,2018
Vietnam,107,1405.0,2018
Hong Kong,139,1223.0,2018
Yemen,138,1230.0,2018
Mauritania,105,1413.0,2018
Madagascar,104,1414.0,2018
Jordan,103,1419.0,2018
India,102,1426.0,2018
Palestine,101,1449.0,2018
Curaçao,100,1450.0,2018
Saudi Arabia,67,1639.0,2018
Armenia,98,1469.0,2018
Haiti,97,1474.0,2018
Georgia,96,1476.0,2018
Kyrgyz Republic,95,1479.0,2018
Qatar,94,1491.0,2018
Faroe Islands,93,1495.0,2018
Estonia,92,1497.0,2018
Malawi,123,1310.0,2018
Guinea-Bissau,122,1313.0,2018
Gabon,89,1507.0,2018
Benin,88,1520.0,2018
Israel,87,1523.0,2018
Oman,86,1530.0,2018
Congo,85,1532.0,2018
Iraq,84,1534.0,2018
Korea Republic,51,1751.0,2018
Luxembourg,82,1538.0,2018
Uganda,81,1568.0,2018
Uzbekistan,80,1572.0,2018
Belarus,79,1579.0,2018
El Salvador,78,1580.0,2018
Zambia,77,1592.0,2018
Canada,76,1593.0,2018
Azerbaijan,107,1405.0,2018
Korea DPR,106,1406.0,2018
Guinea,73,1613.0,2018
Cape Verde Islands,71,1623.0,2018
South Africa,71,1623.0,2018
China PR,70,1625.0,2018
Mali,69,1628.0,2018
Syria,68,1637.0,2018
Venezuela,35,1849.0,2018
Algeria,66,1641.0,2018
Côte d'Ivoire,65,1673.0,2018
Finland,64,1674.0,2018
Honduras,63,1683.0,2018
Bolivia,62,1702.0,2018
Norway,61,1711.0,2018
Slovenia,60,1719.0,2018
Trinidad and Tobago,91,1503.0,2018
Cyprus,90,1505.0,2018
Burkina Faso,57,1728.0,2018
Albania,56,1734.0,2018
Ghana,55,1739.0,2018
Bulgaria,54,1743.0,2018
Egypt,53,1748.0,2018
Montenegro,52,1750.0,2018
Peru,19,1975.0,2018
Ecuador,50,1756.0,2018
Russia,49,1758.0,2018
Greece,48,1760.0,2018
Nigeria,47,1765.0,2018
Hungary,46,1771.0,2018
Congo DR,45,1780.0,2018
Cameroon,44,1790.0,2018
FYR Macedonia,75,1601.0,2018
United Arab Emirates,74,1606.0,2018
Japan,41,1816.0,2018
Bosnia and Herzegovina,40,1826.0,2018
Scotland,39,1834.0,2018
Tunisia,38,1835.0,2018
Costa Rica,37,1839.0,2018
Turkey,35,1849.0,2018
Portugal,3,2163.0,2018
Romania,33,1863.0,2018
Paraguay,33,1863.0,2018
Australia,32,1866.0,2018
Ukraine,31,1874.0,2018
Serbia,30,1875.0,2018
Northern Ireland,29,1887.0,2018
IR Iran,28,1896.0,2018
Jamaica,59,1720.0,2018
Panama,58,1723.0,2018
USA,25,1905.0,2018
Slovakia,24,1910.0,2018
Senegal,22,1938.0,2018
Iceland,22,1938.0,2018
Sweden,21,1955.0,2018
Netherlands,20,1959.0,2018
Djibouti,197,896.0,2018
Wales,18,1979.0,2018
Colombia,17,1998.0,2018
Italy,16,2009.0,2018
Denmark,15,2014.0,2018
Uruguay,14,2017.0,2018
Poland,13,2023.0,2018
Croatia,12,2036.0,2018
Morocco,43,1801.0,2018
Czech Republic,42,1809.0,2018
Argentina,9,2080.0,2018
Switzerland,8,2087.0,2018
England,7,2099.0,2018
Spain,6,2104.0,2018
Belgium,5,2124.0,2018
Brazil,4,2160.0,2018
Malta,182,926.0,2018
France,2,2164.0,2018
Germany,1,2172.0,2018
San Marino,211,854.0,2018
Bahamas,210,858.0,2018
Anguilla,208,864.0,2018
Turks and Caicos Islands,208,864.0,2018
British Virgin Islands,207,867.0,2018
Austria,27,1899.0,2018
Republic of Ireland,26,1901.0,2018
Tonga,204,868.0,2018
Cayman Islands,203,874.0,2018
US Virgin Islands,202,881.0,2018
Sri Lanka,201,886.0,2018
Montserrat,200,887.0,2018
Pakistan,199,888.0,2018
Gambia,166,986.0,2018
Samoa,197,896.0,2018
Timor-Leste,196,900.0,2018
Brunei Darussalam,195,903.0,2018
Gibraltar,194,905.0,2018
Bangladesh,192,907.0,2018
Guam,192,907.0,2018
American Samoa,190,908.0,2018
Chile,10,2041.0,2018
Mexico,10,2041.0,2018
Mongolia,188,915.0,2018
Aruba,187,916.0,2018
Bhutan,186,917.0,2018
Sao Tome e Principe,185,920.0,2018
Laos,184,923.0,2018
Macau,183,925.0,2018
Liberia,150,1051.0,2018
Liechtenstein,181,937.0,2018
St. Vincent / Grenadines,180,946.0,2018
Puerto Rico,179,948.0,2018
Dominica,178,950.0,2018
Guyana,177,951.0,2018
Bermuda,176,952.0,2018
Chad,175,956.0,2018
Somalia,204,868.0,2018
Eritrea,204,868.0,2018
Cambodia,172,970.0,2018
St. Lucia,171,976.0,2018
Moldova,170,979.0,2018
Fiji,169,981.0,2018
Papua New Guinea,168,984.0,2018
Malaysia,167,985.0,2018
Lithuania,133,1111.0,2018
Singapore,165,991.0,2018
South Sudan,164,994.0,2018
Vanuatu,163,996.0,2018
Barbados,162,998.0,2018
Nepal,161,1001.0,2018
Belize,160,1002.0,2018
Indonesia,159,1003.0,2018
Cook Islands,190,908.0,2018
Seychelles,189,911.0,2018
Mauritius,156,1022.0,2018
New Caledonia,154,1036.0,2018
Dominican Republic,154,1036.0,2018
Suriname,153,1037.0,2018
Maldives,152,1046.0,2018
Ethiopia,151,1049.0,2018
Thailand,118,1160.0,2018
Guatemala,149,1061.0,2018
Equatorial Guinea,148,1063.0,2018
Afghanistan,147,1068.0,2018
Lesotho,146,1069.0,2018
Botswana,145,1071.0,2018
Solomon Islands,144,1073.0,2018
Comoros,143,1076.0,2018
Cuba,174,963.0,2018
Grenada,173,968.0,2018
Burundi,139,1085.0,2018
Myanmar,139,1085.0,2018
Tanzania,138,1087.0,2018
Rwanda,137,1094.0,2018
St. Kitts and Nevis,136,1105.0,2018
Yemen,135,1106.0,2018
Armenia,101,1222.0,2018
Andorra,133,1111.0,2018
Latvia,132,1112.0,2018
Kosovo,131,1113.0,2018
Malawi,130,1115.0,2018
Nicaragua,129,1119.0,2018
Turkmenistan,127,1120.0,2018
Sudan,127,1120.0,2018
Kuwait,158,1018.0,2018
Tahiti,157,1020.0,2018
Chinese Taipei,124,1134.0,2018
Togo,123,1136.0,2018
New Zealand,122,1157.0,2018
Guinea-Bissau,120,1158.0,2018
Tajikistan,120,1158.0,2018
Kazakhstan,119,1159.0,2018
Luxembourg,86,1276.0,2018
Mozambique,117,1167.0,2018
Philippines,116,1171.0,2018
Sierra Leone,115,1172.0,2018
Zimbabwe,114,1175.0,2018
Bahrain,113,1178.0,2018
Central African Republic,112,1180.0,2018
Namibia,111,1191.0,2018
Swaziland,141,1078.0,2018
Hong Kong,141,1078.0,2018
Niger,108,1205.0,2018
Azerbaijan,107,1206.0,2018
Madagascar,106,1209.0,2018
Kenya,105,1210.0,2018
Libya,104,1217.0,2018
Haiti,103,1219.0,2018
El Salvador,70,1327.0,2018
Mauritania,101,1222.0,2018
Vietnam,100,1229.0,2018
Palestine,99,1236.0,2018
Faroe Islands,98,1238.0,2018
India,97,1240.0,2018
Estonia,96,1242.0,2018
Uzbekistan,95,1251.0,2018
Antigua and Barbuda,126,1126.0,2018
Angola,125,1131.0,2018
Trinidad and Tobago,92,1260.0,2018
Kyrgyz Republic,91,1264.0,2018
Israel,90,1265.0,2018
Georgia,89,1269.0,2018
Iraq,88,1271.0,2018
Cyprus,86,1276.0,2018
Jamaica,54,1404.0,2018
Gabon,85,1277.0,2018
Congo,84,1280.0,2018
Zambia,83,1292.0,2018
Oman,82,1295.0,2018
Lebanon,81,1296.0,2018
Curacao,80,1306.0,2018
United Arab Emirates,79,1309.0,2018
Jordan,109,1196.0,2018
Korea DPR,109,1196.0,2018
Belarus,76,1317.0,2018
Uganda,75,1320.0,2018
Syria,74,1322.0,2018
Cape Verde Islands,72,1325.0,2018
South Africa,72,1325.0,2018
Panama,71,1326.0,2018
Scotland,38,1446.0,2018
Saudi Arabia,69,1335.0,2018
FYR Macedonia,68,1343.0,2018
Algeria,67,1347.0,2018
Guinea,66,1354.0,2018
Côte d'Ivoire,65,1356.0,2018
Mali,64,1363.0,2018
Honduras,62,1369.0,2018
Benin,94,1257.0,2018
Qatar,93,1258.0,2018
Albania,60,1372.0,2018
Bolivia,59,1374.0,2018
Finland,58,1378.0,2018
Ecuador,57,1382.0,2018
Egypt,56,1393.0,2018
Cameroon,55,1394.0,2018
Austria,22,1509.0,2018
Korea Republic,53,1405.0,2018
Ghana,51,1412.0,2018
Hungary,51,1412.0,2018
Japan,50,1414.0,2018
Congo DR,49,1420.0,2018
Russia,48,1424.0,2018
Norway,46,1425.0,2018
Canada,78,1314.0,2018
China PR,76,1317.0,2018
Chile,13,1565.0,2018
Colombia,12,1575.0,2018
Argentina,11,1582.0,2018
Denmark,10,1589.0,2018
Bulgaria,46,1425.0,2018
Netherlands,14,1560.0,2018
Germany,16,1558.0,2018
Mexico,17,1540.0,2018
Italy,18,1539.0,2018
Wales,19,1525.0,2018
Poland,20,1518.0,2018
Peru,20,1518.0,2018
Romania,24,1501.0,2018
Sweden,14,1560.0,2018
Senegal,23,1505.0,2018
Republic of Ireland,34,1486.0,2019
Brazil,3,1712.0,2019
England,4,1661.0,2019
Uruguay,5,1645.0,2019
Croatia,6,1642.0,2019
Portugal,7,1639.0,2019
Spain,8,1636.0,2019
Argentina,9,1623.0,2019
Colombia,10,1622.0,2019
Mexico,11,1621.0,2019
Switzerland,12,1608.0,2019
Italy,13,1607.0,2019
Netherlands,14,1604.0,2019
Ghana,47,1439.0,2019
Jamaica,48,1437.0,2019
Bosnia and Herzegovina,49,1430.0,2019
Mongolia,187,914.0,2019
Laos,188,912.0,2019
Brunei Darussalam,193,904.0,2019
Seychelles,194,902.0,2019
Samoa,195,896.0,2019
Djibouti,195,896.0,2019
Montserrat,197,895.0,2019
Gibraltar,198,893.0,2019
US Virgin Islands,199,888.0,2019
Timor-Leste,200,879.0,2019
Sri Lanka,201,872.0,2019
Eritrea,202,868.0,2019
Tonga,202,868.0,2019
Somalia,202,868.0,2019
Anguilla,209,857.0,2019
IR Iran,33,1489.0,2019
American Samoa,190,908.0,2019
Gambia,161,1002.0,2019
Singapore,162,999.0,2019
Vanuatu,163,997.0,2019
Barbados,164,996.0,2019
Nepal,165,995.0,2019
Belize,166,994.0,2019
Fiji,167,992.0,2019
South Sudan,168,989.0,2019
Cambodia,169,988.0,2019
Moldova,170,985.0,2019
Papua New Guinea,171,984.0,2019
St. Lucia,172,975.0,2019
Pakistan,205,867.0,2019
Cayman Islands,205,867.0,2019
British Virgin Islands,205,867.0,2019
Chad,176,956.0,2019
Lesotho,145,1072.0,2019
Guatemala,145,1072.0,2019
Botswana,147,1069.0,2019
Comoros,148,1068.0,2019
Afghanistan,149,1058.0,2019
Ethiopia,150,1049.0,2019
Maldives,151,1046.0,2019
Suriname,152,1045.0,2019
Liberia,153,1044.0,2019
Dominican Republic,154,1028.0,2019
New Caledonia,155,1026.0,2019
Kuwait,156,1022.0,2019
Aruba,189,909.0,2019
Guam,190,908.0,2019
Cook Islands,190,908.0,2019
Indonesia,160,1005.0,2019
Nicaragua,129,1118.0,2019
Sudan,130,1106.0,2019
Tanzania,131,1105.0,2019
Lithuania,132,1101.0,2019
St. Kitts and Nevis,133,1096.0,2019
Burundi,134,1092.0,2019
Turkmenistan,135,1091.0,2019
Rwanda,136,1088.0,2019
Latvia,137,1086.0,2019
Myanmar,138,1084.0,2019
Andorra,139,1082.0,2019
Solomon Islands,140,1077.0,2019
Grenada,173,973.0,2019
Bermuda,174,964.0,2019
Cuba,175,961.0,2019
Yemen,144,1073.0,2019
Namibia,113,1182.0,2019
Kazakhstan,114,1174.0,2019
Sierra Leone,115,1172.0,2019
Thailand,116,1165.0,2019
Mozambique,117,1163.0,2019
Guinea-Bissau,118,1158.0,2019
New Zealand,119,1157.0,2019
Tajikistan,120,1151.0,2019
Kosovo,121,1149.0,2019
Korea DPR,122,1148.0,2019
Angola,123,1142.0,2019
Antigua and Barbuda,124,1136.0,2019
Mauritius,157,1020.0,2019
Tahiti,158,1015.0,2019
Malaysia,159,1009.0,2019
Togo,128,1127.0,2019
Armenia,97,1230.0,2019
Jordan,98,1229.0,2019
Estonia,99,1228.0,2019
Palestine,100,1224.0,2019
India,101,1219.0,2019
Haiti,101,1219.0,2019
Mauritania,103,1210.0,2019
Niger,104,1209.0,2019
Kenya,105,1207.0,2019
Libya,105,1207.0,2019
Faroe Islands,107,1200.0,2019
Madagascar,108,1198.0,2019
Equatorial Guinea,141,1074.0,2019
Hong Kong,141,1074.0,2019
Eswatini,141,1074.0,2019
Central African Republic,112,1184.0,2019
Zambia,81,1298.0,2019
Israel,82,1286.0,2019
Belarus,82,1286.0,2019
Uzbekistan,82,1286.0,2019
Syria,85,1278.0,2019
Oman,86,1277.0,2019
Lebanon,86,1277.0,2019
Benin,88,1273.0,2019
Gabon,89,1272.0,2019
Congo,90,1265.0,2019
Luxembourg,90,1265.0,2019
Trinidad and Tobago,92,1260.0,2019
Chinese Taipei,125,1132.0,2019
Philippines,126,1131.0,2019
Malawi,126,1131.0,2019
Vietnam,96,1232.0,2019
Slovenia,65,1363.0,2019
Albania,66,1362.0,2019
United Arab Emirates,67,1360.0,2019
Algeria,68,1346.0,2019
El Salvador,69,1342.0,2019
Saudi Arabia,69,1342.0,2019
Guinea,71,1336.0,2019
South Africa,72,1335.0,2019
China PR,73,1333.0,2019
North Macedonia,73,1333.0,2019
Panama,75,1322.0,2019
Cape Verde Islands,76,1319.0,2019
Zimbabwe,109,1192.0,2019
Bahrain,110,1188.0,2019
Azerbaijan,110,1188.0,2019
Uganda,80,1299.0,2019
Congo DR,49,1424.0,2019
Ghana,50,1423.0,2019
Cameroon,51,1404.0,2019
Greece,52,1403.0,2019
Montenegro,53,1401.0,2019
Jamaica,54,1397.0,2019
Qatar,55,1396.0,2019
Finland,56,1394.0,2019
Bulgaria,57,1388.0,2019
Egypt,58,1384.0,2019
Burkina Faso,59,1381.0,2019
Ecuador,60,1375.0,2019
Cyprus,93,1258.0,2019
Georgia,94,1255.0,2019
Kyrgyz Republic,95,1252.0,2019
Côte d'Ivoire,62,1365.0,2019
Venezuela,33,1485.0,2019
Serbia,34,1477.0,2019
Iceland,35,1473.0,2019
Paraguay,36,1468.0,2019
Korea Republic,37,1467.0,2019
Turkey,37,1467.0,2019
Costa Rica,39,1453.0,2019
Bosnia and Herzegovina,39,1453.0,2019
Czech Republic,41,1448.0,2019
Hungary,42,1442.0,2019
Australia,43,1436.0,2019
Russia,43,1436.0,2019
Iraq,77,1315.0,2019
Canada,78,1314.0,2019
Curacao,79,1302.0,2019
Norway,47,1429.0,2019
Sweden,17,1558.0,2019
Mexico,18,1557.0,2019
Poland,19,1550.0,2019
IR Iran,20,1518.0,2019
Peru,21,1516.0,2019
Senegal,22,1515.0,2019
Wales,23,1514.0,2019
Ukraine,24,1513.0,2019
Tunisia,25,1501.0,2019
Austria,26,1498.0,2019
Romania,27,1497.0,2019
Northern Ireland,28,1496.0,2019
Honduras,61,1368.0,2019
Bolivia,62,1365.0,2019
Mali,62,1365.0,2019
Republic of Ireland,32,1489.0,2019
Belgium,1,1746.0,2019
France,2,1718.0,2019
Brazil,3,1681.0,2019
England,4,1652.0,2019
Portugal,5,1631.0,2019
Croatia,6,1625.0,2019
Spain,7,1617.0,2019
Uruguay,8,1615.0,2019
Switzerland,9,1605.0,2019
Denmark,10,1589.0,2019
Germany,11,1582.0,2019
Argentina,11,1582.0,2019
Scotland,45,1433.0,2019
Nigeria,45,1433.0,2019
Morocco,47,1429.0,2019
Chile,16,1561.0,2019
Bahamas,195,880.0,2019
Gibraltar,196,879.0,2019
Timor-Leste,196,879.0,2019
Somalia,196,879.0,2019
Guam,199,873.0,2019
Seychelles,200,868.0,2019
Pakistan,201,867.0,2019
Aruba,201,867.0,2019
Tonga,203,862.0,2019
Turks and Caicos Islands,203,862.0,2019
Sri Lanka,205,856.0,2019
Eritrea,205,856.0,2019
Japan,28,1496.0,2019
USA,30,1495.0,2019
Slovakia,31,1491.0,2019
Anguilla,210,821.0,2019
Cuba,179,936.0,2019
Liechtenstein,180,926.0,2019
São Tomé and Príncipe,181,923.0,2019
Macau,182,922.0,2019
Montserrat,183,921.0,2019
Malta,184,919.0,2019
Djibouti,184,919.0,2019
Dominica,184,919.0,2019
Bangladesh,187,915.0,2019
Laos,188,912.0,2019
Bhutan,189,911.0,2019
Mongolia,190,906.0,2019
Colombia,13,1580.0,2019
Italy,14,1569.0,2019
Netherlands,14,1569.0,2019
Samoa,194,894.0,2019
Fiji,163,996.0,2019
Vanuatu,163,996.0,2019
Papua New Guinea,165,991.0,2019
Guyana,166,988.0,2019
St. Vincent and the Grenadines,167,986.0,2019
Bermuda,168,984.0,2019
South Sudan,169,983.0,2019
Nepal,170,974.0,2019
Belize,170,974.0,2019
Mauritius,172,968.0,2019
Indonesia,173,964.0,2019
Cambodia,173,964.0,2019
US Virgin Islands,207,844.0,2019
British Virgin Islands,208,842.0,2019
San Marino,209,824.0,2019
Puerto Rico,178,941.0,2019
Kuwait,147,1060.0,2019
Botswana,148,1055.0,2019
Afghanistan,149,1052.0,2019
Nicaragua,150,1050.0,2019
Burundi,151,1049.0,2019
Liberia,152,1047.0,2019
Eswatini,153,1042.0,2019
Malaysia,154,1040.0,2019
Maldives,155,1038.0,2019
New Caledonia,156,1035.0,2019
Singapore,157,1020.0,2019
Dominican Republic,158,1019.0,2019
Brunei Darussalam,191,904.0,2019
American Samoa,192,900.0,2019
Cayman Islands,193,897.0,2019
Barbados,162,1011.0,2019
Rwanda,131,1089.0,2019
Lithuania,131,1089.0,2019
Comoros,133,1088.0,2019
Tanzania,134,1086.0,2019
Andorra,135,1082.0,2019
Myanmar,136,1081.0,2019
Latvia,137,1079.0,2019
Chinese Taipei,138,1078.0,2019
Lesotho,139,1074.0,2019
St. Kitts and Nevis,139,1074.0,2019
Hong Kong,141,1073.0,2019
Suriname,141,1073.0,2019
Moldova,175,959.0,2019
St. Lucia,176,953.0,2019
Chad,177,943.0,2019
Ethiopia,146,1061.0,2019
Kosovo,115,1174.0,2019
Korea DPR,116,1170.0,2019
Namibia,117,1160.0,2019
Kazakhstan,118,1155.0,2019
Sierra Leone,118,1155.0,2019
Guinea-Bissau,118,1155.0,2019
Tajikistan,121,1152.0,2019
New Zealand,122,1149.0,2019
Malawi,123,1141.0,2019
Philippines,124,1136.0,2019
Angola,124,1136.0,2019
Antigua and Barbuda,126,1127.0,2019
Gambia,159,1015.0,2019
Grenada,159,1015.0,2019
Tahiti,161,1014.0,2019
Guatemala,130,1106.0,2019
Bahrain,99,1225.0,2019
Mauritania,100,1223.0,2019
Libya,101,1215.0,2019
Armenia,102,1213.0,2019
Estonia,103,1202.0,2019
Trinidad and Tobago,104,1201.0,2019
Mozambique,105,1200.0,2019
Kenya,106,1199.0,2019
Palestine,106,1199.0,2019
India,108,1187.0,2019
Central African Republic,109,1184.0,2019
Faroe Islands,110,1181.0,2019
Solomon Islands,141,1073.0,2019
Yemen,144,1071.0,2019
Equatorial Guinea,145,1066.0,2019
Azerbaijan,114,1177.0,2019
Gabon,83,1297.0,2019
Benin,84,1295.0,2019
Uzbekistan,85,1289.0,2019
Haiti,86,1285.0,2019
Belarus,87,1280.0,2019
Zambia,88,1277.0,2019
Congo,89,1269.0,2019
Lebanon,89,1269.0,2019
Madagascar,91,1267.0,2019
Georgia,91,1267.0,2019
Israel,93,1260.0,2019
Vietnam,94,1258.0,2019
Togo,126,1127.0,2019
Sudan,128,1112.0,2019
Turkmenistan,129,1107.0,2019
Luxembourg,98,1236.0,2019
Saudi Arabia,67,1351.0,2019
North Macedonia,68,1347.0,2019
El Salvador,69,1346.0,2019
Iraq,70,1344.0,2019
South Africa,71,1334.0,2019
United Arab Emirates,71,1334.0,2019
Canada,73,1331.0,2019
Guinea,74,1328.0,2019
Bolivia,75,1324.0,2019
China PR,76,1322.0,2019
Uganda,77,1321.0,2019
Cabo Verde,78,1318.0,2019
Zimbabwe,111,1180.0,2019
Niger,112,1179.0,2019
Thailand,113,1178.0,2019
Oman,82,1303.0,2019
Egypt,51,1420.0,2019
Hungary,52,1416.0,2019
Cameroon,53,1413.0,2019
Greece,54,1409.0,2019
Qatar,55,1396.0,2019
Mali,56,1389.0,2019
Congo DR,56,1389.0,2019
Finland,58,1386.0,2019
Bulgaria,59,1381.0,2019
Burkina Faso,59,1381.0,2019
Côte d'Ivoire,61,1380.0,2019
Honduras,62,1377.0,2019
Cyprus,95,1251.0,2019
Kyrgyz Republic,96,1240.0,2019
Jordan,97,1238.0,2019
Albania,66,1356.0,2019
Algeria,35,1482.0,2019
Northern Ireland,36,1476.0,2019
Romania,37,1475.0,2019
Russia,38,1470.0,2019
Iceland,39,1464.0,2019
Korea Republic,40,1461.0,2019
Paraguay,40,1461.0,2019
Australia,42,1457.0,2019
Morocco,43,1456.0,2019
Norway,44,1451.0,2019
Czech Republic,45,1446.0,2019
Costa Rica,46,1442.0,2019
Syria,79,1314.0,2019
Curaçao,80,1313.0,2019
Panama,81,1304.0,2019
Scotland,50,1422.0,2019
Poland,19,1559.0,2019
Senegal,20,1555.0,2019
Peru,21,1544.0,2019
USA,22,1540.0,2019
Wales,22,1540.0,2019
Ukraine,24,1537.0,2019
Venezuela,25,1517.0,2019
Austria,26,1507.0,2019
Tunisia,27,1506.0,2019
Japan,28,1503.0,2019
Turkey,29,1494.0,2019
Serbia,29,1494.0,2019
Ecuador,63,1368.0,2019
Montenegro,64,1365.0,2019
Slovenia,64,1365.0,2019
Turks and Caicos Islands,208,862.0,2019
Dominica,177,954.0,2019
Guyana,177,954.0,2019
St. Vincent and the Grenadines,177,954.0,2019
Puerto Rico,180,940.0,2019
Malta,181,939.0,2019
Macau,182,936.0,2019
Liechtenstein,183,922.0,2019
Bangladesh,183,922.0,2019
Sao Tome e Principe,185,920.0,2019
Bhutan,186,916.0,2019
Germany,15,1602.0,2019
Denmark,16,1598.0,2019
Sweden,17,1579.0,2019
Chile,17,1579.0,2019
France,2,1733.0,2019
Slovakia,32,1490.0,2019
Nigeria,31,1493.0,2019
San Marino,211,839.0,2019
Bahamas,210,855.0,2019
Belgium,1,1765.0,2019
Cameroon,50,1428.0,2020
Costa Rica,51,1427.0,2020
Ghana,52,1424.0,2020
Greece,53,1413.0,2020
USA,22,1545.0,2020
Austria,23,1531.0,2020
Ukraine,24,1521.0,2020
Peru,25,1512.0,2020
Tunisia,26,1503.0,2020
Japan,27,1502.0,2020
Venezuela,28,1501.0,2020
IR Iran,29,1496.0,2020
Serbia,30,1495.0,2020
Algeria,31,1488.0,2020
England,4,1670.0,2020
Portugal,5,1662.0,2020
Paraguay,34,1476.0,2020
Morocco,35,1474.0,2020
Nigeria,35,1474.0,2020
Romania,37,1466.0,2020
Spain,6,1645.0,2020
Argentina,7,1642.0,2020
Uruguay,8,1639.0,2020
Mexico,9,1632.0,2020
Italy,10,1625.0,2020
Croatia,11,1617.0,2020
Denmark,12,1614.0,2020
Germany,13,1610.0,2020
Netherlands,14,1609.0,2020
Colombia,15,1601.0,2020
Sri Lanka,206,853.0,2020
US Virgin Islands,207,844.0,2020
Mongolia,190,906.0,2020
Brunei Darussalam,191,904.0,2020
Gibraltar,196,879.0,2020
Somalia,196,879.0,2020
Timor-Leste,196,879.0,2020
Guam,199,873.0,2020
Pakistan,200,867.0,2020
Aruba,200,867.0,2020
Seychelles,202,866.0,2020
Tonga,203,862.0,2020
Turks and Caicos Islands,203,862.0,2020
Eritrea,205,856.0,2020
Cambodia,173,964.0,2020
Moldova,175,959.0,2020
British Virgin Islands,208,842.0,2020
San Marino,209,824.0,2020
Anguilla,210,821.0,2020
Liechtenstein,180,926.0,2020
São Tomé and Príncipe,181,923.0,2020
Macau,182,922.0,2020
Montserrat,183,921.0,2020
Malta,184,919.0,2020
Djibouti,184,919.0,2020
Dominica,184,919.0,2020
Bangladesh,187,914.0,2020
Laos,188,912.0,2020
Bhutan,189,911.0,2020
Dominican Republic,158,1019.0,2020
Gambia,159,1015.0,2020
American Samoa,192,900.0,2020
Cayman Islands,193,897.0,2020
Samoa,194,894.0,2020
Bahamas,195,880.0,2020
Vanuatu,163,996.0,2020
Papua New Guinea,165,991.0,2020
Guyana,166,988.0,2020
St. Vincent and the Grenadines,167,986.0,2020
Bermuda,168,983.0,2020
South Sudan,168,983.0,2020
Nepal,170,974.0,2020
Belize,170,974.0,2020
Mauritius,172,965.0,2020
Indonesia,173,964.0,2020
Suriname,141,1073.0,2020
Hong Kong,143,1072.0,2020
St. Lucia,176,953.0,2020
Chad,177,943.0,2020
Puerto Rico,178,941.0,2020
Cuba,179,936.0,2020
Botswana,148,1055.0,2020
Afghanistan,149,1052.0,2020
Burundi,149,1052.0,2020
Nicaragua,151,1051.0,2020
Liberia,152,1047.0,2020
Eswatini,153,1042.0,2020
Malaysia,154,1040.0,2020
Maldives,155,1038.0,2020
New Caledonia,156,1035.0,2020
Singapore,157,1020.0,2020
Antigua and Barbuda,126,1127.0,2020
Togo,126,1127.0,2020
Grenada,159,1015.0,2020
Tahiti,161,1014.0,2020
Barbados,162,1009.0,2020
Fiji,163,996.0,2020
Lithuania,131,1089.0,2020
Comoros,133,1088.0,2020
Tanzania,134,1086.0,2020
Andorra,135,1082.0,2020
Myanmar,136,1081.0,2020
Latvia,137,1079.0,2020
Chinese Taipei,138,1078.0,2020
Lesotho,139,1074.0,2020
St. Kitts and Nevis,139,1074.0,2020
Solomon Islands,141,1073.0,2020
Faroe Islands,110,1181.0,2020
Zimbabwe,111,1180.0,2020
Yemen,144,1071.0,2020
Equatorial Guinea,145,1066.0,2020
Ethiopia,146,1061.0,2020
Kuwait,147,1060.0,2020
Korea DPR,116,1170.0,2020
Namibia,117,1160.0,2020
Kazakhstan,118,1155.0,2020
Sierra Leone,118,1155.0,2020
Guinea-Bissau,118,1155.0,2020
Tajikistan,121,1152.0,2020
New Zealand,122,1149.0,2020
Malawi,123,1141.0,2020
Philippines,124,1136.0,2020
Angola,124,1136.0,2020
Vietnam,94,1258.0,2020
Cyprus,95,1251.0,2020
Sudan,128,1112.0,2020
Turkmenistan,129,1107.0,2020
Guatemala,130,1104.0,2020
Rwanda,131,1089.0,2020
Mauritania,100,1223.0,2020
Libya,101,1215.0,2020
Armenia,102,1213.0,2020
Palestine,103,1204.0,2020
Estonia,104,1202.0,2020
Trinidad and Tobago,105,1201.0,2020
Mozambique,106,1200.0,2020
Kenya,107,1199.0,2020
India,108,1187.0,2020
Central African Republic,109,1184.0,2020
Cabo Verde,78,1318.0,2020
Syria,79,1314.0,2020
Niger,112,1179.0,2020
Thailand,113,1178.0,2020
Azerbaijan,114,1177.0,2020
Kosovo,115,1174.0,2020
Benin,84,1295.0,2020
Uzbekistan,85,1286.0,2020
Haiti,86,1285.0,2020
Belarus,87,1283.0,2020
Zambia,88,1279.0,2020
Congo,89,1269.0,2020
Lebanon,89,1269.0,2020
Madagascar,91,1267.0,2020
Georgia,91,1267.0,2020
Israel,93,1260.0,2020
Honduras,62,1377.0,2020
Ecuador,63,1368.0,2020
Kyrgyz Republic,96,1240.0,2020
Jordan,97,1238.0,2020
Luxembourg,98,1236.0,2020
Bahrain,99,1225.0,2020
North Macedonia,68,1347.0,2020
El Salvador,69,1346.0,2020
Iraq,70,1344.0,2020
United Arab Emirates,71,1334.0,2020
South Africa,71,1334.0,2020
Canada,73,1332.0,2020
Guinea,74,1328.0,2020
Bolivia,75,1324.0,2020
China PR,76,1323.0,2020
Uganda,77,1321.0,2020
Costa Rica,46,1439.0,2020
Ghana,46,1439.0,2020
Curaçao,80,1313.0,2020
Panama,81,1305.0,2020
Oman,82,1303.0,2020
Gabon,83,1297.0,2020
Hungary,52,1416.0,2020
Cameroon,53,1413.0,2020
Greece,54,1409.0,2020
Qatar,55,1396.0,2020
Mali,56,1389.0,2020
Congo DR,56,1389.0,2020
Finland,58,1386.0,2020
Bulgaria,59,1381.0,2020
Burkina Faso,59,1381.0,2020
Côte d'Ivoire,61,1378.0,2020
Serbia,29,1494.0,2020
Nigeria,31,1493.0,2020
Montenegro,64,1365.0,2020
Slovenia,64,1365.0,2020
Albania,66,1356.0,2020
Saudi Arabia,67,1351.0,2020
Northern Ireland,36,1476.0,2020
Romania,37,1475.0,2020
Russia,38,1470.0,2020
Iceland,39,1465.0,2020
Korea Republic,40,1464.0,2020
Paraguay,41,1461.0,2020
Australia,42,1457.0,2020
Morocco,43,1456.0,2020
Norway,44,1451.0,2020
Czech Republic,45,1446.0,2020
Netherlands,14,1604.0,2020
Germany,15,1602.0,2020
Jamaica,48,1438.0,2020
Bosnia and Herzegovina,49,1430.0,2020
Scotland,50,1422.0,2020
Egypt,51,1420.0,2020
Senegal,20,1555.0,2020
Peru,21,1544.0,2020
USA,22,1542.0,2020
Wales,23,1540.0,2020
Ukraine,24,1537.0,2020
Venezuela,25,1517.0,2020
Austria,26,1507.0,2020
Tunisia,27,1506.0,2020
Japan,28,1500.0,2020
Turkey,29,1494.0,2020
British Virgin Islands,208,842.0,2020
Anguilla,209,821.0,2020
Slovakia,32,1490.0,2020
IR Iran,33,1489.0,2020
Republic of Ireland,34,1486.0,2020
Algeria,35,1482.0,2020
England,4,1661.0,2020
Uruguay,5,1645.0,2020
Croatia,6,1642.0,2020
Portugal,7,1639.0,2020
Spain,8,1636.0,2020
Argentina,9,1623.0,2020
Colombia,10,1622.0,2020
Mexico,11,1621.0,2020
Switzerland,12,1608.0,2020
Italy,13,1607.0,2020
American Samoa,192,900.0,2020
Cayman Islands,193,897.0,2020
Denmark,16,1598.0,2020
Chile,17,1579.0,2020
Sweden,17,1579.0,2020
Poland,19,1559.0,2020
Timor-Leste,197,879.0,2020
Guam,199,873.0,2020
Aruba,200,867.0,2020
Pakistan,200,867.0,2020
Seychelles,202,866.0,2020
Tonga,203,862.0,2020
Turks and Caicos Islands,203,862.0,2020
Eritrea,205,856.0,2020
Sri Lanka,206,853.0,2020
US Virgin Islands,207,844.0,2020
Malta,176,951.0,2020
Moldova,177,950.0,2020
San Marino,210,810.0,2020
Belgium,1,1765.0,2020
France,2,1733.0,2020
Brazil,3,1712.0,2020
Macau,182,922.0,2020
Montserrat,183,921.0,2020
Djibouti,184,919.0,2020
Dominica,184,919.0,2020
Bangladesh,186,917.0,2020
São Tomé and Príncipe,187,914.0,2020
Laos,188,912.0,2020
Bhutan,189,911.0,2020
Mongolia,190,906.0,2020
Brunei Darussalam,191,904.0,2020
Grenada,160,1015.0,2020
Tahiti,161,1014.0,2020
Samoa,194,894.0,2020
Gibraltar,195,888.0,2020
Bahamas,196,880.0,2020
Somalia,197,879.0,2020
Papua New Guinea,166,991.0,2020
Guyana,167,988.0,2020
St. Vincent and the Grenadines,168,986.0,2020
Bermuda,169,983.0,2020
Belize,170,974.0,2020
Nepal,171,968.0,2020
Mauritius,172,965.0,2020
Cambodia,173,964.0,2020
Indonesia,173,964.0,2020
St. Lucia,175,953.0,2020
Hong Kong,143,1072.0,2020
Yemen,145,1071.0,2020
Chad,178,947.0,2020
Puerto Rico,179,941.0,2020
Cuba,180,936.0,2020
Liechtenstein,181,924.0,2020
Afghanistan,150,1052.0,2020
Andorra,151,1048.0,2020
Liberia,152,1047.0,2020
Malaysia,153,1040.0,2020
Eswatini,153,1040.0,2020
Maldives,155,1038.0,2020
New Caledonia,156,1035.0,2020
Gambia,157,1034.0,2020
Singapore,158,1020.0,2020
Dominican Republic,159,1019.0,2020
Togo,128,1115.0,2020
Lithuania,129,1114.0,2020
Barbados,162,1009.0,2020
South Sudan,163,998.0,2020
Fiji,164,996.0,2020
Vanuatu,164,996.0,2020
Equatorial Guinea,134,1097.0,2020
Tanzania,135,1085.0,2020
Latvia,136,1082.0,2020
Myanmar,137,1081.0,2020
Chinese Taipei,138,1078.0,2020
Burundi,138,1078.0,2020
St. Kitts and Nevis,140,1074.0,2020
Suriname,141,1073.0,2020
Solomon Islands,141,1073.0,2020
Lesotho,143,1072.0,2020
Libya,111,1178.0,2020
Niger,113,1173.0,2020
Botswana,146,1066.0,2020
Ethiopia,146,1066.0,2020
Kuwait,148,1060.0,2020
Nicaragua,149,1055.0,2020
New Zealand,118,1149.0,2020
Namibia,119,1147.0,2020
Guinea-Bissau,120,1146.0,2020
Tajikistan,121,1143.0,2020
Kazakhstan,122,1142.0,2020
Malawi,123,1140.0,2020
Philippines,124,1136.0,2020
Angola,125,1134.0,2020
Antigua and Barbuda,126,1127.0,2020
Sudan,127,1124.0,2020
Kyrgyz Republic,96,1240.0,2020
Bahrain,97,1238.0,2020
Comoros,130,1112.0,2020
Guatemala,131,1111.0,2020
Turkmenistan,132,1107.0,2020
Rwanda,133,1099.0,2020
Palestine,102,1204.0,2020
Trinidad and Tobago,103,1201.0,2020
Kenya,104,1187.0,2020
India,104,1187.0,2020
Mozambique,106,1185.0,2020
Faroe Islands,107,1183.0,2020
Zimbabwe,108,1181.0,2020
Azerbaijan,109,1180.0,2020
Estonia,109,1180.0,2020
Thailand,111,1178.0,2020
Bolivia,79,1307.0,2020
Cabo Verde,81,1306.0,2020
Central African Republic,114,1171.0,2020
Korea DPR,115,1170.0,2020
Sierra Leone,116,1165.0,2020
Kosovo,117,1155.0,2020
Gabon,86,1280.0,2020
Israel,87,1279.0,2020
Belarus,88,1269.0,2020
Georgia,89,1267.0,2020
Zambia,90,1265.0,2020
Congo,91,1264.0,2020
Lebanon,92,1263.0,2020
Vietnam,93,1258.0,2020
Madagascar,94,1257.0,2020
Jordan,95,1244.0,2020
Honduras,64,1367.0,2020
North Macedonia,65,1362.0,2020
Luxembourg,98,1235.0,2020
Armenia,99,1233.0,2020
Cyprus,100,1224.0,2020
Mauritania,101,1207.0,2020
El Salvador,70,1346.0,2020
South Africa,71,1341.0,2020
Canada,72,1332.0,2020
Guinea,73,1329.0,2020
United Arab Emirates,74,1326.0,2020
China PR,75,1323.0,2020
Curaçao,76,1313.0,2020
Syria,76,1313.0,2020
Panama,78,1311.0,2020
Uganda,79,1307.0,2020
Scotland,48,1436.0,2020
Egypt,49,1432.0,2020
Oman,82,1303.0,2020
Benin,83,1302.0,2020
Haiti,84,1285.0,2020
Uzbekistan,85,1283.0,2020
Finland,54,1411.0,2020
Bosnia and Herzegovina,55,1410.0,2020
Ecuador,56,1409.0,2020
Mali,57,1408.0,2020
Burkina Faso,58,1391.0,2020
Qatar,58,1391.0,2020
Congo DR,60,1386.0,2020
Côte d'Ivoire,61,1384.0,2020
Slovenia,62,1379.0,2020
Montenegro,63,1370.0,2020
Turkey,32,1487.0,2020
Slovakia,33,1478.0,2020
Albania,66,1360.0,2020
Saudi Arabia,67,1353.0,2020
Bulgaria,68,1350.0,2020
Iraq,69,1347.0,2020
Korea Republic,38,1465.0,2020
Russia,39,1461.0,2020
Hungary,40,1460.0,2020
Australia,41,1457.0,2020
Czech Republic,42,1456.0,2020
Republic of Ireland,42,1456.0,2020
Norway,44,1450.0,2020
Northern Ireland,45,1440.0,2020
Iceland,46,1438.0,2020
Jamaica,47,1437.0,2020
Wales,18,1562.0,2020
Brazil,3,1743.0,2020
Poland,19,1559.0,2020
Senegal,20,1558.0,2020
Sweden,20,1558.0,2020
France,2,1755.0,2020
Switzerland,16,1593.0,2020
Belgium,1,1780.0,2020
Chile,17,1567.0,2020
Seychelles,200,865.69,2021
Pakistan,199,866.81,2021
Guam,198,872.83,2021
Somalia,197,879.13,2021
Timor-Leste,196,879.43,2021
Gibraltar,195,880.16,2021
Mexico,14,1638.3,2021
Switzerland,13,1642.83,2021
Germany,12,1648.33,2021
USA,11,1648.51,2021
Netherlands,10,1653.73,2021
Denmark,9,1654.54,2021
Portugal,8,1660.25,2021
Spain,7,1704.75,2021
Italy,6,1740.77,2021
Argentina,5,1750.51,2021
Dominica,188,904.26,2021
Bhutan,187,910.96,2021
Liechtenstein,186,911.05,2021
Laos,185,912.07,2021
Bangladesh,184,917.38,2021
Djibouti,183,918.91,2021
Macau,182,922.1,2021
Cuba,181,923.03,2021
Aruba,205,850.1,2021
Turks and Caicos Islands,206,843.65,2021
US Virgin Islands,207,829.13,2021
British Virgin Islands,208,826.27,2021
Montserrat,180,933.64,2021
Chad,179,935.0,2021
Anguilla,209,805.42,2021
Bahamas,201,861.84,2021
Puerto Rico,178,938.86,2021
Moldova,177,948.16,2021
St. Lucia,176,953.45,2021
Malta,175,955.89,2021
Cambodia,174,963.79,2021
Indonesia,173,964.07,2021
Mauritius,172,964.94,2021
Nepal,171,967.88,2021
Belize,170,977.95,2021
South Sudan,169,984.19,2021
Bermuda,168,987.78,2021
St. Vincent and the Grenadines,167,989.32,2021
Papua New Guinea,166,990.55,2021
Guyana,165,990.65,2021
Vanuatu,164,995.62,2021
Fiji,163,996.27,2021
Barbados,162,1010.95,2021
Tahiti,161,1014.27,2021
Grenada,160,1017.57,2021
Singapore,159,1020.27,2021
Andorra,158,1034.9,2021
New Caledonia,157,1035.12,2021
Dominican Republic,156,1036.22,2021
Maldives,155,1038.31,2021
Eswatini,154,1039.24,2021
Malaysia,153,1040.02,2021
Gambia,152,1043.45,2021
Liberia,151,1047.29,2021
Botswana,150,1051.82,2021
Afghanistan,149,1052.24,2021
Kuwait,148,1056.3,2021
Nicaragua,147,1060.51,2021
Lesotho,146,1069.91,2021
Yemen,145,1070.54,2021
Hong Kong,144,1072.0,2021
Solomon Islands,143,1072.78,2021
Burundi,142,1075.64,2021
Chinese Taipei,141,1078.48,2021
Ethiopia,140,1079.41,2021
Myanmar,139,1081.26,2021
Latvia,138,1081.66,2021
Tanzania,137,1088.05,2021
Suriname,136,1089.43,2021
St. Kitts and Nevis,135,1091.12,2021
Lithuania,134,1102.84,2021
Togo,133,1104.14,2021
Equatorial Guinea,132,1105.2,2021
Comoros,131,1106.44,2021
Turkmenistan,130,1106.51,2021
Rwanda,129,1123.69,2021
Antigua and Barbuda,128,1129.02,2021
Guatemala,127,1129.3,2021
Angola,126,1135.88,2021
Philippines,125,1135.94,2021
Kazakhstan,124,1147.35,2021
Sudan,123,1149.14,2021
New Zealand,122,1149.43,2021
Tajikistan,121,1151.1,2021
Kosovo,120,1151.73,2021
Libya,119,1156.26,2021
Central African Republic,118,1157.64,2021
Mozambique,117,1161.55,2021
Estonia,116,1161.58,2021
Malawi,115,1162.39,2021
Sierra Leone,114,1162.61,2021
Faroe Islands,113,1165.45,2021
Niger,112,1165.91,2021
Namibia,111,1168.44,2021
Azerbaijan,110,1168.53,2021
Korea DPR,109,1169.96,2021
Guinea-Bissau,108,1171.19,2021
Zimbabwe,107,1175.5,2021
Thailand,106,1178.07,2021
India,105,1184.36,2021
Palestine,104,1196.8,2021
Trinidad and Tobago,103,1201.33,2021
Kenya,102,1205.26,2021
Mauritania,101,1224.76,2021
Madagascar,100,1238.24,2021
Kyrgyz Republic,99,1240.08,2021
Bahrain,98,1240.1,2021
Cyprus,97,1240.78,2021
Luxembourg,96,1244.86,2021
Jordan,95,1251.63,2021
Congo,94,1255.88,2021
Lebanon,93,1256.08,2021
Vietnam,92,1258.06,2021
Georgia,91,1259.51,2021
Armenia,90,1273.28,2021
Belarus,89,1276.79,2021
Gabon,88,1278.1,2021
Zambia,87,1280.15,2021
Uzbekistan,86,1280.99,2021
Israel,85,1283.36,2021
Uganda,84,1286.76,2021
Haiti,83,1290.62,2021
Benin,82,1293.1,2021
Bolivia,81,1300.11,2021
Oman,80,1301.51,2021
Syria,79,1304.12,2021
Panama,78,1321.97,2021
China PR,77,1322.96,2021
Curaçao,76,1323.06,2021
South Africa,75,1325.64,2021
Cabo Verde,73,1330.16,2021
United Arab Emirates,73,1330.16,2021
Guinea,72,1331.79,2021
Bulgaria,71,1339.03,2021
Canada,70,1340.56,2021
El Salvador,69,1341.24,2021
Iraq,68,1352.82,2021
Honduras,67,1361.21,2021
Albania,66,1362.09,2021
Saudi Arabia,65,1364.39,2021
Montenegro,64,1368.49,2021
Slovenia,63,1369.88,2021
North Macedonia,62,1374.73,2021
Congo DR,61,1376.65,2021
Burkina Faso,60,1392.9,2021
Côte d'Ivoire,59,1397.77,2021
Qatar,58,1397.92,2021
Mali,57,1400.94,2021
Bosnia and Herzegovina,55,1404.87,2021
Cameroon,55,1404.87,2021
Finland,54,1410.82,2021
Ecuador,53,1413.01,2021
Iceland,52,1415.99,2021
Greece,51,1418.7,2021
Costa Rica,50,1423.4,2021
Ghana,49,1425.26,2021
Northern Ireland,48,1425.74,2021
Republic of Ireland,47,1427.22,2021
Egypt,46,1432.63,2021
Jamaica,45,1432.65,2021
Scotland,44,1441.43,2021
Romania,43,1449.23,2021
Norway,42,1452.34,2021
Australia,41,1457.49,2021
Czech Republic,40,1458.81,2021
Korea Republic,39,1460.25,2021
Russia,38,1462.65,2021
Hungary,37,1468.75,2021
Slovakia,36,1475.24,2021
Paraguay,35,1476.02,2021
Morocco,34,1479.32,2021
Algeria,33,1486.69,2021
Nigeria,32,1487.16,2021
IR Iran,31,1499.52,2021
Venezuela,30,1500.71,2021
Turkey,29,1505.05,2021
Japan,28,1509.34,2021
Peru,27,1511.88,2021
Tunisia,26,1512.88,2021
Serbia,25,1512.9,2021
Ukraine,24,1514.64,2021
Austria,23,1523.42,2021
Senegal,22,1542.45,2021
Poland,21,1549.87,2021
USA,20,1555.42,2021
Chile,19,1569.52,2021
Sweden,18,1569.81,2021
Wales,17,1570.36,2021
Netherlands,16,1598.04,2021
Colombia,15,1600.66,2021
Croatia,14,1605.75,2021
Switzerland,13,1606.21,2021
Germany,12,1609.12,2021
Mexico,11,1629.56,2021
Denmark,10,1631.55,2021
Uruguay,9,1639.08,2021
Argentina,8,1641.95,2021
Italy,7,1642.06,2021
Spain,6,1648.13,2021
Portugal,5,1666.12,2021
England,4,1686.78,2021
Brazil,3,1742.65,2021
France,2,1757.3,2021
Belgium,1,1783.38,2021
San Marino,210,780.33,2021
Anguilla,209,792.34,2021
British Virgin Islands,208,812.94,2021
US Virgin Islands,207,816.13,2021
Guam,206,838.33,2021
Turks and Caicos Islands,205,839.84,2021
Sri Lanka,204,842.93,2021
Gibraltar,203,853.6,2021
Eritrea,202,855.56,2021
Bahamas,201,858.5,2021
Aruba,200,859.97,2021
Tonga,199,861.81,2021
Pakistan,198,866.81,2021
Seychelles,197,870.63,2021
Timor-Leste,196,873.13,2021
Cayman Islands,195,873.64,2021
Somalia,194,873.71,2021
Samoa,193,894.26,2021
Djibouti,192,896.62,2021
Liechtenstein,191,899.52,2021
American Samoa,190,900.27,2021
São Tomé and Príncipe,189,903.31,2021
Brunei Darussalam,188,903.9,2021
Laos,187,904.6,2021
Bangladesh,186,907.83,2021
Bhutan,185,910.96,2021
Mongolia,184,916.68,2021
Dominica,183,916.72,2021
Macau,182,922.1,2021
Moldova,181,928.35,2021
Chad,180,935.0,2021
Cuba,179,948.96,2021
Montserrat,178,950.71,2021
St. Lucia,177,953.45,2021
Guyana,176,958.87,2021
Malta,175,958.95,2021
St. Vincent and the Grenadines,174,960.71,2021
Puerto Rico,173,962.77,2021
Mauritius,172,964.94,2021
Cambodia,171,966.61,2021
Belize,170,967.42,2021
Nepal,169,972.45,2021
Grenada,168,974.03,2021
South Sudan,167,980.25,2021
Bermuda,166,982.43,2021
Papua New Guinea,165,990.55,2021
Indonesia,164,992.31,2021
Vanuatu,163,995.62,2021
Barbados,162,995.94,2021
Fiji,161,996.27,2021
Singapore,160,1003.39,2021
Tahiti,159,1014.27,2021
Chinese Taipei,158,1017.78,2021
Maldives,157,1021.58,2021
Dominican Republic,156,1029.42,2021
Andorra,155,1030.28,2021
Malaysia,154,1034.53,2021
New Caledonia,153,1035.12,2021
Myanmar,152,1044.56,2021
Yemen,151,1046.26,2021
Gambia,150,1049.74,2021
Afghanistan,149,1049.77,2021
Botswana,148,1051.59,2021
Hong Kong,147,1053.39,2021
Eswatini,146,1054.14,2021
Lesotho,145,1057.62,2021
Liberia,144,1058.28,2021
Nicaragua,143,1062.21,2021
Kuwait,142,1064.02,2021
Solomon Islands,141,1072.78,2021
Burundi,140,1075.82,2021
Suriname,139,1077.57,2021
St. Kitts and Nevis,138,1077.76,2021
Ethiopia,137,1087.89,2021
Lithuania,136,1091.77,2021
Rwanda,135,1095.34,2021
Latvia,134,1100.03,2021
Turkmenistan,133,1117.6,2021
Comoros,132,1117.65,2021
Tanzania,131,1118.76,2021
Central African Republic,130,1127.2,2021
Malawi,129,1127.21,2021
Philippines,128,1129.91,2021
Antigua and Barbuda,127,1131.07,2021
Angola,126,1131.72,2021
Sudan,125,1131.74,2021
Togo,124,1133.24,2021
Faroe Islands,123,1136.99,2021
Guatemala,122,1138.4,2021
Zimbabwe,121,1138.44,2021
Azerbaijan,120,1139.02,2021
Kazakhstan,119,1140.71,2021
Mozambique,118,1151.0,2021
Libya,117,1151.06,2021
Tajikistan,116,1152.56,2021
Thailand,115,1156.16,2021
Equatorial Guinea,114,1156.78,2021
Niger,113,1158.39,2021
Namibia,112,1162.93,2021
Kosovo,111,1163.05,2021
New Zealand,110,1165.81,2021
Korea DPR,109,1169.96,2021
Sierra Leone,108,1174.12,2021
Estonia,107,1176.5,2021
Guinea-Bissau,106,1177.14,2021
Cyprus,105,1178.65,2021
India,104,1182.75,2021
Mauritania,103,1190.26,2021
Kenya,102,1202.26,2021
Madagascar,101,1205.61,2021
Trinidad and Tobago,100,1207.94,2021
Palestine,99,1208.9,2021
Vietnam,98,1212.54,2021
Congo,97,1221.4,2021
Kyrgyz Republic,96,1228.69,2021
Lebanon,95,1233.0,2021
Belarus,94,1233.43,2021
Luxembourg,93,1236.45,2021
Armenia,92,1242.24,2021
Bahrain,91,1252.19,2021
Jordan,90,1255.69,2021
Gabon,89,1262.0,2021
Zambia,88,1264.64,2021
Haiti,87,1268.05,2021
Syria,86,1268.54,2021
Georgia,85,1269.24,2021
Uzbekistan,84,1274.58,2021
Benin,83,1282.53,2021
Uganda,82,1285.28,2021
Guinea,81,1298.32,2021
Curaçao,80,1298.39,2021
Oman,79,1306.01,2021
Israel,78,1306.7,2021
Bolivia,77,1324.21,2021
Honduras,76,1332.16,2021
Iraq,75,1333.03,2021
China PR,74,1337.33,2021
Cabo Verde,73,1339.48,2021
Montenegro,72,1342.89,2021
Bulgaria,71,1345.47,2021
El Salvador,70,1349.47,2021
United Arab Emirates,69,1350.39,2021
South Africa,68,1358.24,2021
North Macedonia,67,1367.23,2021
Albania,66,1374.98,2021
Slovenia,65,1375.42,2021
Congo DR,64,1375.64,2021
Panama,63,1379.34,2021
Iceland,62,1385.21,2021
Bosnia and Herzegovina,61,1391.19,2021
Burkina Faso,60,1397.64,2021
Venezuela,59,1409.14,2021
Finland,58,1411.77,2021
Jamaica,57,1412.13,2021
Côte d'Ivoire,56,1417.86,2021
Greece,55,1421.99,2021
Northern Ireland,54,1424.97,2021
Mali,53,1427.98,2021
Ghana,52,1428.97,2021
Saudi Arabia,51,1434.71,2021
Cameroon,50,1437.35,2021
Costa Rica,49,1437.43,2021
Qatar,48,1437.91,2021
Republic of Ireland,47,1444.29,2021
Ecuador,46,1448.27,2021
Egypt,45,1451.77,2021
Romania,44,1453.18,2021
Paraguay,43,1454.52,2021
Slovakia,42,1455.36,2021
Norway,41,1455.43,2021
Canada,40,1462.32,2021
Hungary,39,1465.62,2021
Scotland,38,1471.82,2021
Turkey,37,1472.72,2021
Nigeria,36,1478.78,2021
Australia,35,1484.88,2021
Russia,34,1493.42,2021
Korea Republic,33,1507.24,2021
Czech Republic,32,1510.42,2021
Austria,31,1511.56,2021
Tunisia,30,1512.72,2021
Algeria,29,1516.51,2021
Morocco,28,1529.93,2021
Poland,27,1530.62,2021
Japan,26,1531.53,2021
Ukraine,25,1535.08,2021
Chile,24,1543.42,2021
Serbia,23,1547.38,2021
Peru,22,1551.15,2021
IR Iran,21,1557.58,2021
Cayman Islands,194,884.44,2021
Samoa,193,894.26,2021
Mongolia,192,896.97,2021
American Samoa,191,900.27,2021
São Tomé and Príncipe,190,903.31,2021
Brunei Darussalam,189,903.9,2021
Senegal,20,1561.68,2021
Wales,19,1578.01,2021
Sweden,18,1588.26,2021
Uruguay,17,1596.66,2021
Colombia,16,1607.15,2021
Croatia,15,1620.74,2021
England,4,1755.52,2021
France,3,1786.15,2021
Brazil,2,1826.35,2021
Belgium,1,1828.45,2021
Tonga,202,861.81,2021
Eritrea,203,855.56,2021
Sri Lanka,204,853.07,2021
San Marino,210,804.71,2021
Algeria,40,1486.72,2022
Ecuador,41,1477.32,2022
Spain,10,1692.71,2022
Morocco,11,1672.35,2022
Switzerland,12,1655.02,2022
USA,13,1652.74,2022
Germany,14,1646.91,2022
Mexico,15,1635.78,2022
Uruguay,16,1627.45,2022
Colombia,17,1612.78,2022
Denmark,18,1608.11,2022
Senegal,19,1603.98,2022
Romania,52,1432.64,2022
Canada,53,1431.64,2022
Slovakia,54,1425.58,2022
Venezuela,55,1406.1,2022
France,3,1823.39,2022
Belgium,4,1781.3,2022
England,5,1774.19,2022
Netherlands,6,1740.92,2022
Croatia,7,1727.62,2022
Brazil,1,1840.77,2022
Timor-Leste,199,861.43,2022
Somalia,200,857.39,2022
Gibraltar,201,856.55,2022
Eritrea,202,855.56,2022
Aruba,203,855.37,2022
Bahamas,204,854.8,2022
Guam,205,838.33,2022
Turks and Caicos Islands,206,832.0,2022
Sri Lanka,207,825.25,2022
Egypt,39,1490.34,2022
Cayman Islands,197,865.72,2022
Tonga,198,861.81,2022
Cuba,167,978.65,2022
Malta,168,974.68,2022
Puerto Rico,169,974.32,2022
Bermuda,170,970.3,2022
Grenada,171,969.0,2022
Guyana,172,968.74,2022
St. Lucia,173,965.66,2022
Cambodia,174,954.3,2022
Belize,175,950.88,2022
Nepal,176,950.45,2022
British Virgin Islands,209,809.32,2022
Anguilla,210,790.74,2022
San Marino,211,763.82,2022
Laos,183,914.66,2022
Chad,181,931.98,2022
Macau,182,922.1,2022
Dominican Republic,151,1031.86,2022
Andorra,152,1028.7,2022
Yemen,153,1023.52,2022
Afghanistan,154,1023.04,2022
Indonesia,155,1019.19,2022
Maldives,156,1018.25,2022
Chinese Taipei,157,1017.78,2022
Myanmar,158,1011.91,2022
Singapore,159,1004.75,2022
New Caledonia,160,999.7,2022
Djibouti,193,875.98,2022
Liechtenstein,194,873.99,2022
Seychelles,195,866.94,2022
Pakistan,196,866.81,2022
South Sudan,165,985.53,2022
Barbados,166,982.27,2022
Turkmenistan,135,1100.47,2022
Rwanda,136,1095.04,2022
Solomon Islands,137,1092.56,2022
Ethiopia,138,1086.73,2022
Nicaragua,139,1079.18,2022
Burundi,140,1078.12,2022
St. Kitts and Nevis,141,1076.91,2022
Lithuania,142,1074.08,2022
Suriname,143,1072.24,2022
Eswatini,144,1066.92,2022
Montserrat,177,947.96,2022
Moldova,178,944.96,2022
Mauritius,179,940.47,2022
St. Vincent and the Grenadines,180,939.97,2022
Botswana,149,1050.32,2022
Liberia,150,1047.36,2022
Niger,119,1155.23,2022
Libya,120,1148.36,2022
Malawi,121,1146.49,2022
Angola,122,1145.26,2022
Zimbabwe,123,1138.56,2022
Gambia,124,1137.22,2022
Faroe Islands,125,1136.29,2022
Comoros,126,1131.88,2022
Togo,127,1130.22,2022
Azerbaijan,128,1127.17,2022
Papua New Guinea,161,997.6,2022
Tahiti,162,995.11,2022
Fiji,163,993.37,2022
Vanuatu,164,990.55,2022
Central African Republic,133,1116.06,2022
Philippines,134,1113.75,2022
New Zealand,103,1198.96,2022
India,104,1198.65,2022
Madagascar,105,1196.03,2022
Kosovo,106,1183.9,2022
Cyprus,107,1180.52,2022
Tajikistan,108,1179.1,2022
Estonia,109,1177.4,2022
Mauritania,110,1177.0,2022
Thailand,111,1170.69,2022
Korea DPR,112,1169.96,2022
Hong Kong,145,1061.15,2022
Lesotho,146,1059.04,2022
Malaysia,147,1057.59,2022
Kuwait,148,1053.41,2022
Namibia,117,1160.97,2022
Mozambique,118,1160.55,2022
Haiti,87,1269.07,2022
Zambia,88,1268.18,2022
Syria,89,1265.03,2022
Uganda,90,1264.56,2022
Benin,91,1262.49,2022
Armenia,92,1242.42,2022
Luxembourg,93,1235.36,2022
Palestine,94,1233.72,2022
Kyrgyz Republic,95,1232.91,2022
Belarus,96,1226.55,2022
Latvia,129,1125.36,2022
Sudan,130,1124.91,2022
Tanzania,131,1119.24,2022
Antigua and Barbuda,132,1117.01,2022
Trinidad and Tobago,101,1205.85,2022
Kenya,102,1202.26,2022
El Salvador,71,1333.48,2022
Cabo Verde,72,1332.96,2022
Congo DR,73,1332.84,2022
Bulgaria,74,1325.16,2022
Oman,75,1323.03,2022
Israel,76,1316.35,2022
Uzbekistan,77,1306.63,2022
China PR,78,1304.02,2022
Gabon,79,1301.84,2022
Honduras,80,1299.69,2022
Sierra Leone,113,1168.21,2022
Kazakhstan,114,1166.28,2022
Guinea-Bissau,115,1165.78,2022
Guatemala,116,1161.96,2022
Bahrain,85,1289.25,2022
Jordan,86,1279.74,2022
Burkina Faso,55,1425.64,2022
Venezuela,56,1405.17,2022
Bosnia and Herzegovina,57,1403.98,2022
Northern Ireland,58,1399.1,2022
Finland,59,1398.41,2022
Ghana,60,1389.68,2022
Panama,61,1386.51,2022
Jamaica,62,1382.06,2022
Iceland,63,1379.61,2022
North Macedonia,64,1375.2,2022
Vietnam,97,1218.84,2022
Equatorial Guinea,98,1215.33,2022
Congo,99,1215.09,2022
Lebanon,100,1211.71,2022
United Arab Emirates,69,1346.09,2022
Iraq,70,1338.91,2022
Australia,39,1483.73,2022
Egypt,40,1482.63,2022
Algeria,41,1480.59,2022
Turkey,42,1475.13,2022
Canada,43,1473.82,2022
Ecuador,44,1463.74,2022
Scotland,45,1462.96,2022
Mali,46,1447.74,2022
Republic of Ireland,47,1442.48,2022
Greece,48,1441.45,2022
Bolivia,81,1298.81,2022
Georgia,82,1296.46,2022
Guinea,83,1294.89,2022
Curaçao,84,1293.35,2022
Saudi Arabia,53,1435.74,2022
Romania,54,1427.84,2022
IR Iran,23,1558.64,2022
Japan,24,1552.77,2022
Serbia,25,1549.53,2022
Poland,26,1546.18,2022
Ukraine,27,1542.79,2022
Korea Republic,28,1526.2,2022
Chile,29,1514.86,2022
Tunisia,30,1507.86,2022
Nigeria,31,1504.7,2022
Czech Republic,32,1502.9,2022
Slovenia,65,1372.48,2022
Albania,66,1361.81,2022
Montenegro,67,1354.59,2022
South Africa,68,1347.91,2022
Hungary,37,1486.76,2022
Cameroon,38,1484.95,2022
Italy,7,1713.86,2022
Netherlands,8,1679.41,2022
Portugal,9,1678.65,2022
Denmark,10,1665.47,2022
Germany,11,1658.96,2022
Mexico,12,1649.57,2022
Uruguay,13,1643.71,2022
USA,14,1635.01,2022
Croatia,15,1632.15,2022
Switzerland,16,1621.43,2022
Qatar,49,1441.41,2022
Paraguay,50,1440.13,2022
Slovakia,51,1439.99,2022
Côte d'Ivoire,52,1435.91,2022
Peru,21,1562.24,2022
Morocco,22,1558.9,2022
Aruba,202,855.37,2022
Bahamas,203,854.8,2022
Somalia,204,854.72,2022
Guam,205,838.33,2022
Turks and Caicos Islands,206,832.0,2022
Sri Lanka,207,825.25,2022
US Virgin Islands,208,823.97,2022
British Virgin Islands,209,809.32,2022
Anguilla,210,790.74,2022
San Marino,211,763.15,2022
Austria,33,1502.47,2022
Costa Rica,34,1500.06,2022
Russia,35,1493.42,2022
Norway,36,1488.57,2022
England,5,1737.46,2022
Spain,6,1716.93,2022
São Tomé and Príncipe,186,908.18,2022
Laos,187,905.51,2022
American Samoa,188,900.27,2022
Cook Islands,189,899.33,2022
Brunei Darussalam,190,898.02,2022
Samoa,191,894.26,2022
Bangladesh,192,884.45,2022
Djibouti,193,875.05,2022
Cayman Islands,194,865.72,2022
Pakistan,195,864.72,2022
Colombia,17,1604.07,2022
Senegal,18,1593.45,2022
Wales,19,1582.13,2022
Sweden,20,1563.44,2022
Gibraltar,200,858.04,2022
Eritrea,201,855.56,2022
Puerto Rico,170,974.32,2022
Guyana,171,968.74,2022
St Lucia,172,964.73,2022
Grenada,173,963.72,2022
Moldova,174,958.88,2022
Nepal,175,956.94,2022
Belize,176,950.88,2022
Cambodia,177,946.66,2022
St Vincent and the Grenadines,178,945.25,2022
Montserrat,179,940.78,2022
Brazil,1,1837.56,2022
Belgium,2,1821.92,2022
Argentina,3,1770.65,2022
France,4,1764.85,2022
Dominica,184,911.51,2022
Bhutan,185,910.96,2022
Yemen,154,1023.52,2022
Afghanistan,155,1023.04,2022
Maldives,156,1021.18,2022
Chinese Taipei,157,1021.02,2022
Papua New Guinea,158,1007.46,2022
Myanmar,159,1006.16,2022
Singapore,160,1006.1,2022
New Caledonia,161,995.58,2022
Tahiti,162,995.11,2022
Fiji,163,989.43,2022
Tonga,196,861.81,2022
Timor-Leste,197,860.45,2022
Liechtenstein,198,859.84,2022
Seychelles,199,859.56,2022
Cuba,168,978.65,2022
Bermuda,169,977.47,2022
Ethiopia,138,1091.19,2022
Suriname,139,1077.3,2022
St Kitts and Nevis,140,1076.91,2022
Burundi,141,1075.27,2022
Nicaragua,142,1071.74,2022
Eswatini,143,1070.89,2022
Lithuania,144,1069.12,2022
Malaysia,145,1066.6,2022
Hong Kong,146,1062.39,2022
Lesotho,147,1061.4,2022
Mauritius,180,932.02,2022
Chad,181,930.22,2022
Macau,182,922.1,2022
Mongolia,183,913.55,2022
Dominican Republic,152,1031.86,2022
Andorra,153,1031.13,2022
Niger,122,1148.53,2022
Faroe Islands,123,1146.31,2022
Malawi,124,1144.97,2022
Zimbabwe,125,1138.56,2022
The Gambia,126,1137.57,2022
Togo,127,1128.92,2022
Sudan,128,1127.34,2022
Comoros,129,1123.18,2022
Tanzania,130,1119.89,2022
Antigua and Barbuda,131,1117.01,2022
Vanuatu,164,985.62,2022
South Sudan,165,983.99,2022
Barbados,166,982.27,2022
Malta,167,978.95,2022
Solomon Islands,136,1095.7,2022
Rwanda,137,1093.66,2022
India,106,1192.09,2022
Kosovo,107,1187.03,2022
Tajikistan,108,1187.02,2022
Estonia,109,1186.27,2022
Cyprus,110,1185.17,2022
Thailand,111,1173.4,2022
Korea DPR,112,1169.96,2022
Namibia,113,1164.13,2022
Mozambique,114,1163.56,2022
Kazakhstan,115,1163.09,2022
Kuwait,148,1056.64,2022
Botswana,149,1054.43,2022
Liberia,150,1049.66,2022
Indonesia,151,1033.9,2022
Libya,120,1156.74,2022
Azerbaijan,121,1151.82,2022
Syria,90,1251.46,2022
Benin,91,1247.47,2022
Luxembourg,92,1245.35,2022
Palestine,93,1233.72,2022
Kyrgyz Republic,94,1232.91,2022
Armenia,95,1231.76,2022
Vietnam,96,1228.63,2022
Belarus,97,1221.68,2022
Equatorial Guinea,98,1215.66,2022
Congo,99,1208.79,2022
Central African Republic,132,1116.97,2022
Latvia,133,1116.96,2022
Philippines,134,1113.15,2022
Turkmenistan,135,1100.47,2022
Trinidad and Tobago,104,1195.29,2022
New Zealand,105,1193.98,2022
El Salvador,74,1326.86,2022
Oman,75,1321.24,2022
Israel,76,1315.67,2022
Uzbekistan,77,1312.64,2022
Georgia,78,1305.98,2022
Gabon,79,1305.47,2022
China PR,80,1305.06,2022
Honduras,81,1300.78,2022
Bolivia,82,1294.96,2022
Guinea,83,1290.47,2022
Sierra Leone,116,1160.31,2022
Angola,117,1158.81,2022
Guinea-Bissau,118,1158.77,2022
Guatemala,119,1157.56,2022
Zambia,88,1265.15,2022
Uganda,89,1260.69,2022
Ghana,58,1400.02,2022
Northern Ireland,59,1396.55,2022
Qatar,60,1393.56,2022
Panama,61,1391.7,2022
Slovenia,62,1389.06,2022
Iceland,63,1380.35,2022
Jamaica,64,1379.29,2022
North Macedonia,65,1355.28,2022
Albania,66,1353.03,2022
South Africa,67,1350.36,2022
Lebanon,100,1208.47,2022
Kenya,101,1202.26,2022
Madagascar,102,1200.74,2022
Mauritania,103,1197.58,2022
Cabo Verde,72,1336.05,2022
Congo DR,73,1333.92,2022
Scotland,42,1476.94,2022
Norway,43,1475.05,2022
Türkiye,44,1465.38,2022
Mali,45,1449.05,2022
Paraguay,46,1445.06,2022
Côte d'Ivoire,47,1441.49,2022
Republic of Ireland,48,1438.59,2022
Saudi Arabia,49,1438.13,2022
Burkina Faso,50,1434.81,2022
Greece,51,1433.59,2022
Jordan,84,1289.99,2022
Bahrain,85,1280.27,2022
Curaçao,86,1278.64,2022
Haiti,87,1269.07,2022
Finland,56,1405.71,2022
Bosnia and Herzegovina,57,1403.51,2022
Ukraine,26,1536.99,2022
Australia,27,1533.97,2022
Wales,28,1530.28,2022
Serbia,29,1526.46,2022
Tunisia,30,1526.2,2022
Chile,31,1506.91,2022
Costa Rica,32,1500.18,2022
Cameroon,33,1499.3,2022
Austria,34,1497.24,2022
Nigeria,35,1494.32,2022
Iraq,68,1342.39,2022
Montenegro,69,1339.15,2022
United Arab Emirates,70,1338.48,2022
Bulgaria,71,1336.71,2022
Mongolia,184,913.55,2022
Dominica,185,911.51,2022
Bhutan,186,910.96,2022
São Tomé and Príncipe,187,908.18,2022
American Samoa,188,900.27,2022
Cook Islands,189,899.33,2022
Brunei Darussalam,190,897.1,2022
Samoa,191,894.26,2022
Bangladesh,192,883.18,2022
Japan,20,1593.08,2022
Peru,21,1564.3,2022
Poland,22,1559.83,2022
Sweden,23,1558.45,2022
IR Iran,24,1551.73,2022
Korea Republic,25,1539.49,2022
Argentina,2,1838.38,2022
Czechia,38,1490.61,2022
Russia,37,1491.26,2022
Hungary,36,1493.33,2022
Portugal,9,1702.54,2022
Italy,8,1723.56,2022
US Virgin Islands,208,823.97,2022
Peru,21,1561.2,2023
IR Iran,22,1556.59,2023
Sweden,23,1547.11,2023
Ukraine,24,1541.25,2023
Mali,51,1445.6,2023
Costa Rica,52,1437.57,2023
Paraguay,53,1430.73,2023
Slovenia,54,1427.84,2023
Jamaica,55,1421.54,2023
Saudi Arabia,56,1421.06,2023
Burkina Faso,57,1411.01,2023
Qatar,58,1407.3,2023
Hungary,27,1525.13,2023
Tunisia,28,1523.23,2023
Wales,29,1521.88,2023
Algeria,30,1520.26,2023
Netherlands,7,1731.23,2023
Italy,8,1726.58,2023
Türkiye,41,1484.47,2023
Cameroon,42,1470.97,2023
USA,11,1674.48,2023
Mexico,12,1665.59,2023
Switzerland,13,1661.12,2023
Morocco,14,1655.5,2023
Germany,15,1636.32,2023
Uruguay,16,1633.13,2023
Peru,35,1512.68,2023
Scotland,36,1506.89,2023
Türkiye,37,1505.28,2023
Russia,38,1498.84,2023
Czechia,39,1494.04,2023
Japan,20,1595.96,2023
Venezuela,57,1417.23,2023
Russia,38,1495.53,2023
Nigeria,39,1486.48,2023
Ecuador,40,1486.47,2023
Oman,73,1332.45,2023
Saudi Arabia,54,1421.46,2023
Finland,55,1419.47,2023
Burkina Faso,56,1419.18,2023
Luxembourg,89,1262.72,2023
Jamaica,58,1409.73,2023
Australia,27,1530.45,2023
Korea Republic,28,1529.3,2023
Austria,29,1528.06,2023
Scotland,30,1520.24,2023
Tunisia,31,1516.66,2023
Chile,32,1511.31,2023
Algeria,33,1511.23,2023
Egypt,34,1509.89,2023
Wales,35,1506.04,2023
Hungary,36,1504.57,2023
Czechia,37,1503.69,2023
Iraq,70,1345.21,2023
Montenegro,71,1343.45,2023
United Arab Emirates,72,1336.28,2023
Kenya,105,1191.07,2023
Uzbekistan,74,1327.58,2023
Canada,43,1458.58,2023
Norway,44,1458.47,2023
Panama,45,1453.94,2023
Costa Rica,46,1453.56,2023
Slovakia,47,1447.05,2023
Romania,48,1443.98,2023
Paraguay,49,1442.64,2023
Greece,50,1441.06,2023
Mali,51,1438.01,2023
Côte d'Ivoire,52,1433.38,2023
Republic of Ireland,53,1426.26,2023
Bahrain,86,1282.05,2023
Haiti,87,1272.64,2023
Curaçao,88,1267.87,2023
Azerbaijan,121,1143.22,2023
Armenia,90,1252.6,2023
Qatar,59,1395.57,2023
Ghana,60,1391.13,2023
Slovenia,61,1391.04,2023
Bosnia and Herzegovina,62,1381.1,2023
South Africa,63,1368.25,2023
Northern Ireland,64,1361.17,2023
Albania,65,1357.39,2023
Cabo Verde,66,1354.65,2023
Iceland,67,1352.98,2023
North Macedonia,68,1350.53,2023
Congo DR,69,1350.11,2023
Trinidad and Tobago,102,1199.74,2023
Aotearoa New Zealand,103,1199.04,2023
Kazakhstan,104,1198.24,2023
Kuwait,137,1090.42,2023
Congo,106,1190.63,2023
El Salvador,75,1325.47,2023
Israel,76,1323.81,2023
Bulgaria,77,1315.48,2023
Georgia,78,1312.8,2023
Honduras,79,1309.23,2023
China PR,80,1304.78,2023
Guinea,81,1296.75,2023
Jordan,82,1296.26,2023
Bolivia,83,1295.09,2023
Zambia,84,1293.77,2023
Gabon,85,1285.25,2023
Cyprus,118,1163.73,2023
The Gambia,119,1159.82,2023
Sierra Leone,120,1156.11,2023
Chinese Taipei,153,1028.18,2023
Togo,122,1140.88,2023
Equatorial Guinea,91,1251.83,2023
Uganda,92,1250.32,2023
Benin,93,1248.13,2023
Syria,94,1241.62,2023
Vietnam,95,1238.23,2023
Palestine,96,1233.02,2023
Kyrgyz Republic,97,1224.8,2023
Belarus,98,1212.28,2023
India,99,1208.69,2023
Lebanon,100,1205.77,2023
Mauritania,101,1205.18,2023
Latvia,134,1096.19,2023
Philippines,135,1095.66,2023
Malaysia,136,1091.57,2023
Fiji,169,980.48,2023
Turkmenistan,138,1089.77,2023
Guatemala,107,1186.71,2023
Madagascar,108,1186.09,2023
Kosovo,109,1179.69,2023
Tajikistan,110,1179.54,2023
Estonia,111,1179.3,2023
Guinea-Bissau,112,1178.93,2023
Thailand,113,1174.37,2023
Namibia,114,1172.41,2023
Korea DPR,115,1169.96,2023
Angola,116,1169.07,2023
Mozambique,117,1164.25,2023
Indonesia,150,1047.46,2023
Lesotho,151,1038.68,2023
Dominican Republic,152,1036.74,2023
Bhutan,185,900.65,2023
Andorra,154,1022.3,2023
Malawi,123,1140.65,2023
Tanzania,124,1138.79,2023
Zimbabwe,125,1138.56,2023
Central African Republic,126,1133.5,2023
Libya,127,1130.75,2023
Niger,128,1129.67,2023
Faroe Islands,129,1126.3,2023
Comoros,130,1119.99,2023
Sudan,131,1116.21,2023
Antigua and Barbuda,132,1107.51,2023
Solomon Islands,133,1097.61,2023
Barbados,166,984.05,2023
South Sudan,167,983.35,2023
Guyana,168,981.69,2023
Pakistan,201,847.67,2023
St Lucia,170,978.91,2023
Rwanda,139,1089.46,2023
Burundi,140,1085.06,2023
Nicaragua,141,1076.11,2023
Ethiopia,142,1074.47,2023
Suriname,143,1073.57,2023
Lithuania,144,1069.97,2023
St Kitts and Nevis,145,1066.81,2023
Eswatini,146,1058.19,2023
Botswana,147,1054.31,2023
Liberia,148,1049.94,2023
"Hong Kong, China",149,1049.74,2023
Macau,182,913.68,2023
Mongolia,183,908.71,2023
Dominica,184,904.88,2023
Italy,9,1718.82,2023
São Tomé and Príncipe,186,900.07,2023
Maldives,155,1021.85,2023
Yemen,156,1020.37,2023
Afghanistan,157,1020.32,2023
Singapore,158,1014.78,2023
Papua New Guinea,159,1003.28,2023
Myanmar,160,1000.26,2023
New Caledonia,161,995.58,2023
Tahiti,162,995.11,2023
Puerto Rico,163,993.8,2023
Moldova,164,990.73,2023
Vanuatu,165,986.44,2023
Gibraltar,198,851.64,2023
Aruba,199,850.88,2023
Liechtenstein,200,848.82,2023
Australia,25,1539.22,2023
Turks and Caicos Islands,202,839.39,2023
Malta,171,972.86,2023
Cuba,172,968.29,2023
Bermuda,173,966.27,2023
Grenada,174,960.77,2023
Nepal,175,958.05,2023
Cambodia,176,942.97,2023
Belize,177,939.96,2023
St Vincent and the Grenadines,178,938.28,2023
Montserrat,179,938.02,2023
Mauritius,180,936.09,2023
Chad,181,930.22,2023
Netherlands,6,1745.48,2023
Portugal,7,1745.06,2023
Spain,8,1732.64,2023
Liechtenstein,203,833.01,2023
Croatia,10,1717.57,2023
Laos,187,899.58,2023
Cook Islands,188,899.33,2023
Bangladesh,189,892.44,2023
Brunei Darussalam,190,891.12,2023
Djibouti,191,889.2,2023
Timor-Leste,192,860.45,2023
Cayman Islands,193,859.83,2023
Seychelles,194,856.71,2023
Eritrea,195,855.56,2023
Somalia,196,854.72,2023
Bahamas,197,852.87,2023
Morocco,13,1661.69,2023
Colombia,14,1655.29,2023
Mexico,15,1652.7,2023
Germany,16,1631.22,2023
Sweden,26,1530.19,2023
Guam,203,838.33,2023
Sri Lanka,204,825.25,2023
US Virgin Islands,205,816.59,2023
British Virgin Islands,206,804.11,2023
Anguilla,207,785.69,2023
San Marino,208,753.11,2023
Argentina,1,1855.2,2023
France,2,1845.44,2023
England,3,1800.05,2023
Belgium,4,1798.46,2023
Brazil,5,1784.09,2023
São Tomé and Príncipe,191,888.94,2023
Djibouti,192,881.18,2023
Aruba,193,879.32,2023
Brunei Darussalam,194,870.63,2023
Sri Lanka,204,822.03,2023
Guam,205,821.91,2023
Turks and Caicos Islands,206,818.57,2023
British Virgin Islands,207,807.57,2023
US Virgin Islands,208,796.78,2023
Anguilla,209,785.69,2023
San Marino,210,741.61,2023
Panama,41,1475.62,2023
Nigeria,42,1474.44,2023
Uruguay,11,1665.99,2023
USA,12,1665.27,2023
Nepal,175,948.05,2023
Montserrat,176,946.08,2023
Mauritius,177,944.95,2023
Barbados,178,943.8,2023
Japan,17,1620.19,2023
Switzerland,18,1613.44,2023
Denmark,19,1601.31,2023
Senegal,20,1594.31,2023
IR Iran,21,1565.08,2023
Ukraine,22,1553.35,2023
Korea Republic,23,1550.65,2023
Austria,24,1546.1,2023
Macau,187,896.62,2023
American Samoa,188,890.97,2023
Laos,189,889.62,2023
Mongolia,190,889.16,2023
New Caledonia,159,1008.92,2023
Puerto Rico,160,1007.19,2023
Maldives,161,1003.48,2023
Myanmar,162,1000.46,2023
Pakistan,195,856.54,2023
Tonga,196,856.18,2023
Cayman Islands,197,851.19,2023
Somalia,198,845.66,2023
Seychelles,199,845.53,2023
Timor-Leste,200,843.4,2023
Gibraltar,201,840.8,2023
Bahamas,202,835.81,2023
Bermuda,171,972.36,2023
Malta,172,967.29,2023
St Vincent and the Grenadines,173,953.47,2023
Grenada,174,950.99,2023
Suriname,143,1071.85,2023
Ethiopia,144,1068.79,2023
Botswana,145,1064.5,2023
Indonesia,146,1064.01,2023
Cambodia,179,931.47,2023
Dominica,180,922.25,2023
Chad,181,920.37,2023
Belize,182,918.68,2023
Bangladesh,183,916.75,2023
Bhutan,184,913.02,2023
Cook Islands,185,897.3,2023
Samoa,186,896.78,2023
Moldova,155,1022.6,2023
Singapore,156,1020.5,2023
Guyana,157,1018.14,2023
Afghanistan,158,1017.68,2023
Sierra Leone,127,1138.53,2023
Sudan,128,1128.74,2023
Niger,129,1127.75,2023
Malaysia,130,1122.87,2023
Tahiti,163,999.48,2023
Andorra,164,998.0,2023
Papua New Guinea,165,990.61,2023
South Sudan,166,989.29,2023
St Lucia,167,988.67,2023
Fiji,168,981.26,2023
Cuba,169,980.65,2023
Vanuatu,170,980.33,2023
Burundi,139,1086.62,2023
Philippines,140,1086.17,2023
Turkmenistan,141,1078.25,2023
Antigua and Barbuda,142,1072.66,2023
Mozambique,111,1180.72,2023
Congo,112,1179.8,2023
Thailand,113,1176.75,2023
Azerbaijan,114,1174.22,2023
St Kitts and Nevis,147,1057.05,2023
Lesotho,148,1047.27,2023
Eswatini,149,1045.88,2023
"Hong Kong, China",150,1042.93,2023
Dominican Republic,151,1040.77,2023
Yemen,152,1027.94,2023
Liberia,153,1024.11,2023
Chinese Taipei,154,1023.93,2023
Malawi,123,1149.4,2023
Zimbabwe,124,1144.56,2023
Cyprus,125,1143.42,2023
The Gambia,126,1140.06,2023
Belarus,95,1232.8,2023
Trinidad and Tobago,96,1228.05,2023
Benin,97,1225.1,2023
Kyrgyz Republic,98,1224.14,2023
Central African Republic,131,1121.34,2023
Solomon Islands,132,1113.57,2023
Rwanda,133,1107.04,2023
Nicaragua,134,1104.26,2023
Faroe Islands,135,1102.1,2023
Kuwait,136,1098.07,2023
Latvia,137,1097.84,2023
Lithuania,138,1086.93,2023
Lebanon,107,1192.58,2023
Guatemala,108,1189.98,2023
Madagascar,109,1187.63,2023
Kenya,110,1181.92,2023
China PR,79,1299.49,2023
Guinea,80,1290.01,2023
Bulgaria,81,1289.9,2023
Gabon,82,1289.52,2023
Namibia,115,1168.38,2023
Korea DPR,116,1168.12,2023
Angola,117,1168.05,2023
Togo,118,1165.74,2023
Comoros,119,1156.45,2023
Libya,120,1155.23,2023
Tanzania,121,1155.19,2023
Estonia,122,1149.7,2023
Syria,91,1245.27,2023
Uganda,92,1245.08,2023
Armenia,93,1237.15,2023
Vietnam,94,1235.58,2023
Iraq,63,1365.98,2023
United Arab Emirates,64,1364.46,2023
North Macedonia,65,1362.17,2023
South Africa,66,1357.08,2023
Palestine,99,1217.6,2023
Kazakhstan,100,1215.16,2023
Kosovo,101,1202.77,2023
India,102,1200.8,2023
Guinea-Bissau,103,1197.83,2023
Aotearoa New Zealand,104,1197.47,2023
Mauritania,105,1195.25,2023
Tajikistan,106,1195.07,2023
Israel,75,1323.43,2023
Honduras,76,1313.8,2023
Georgia,77,1312.45,2023
El Salvador,78,1306.14,2023
Greece,47,1453.95,2023
Canada,48,1453.76,2023
Côte d'Ivoire,49,1447.65,2023
Venezuela,50,1447.2,2023
Luxembourg,83,1285.41,2023
Zambia,84,1284.56,2023
Bolivia,85,1284.55,2023
Bahrain,86,1277.29,2023
Jordan,87,1272.63,2023
Equatorial Guinea,88,1268.43,2023
Haiti,89,1262.5,2023
Curaçao,90,1262.48,2023
Finland,59,1401.31,2023
Republic of Ireland,60,1399.6,2023
Ghana,61,1384.19,2023
Albania,62,1382.69,2023
Poland,31,1520.24,2023
Ecuador,32,1519.2,2023
Egypt,33,1518.91,2023
Serbia,34,1517.43,2023
Congo DR,67,1356.66,2023
Uzbekistan,68,1345.26,2023
Bosnia and Herzegovina,69,1343.32,2023
Montenegro,70,1342.64,2023
Iceland,71,1338.39,2023
Northern Ireland,72,1333.17,2023
Cabo Verde,73,1329.8,2023
Oman,74,1324.89,2023
Romania,43,1472.73,2023
Norway,44,1472.36,2023
Slovakia,45,1465.73,2023
Cameroon,46,1463.06,2023
Argentina,1,1843.73,2023
France,2,1843.54,2023
Brazil,3,1828.27,2023
England,4,1797.39,2023
Belgium,5,1788.55,2023
Croatia,6,1742.55,2023
Denmark,19,1597.37,2023
Senegal,18,1612.61,2023
Colombia,17,1624.91,2023
Poland,26,1536.99,2023
Serbia,25,1539.03,2023
Spain,10,1703.45,2023
Portugal,9,1718.25,2023
Chile,40,1489.82,2023
Spain,3,1853.27,2024
England,4,1813.81,2024
Brazil,5,1775.85,2024
Portugal,6,1756.12,2024
Netherlands,7,1747.55,2024
Belgium,8,1740.62,2024
Italy,9,1731.51,2024
Germany,10,1703.79,2024
Norway,43,1484.44,2024
Nigeria,44,1482.23,2024
Croatia,13,1691.59,2024
Morocco,14,1688.18,2024
Japan,15,1652.79,2024
USA,16,1645.48,2024
Senegal,17,1637.25,2024
IR Iran,18,1635.31,2024
Uruguay,11,1695.91,2024
Colombia,12,1694.44,2024
Mexico,17,1635.11,2024
Japan,18,1628.81,2024
Senegal,19,1623.34,2024
IR Iran,20,1611.16,2024
Denmark,21,1607.52,2024
Austria,22,1591.56,2024
Korea Republic,23,1572.87,2024
Argentina,1,1901.48,2024
France,2,1854.91,2024
Spain,3,1835.67,2024
England,4,1812.26,2024
Brazil,5,1785.61,2024
Belgium,6,1772.44,2024
France,2,1859.78,2024
Costa Rica,49,1469.69,2024
Norway,50,1466.48,2024
Cameroon,51,1458.47,2024
Slovenia,52,1457.06,2024
Mali,53,1456.74,2024
Greece,54,1455.95,2024
Iraq,55,1433.07,2024
Australia,24,1571.29,2024
Ukraine,25,1567.25,2024
Türkiye,26,1533.6,2024
Ecuador,27,1530.44,2024
Poland,28,1523.53,2024
Sweden,29,1522.19,2024
Wales,30,1521.4,2024
Hungary,31,1518.77,2024
Serbia,32,1506.9,2024
Cabo Verde,65,1380.53,2024
Albania,66,1375.49,2024
Burkina Faso,67,1375.16,2024
Jordan,68,1374.13,2024
United Arab Emirates,69,1368.84,2024
Georgia,70,1361.41,2024
Iceland,71,1353.48,2024
Canada,40,1494.66,2024
Tunisia,41,1494.06,2024
Peru,42,1489.68,2024
Chile,43,1489.5,2024
Slovakia,44,1479.07,2024
Romania,45,1474.7,2024
Algeria,46,1474.13,2024
Czechia,47,1473.46,2024
Scotland,48,1472.3,2024
El Salvador,81,1302.11,2024
Bulgaria,82,1295.5,2024
Gabon,83,1288.45,2024
Luxembourg,84,1276.73,2024
Haiti,85,1274.46,2024
Curaçao,86,1272.71,2024
China PR,87,1267.51,2024
Saudi Arabia,56,1431.3,2024
South Africa,57,1415.15,2024
Republic of Ireland,58,1403.84,2024
Jamaica,59,1401.56,2024
Congo DR,60,1400.93,2024
Uzbekistan,61,1397.41,2024
Paraguay,62,1396.8,2024
Finland,63,1393.4,2024
Ghana,64,1381.25,2024
Armenia,97,1230.79,2024
Namibia,98,1221.42,2024
Belarus,99,1219.78,2024
Trinidad and Tobago,100,1219.44,2024
Thailand,101,1218.56,2024
Kyrgyz Republic,102,1213.58,2024
Tajikistan,103,1212.41,2024
North Macedonia,72,1348.63,2024
Montenegro,73,1345.02,2024
Northern Ireland,74,1341.33,2024
Bosnia and Herzegovina,75,1332.3,2024
Oman,76,1326.18,2024
Guinea,77,1324.8,2024
Israel,78,1312.54,2024
Honduras,79,1311.48,2024
Bahrain,80,1302.86,2024
Tanzania,113,1174.99,2024
Guinea-Bissau,114,1168.49,2024
Vietnam,115,1168.02,2024
Lebanon,116,1167.64,2024
Libya,117,1165.73,2024
Congo,118,1162.73,2024
Comoros,119,1159.84,2024
Equatorial Guinea,88,1260.5,2024
Bolivia,89,1258.56,2024
Angola,90,1255.65,2024
Benin,91,1254.18,2024
Zambia,92,1249.54,2024
Syria,93,1246.68,2024
Aotearoa New Zealand,94,1245.73,2024
Uganda,95,1242.96,2024
Palestine,96,1231.25,2024
Zimbabwe,129,1126.15,2024
Nicaragua,130,1119.88,2024
Rwanda,131,1114.15,2024
The Gambia,132,1112.55,2024
Indonesia,133,1108.73,2024
Malaysia,134,1107.58,2024
Lithuania,135,1100.66,2024
Mozambique,104,1208.87,2024
Madagascar,105,1203.66,2024
Kosovo,106,1203.16,2024
Guatemala,107,1198.84,2024
Kenya,108,1197.73,2024
Kazakhstan,109,1193.62,2024
Korea DPR,110,1183.96,2024
Azerbaijan,111,1179.88,2024
Mauritania,112,1177.5,2024
Botswana,145,1063.64,2024
St Kitts and Nevis,146,1059.53,2024
Philippines,147,1053.03,2024
Antigua and Barbuda,148,1052.8,2024
Lesotho,149,1046.54,2024
Dominican Republic,150,1045.64,2024
Afghanistan,151,1034.37,2024
Togo,120,1158.7,2024
Sudan,121,1152.29,2024
Sierra Leone,122,1149.4,2024
Estonia,123,1146.47,2024
India,124,1139.39,2024
Niger,125,1139.21,2024
Malawi,126,1137.83,2024
Cyprus,127,1136.78,2024
Central African Republic,128,1129.3,2024
Singapore,161,1008.26,2024
Vanuatu,162,1005.49,2024
Maldives,163,1003.48,2024
Andorra,164,996.05,2024
Chinese Taipei,165,991.34,2024
Myanmar,166,988.98,2024
Cuba,167,984.92,2024
Kuwait,136,1098.42,2024
Latvia,137,1095.98,2024
Faroe Islands,138,1093.7,2024
Burundi,139,1091.24,2024
Suriname,140,1087.77,2024
Solomon Islands,141,1075.06,2024
Liberia,142,1067.05,2024
Ethiopia,143,1066.16,2024
Turkmenistan,144,1065.42,2024
Barbados,177,932.64,2024
Chad,178,929.97,2024
Mauritius,179,927.94,2024
Cambodia,180,924.52,2024
Dominica,181,912.93,2024
Bhutan,182,904.1,2024
Belize,183,901.43,2024
Moldova,152,1033.75,2024
Fiji,153,1033.09,2024
Guyana,154,1026.61,2024
Eswatini,155,1025.28,2024
Yemen,156,1021.24,2024
Puerto Rico,157,1020.22,2024
Tahiti,158,1016.83,2024
"Hong Kong, China",159,1011.91,2024
New Caledonia,160,1008.92,2024
Djibouti,193,875.13,2024
Aruba,194,873.9,2024
Cayman Islands,195,855.43,2024
Timor-Leste,196,843.4,2024
Pakistan,197,842.59,2024
Gibraltar,198,836.14,2024
Liechtenstein,199,835.83,2024
Papua New Guinea,168,984.23,2024
South Sudan,169,980.02,2024
St Lucia,170,979.57,2024
Bermuda,171,971.15,2024
Malta,172,970.62,2024
Grenada,173,953.67,2024
St Vincent and the Grenadines,174,938.4,2024
Nepal,175,935.93,2024
Montserrat,176,934.46,2024
Guam,204,821.91,2024
Sri Lanka,205,820.32,2024
Turks and Caicos Islands,206,817.03,2024
British Virgin Islands,207,801.29,2024
US Virgin Islands,208,797.29,2024
Anguilla,209,779.86,2024
San Marino,210,739.64,2024
Bangladesh,184,896.67,2024
Macau,185,896.62,2024
Cook Islands,186,896.59,2024
American Samoa,187,890.97,2024
Laos,188,889.62,2024
Mongolia,189,884.92,2024
Brunei Darussalam,190,881.73,2024
São Tomé and Príncipe,191,878.09,2024
Samoa,192,876.45,2024
Gibraltar,197,848.58,2024
Pakistan,198,842.59,2024
Tonga,199,835.64,2024
Sri Lanka,200,832.8,2024
Seychelles,201,831.19,2024
Somalia,202,829.81,2024
Bahamas,205,818.58,2024
Turks and Caicos Islands,206,803.98,2024
British Virgin Islands,207,780.3,2024
US Virgin Islands,208,779.71,2024
Anguilla,209,769.31,2024
San Marino,210,747.42,2024
Tonga,200,833.12,2024
Seychelles,201,831.19,2024
Somalia,202,829.81,2024
Bahamas,203,823.58,2024
Mauritius,179,923.46,2024
Cambodia,180,921.2,2024
Montserrat,181,914.26,2024
Bhutan,182,904.06,2024
Dominica,183,900.0,2024
Brunei Darussalam,184,899.87,2024
Bangladesh,185,898.81,2024
Laos,186,889.54,2024
São Tomé and Príncipe,189,878.09,2024
Cook Islands,190,877.53,2024
Djibouti,191,877.37,2024
Samoa,192,876.41,2024
Macau,193,871.52,2024
Cayman Islands,194,866.71,2024
Aruba,195,858.0,2024
Timor-Leste,196,850.83,2024
Vanuatu,163,996.21,2024
Cuba,164,994.43,2024
Chinese Taipei,165,990.92,2024
Bermuda,166,988.19,2024
Myanmar,167,986.15,2024
St Lucia,168,985.72,2024
Malta,169,983.95,2024
South Sudan,170,973.55,2024
Guam,203,821.91,2024
Liechtenstein,204,821.71,2024
St Vincent and the Grenadines,173,961.92,2024
Grenada,174,955.44,2024
Nepal,175,939.2,2024
Chad,176,935.41,2024
Barbados,177,933.3,2024
Belize,178,925.02,2024
Fiji,147,1049.15,2024
Solomon Islands,148,1048.75,2024
Philippines,149,1047.73,2024
Lesotho,150,1046.76,2024
Moldova,151,1045.59,2024
New Caledonia,152,1034.43,2024
Tahiti,153,1031.47,2024
Guyana,154,1030.6,2024
Mongolia,187,883.57,2024
American Samoa,188,883.17,2024
Puerto Rico,157,1022.83,2024
Yemen,158,1017.84,2024
Eswatini,159,1015.25,2024
Antigua and Barbuda,160,1010.97,2024
Singapore,161,1007.83,2024
Maldives,162,1001.39,2024
Malawi,131,1129.31,2024
Malaysia,132,1117.05,2024
Nicaragua,133,1114.28,2024
Kuwait,134,1109.16,2024
Central African Republic,135,1102.23,2024
Botswana,136,1098.85,2024
Faroe Islands,137,1096.88,2024
Suriname,138,1096.6,2024
Andorra,171,971.54,2024
Papua New Guinea,172,963.22,2024
Dominican Republic,141,1083.36,2024
Lithuania,142,1069.96,2024
Turkmenistan,143,1065.42,2024
St Kitts and Nevis,144,1064.99,2024
Liberia,145,1063.04,2024
Ethiopia,146,1059.94,2024
Madagascar,115,1162.02,2024
Vietnam,116,1161.11,2024
Azerbaijan,117,1158.7,2024
Libya,118,1158.03,2024
Togo,119,1152.18,2024
Guinea-Bissau,120,1151.72,2024
Zimbabwe,121,1151.06,2024
Niger,122,1145.96,2024
Afghanistan,155,1025.0,2024
"Hong Kong, China",156,1024.58,2024
Indonesia,125,1135.11,2024
The Gambia,126,1134.69,2024
India,127,1133.62,2024
Congo,128,1132.65,2024
Sierra Leone,129,1132.06,2024
Cyprus,130,1131.32,2024
Kosovo,99,1219.82,2024
Armenia,100,1219.15,2024
Palestine,101,1215.87,2024
Trinidad and Tobago,102,1214.81,2024
Comoros,103,1208.99,2024
Tajikistan,104,1203.08,2024
Guatemala,105,1201.35,2024
Tanzania,106,1199.33,2024
Burundi,139,1087.26,2024
Latvia,140,1084.11,2024
Mauritania,109,1183.16,2024
Kazakhstan,110,1180.18,2024
Namibia,111,1179.26,2024
Lebanon,112,1168.1,2024
Sudan,113,1165.41,2024
Korea DPR,114,1164.41,2024
El Salvador,83,1300.81,2024
Gabon,84,1297.87,2024
Angola,85,1296.48,2024
Haiti,86,1287.75,2024
Zambia,87,1279.24,2024
Uganda,88,1270.42,2024
Aotearoa New Zealand,89,1269.83,2024
China PR,90,1266.38,2024
Estonia,123,1142.53,2024
Rwanda,124,1136.06,2024
Equatorial Guinea,93,1256.2,2024
Benin,94,1250.99,2024
Syria,95,1249.47,2024
Mozambique,96,1232.7,2024
Thailand,97,1228.24,2024
Belarus,98,1226.31,2024
North Macedonia,67,1368.96,2024
Georgia,68,1362.21,2024
Finland,69,1361.53,2024
Iceland,70,1355.1,2024
Northern Ireland,71,1349.58,2024
Cabo Verde,72,1328.51,2024
Montenegro,73,1326.76,2024
Bosnia and Herzegovina,74,1326.69,2024
Kyrgyz Republic,107,1194.19,2024
Kenya,108,1189.65,2024
Ghana,77,1320.52,2024
Guinea,78,1311.88,2024
Bolivia,79,1308.58,2024
Oman,80,1306.67,2024
Bahrain,81,1305.52,2024
Bulgaria,82,1301.04,2024
Mali,51,1466.1,2024
Tunisia,52,1464.42,2024
Paraguay,53,1458.26,2024
Costa Rica,54,1454.99,2024
Slovenia,55,1454.25,2024
Iraq,56,1442.86,2024
South Africa,57,1428.87,2024
Uzbekistan,58,1424.93,2024
Curaçao,91,1264.78,2024
Luxembourg,92,1256.42,2024
Congo DR,61,1395.77,2024
Jamaica,62,1390.85,2024
United Arab Emirates,63,1385.57,2024
Jordan,64,1375.91,2024
Albania,65,1375.57,2024
Burkina Faso,66,1373.76,2024
Poland,35,1510.62,2024
Panama,36,1504.39,2024
Algeria,37,1495.85,2024
Romania,38,1494.2,2024
Greece,39,1489.88,2024
Peru,40,1488.42,2024
Slovakia,41,1486.19,2024
Czechia,42,1484.88,2024
Honduras,75,1325.93,2024
Israel,76,1322.25,2024
Scotland,45,1480.24,2024
Côte d'Ivoire,46,1478.47,2024
Venezuela,47,1475.71,2024
Qatar,48,1474.6,2024
Cameroon,49,1471.49,2024
Chile,50,1469.44,2024
Mexico,19,1627.4,2024
Switzerland,20,1625.16,2024
Denmark,21,1611.49,2024
Austria,22,1589.84,2024
Korea Republic,23,1585.45,2024
Ecuador,24,1560.13,2024
Ukraine,25,1554.94,2024
Australia,26,1544.15,2024
Saudi Arabia,59,1406.56,2024
Republic of Ireland,60,1400.22,2024
Wales,29,1534.39,2024
Hungary,30,1517.57,2024
Canada,31,1515.96,2024
Serbia,32,1514.28,2024
Egypt,33,1513.48,2024
Russia,34,1512.32,2024
Russia,33,1506.58,2024
Qatar,34,1504.06,2024
Panama,35,1502.55,2024
Egypt,36,1502.34,2024
Venezuela,37,1501.46,2024
Côte d'Ivoire,38,1499.69,2024
Nigeria,39,1498.93,2024
Portugal,8,1741.43,2024
Colombia,9,1727.32,2024
Italy,10,1714.29,2024
Uruguay,11,1713.15,2024
Croatia,12,1701.31,2024
Germany,13,1686.02,2024
Morocco,14,1669.44,2024
Switzerland,15,1654.1,2024
USA,16,1641.75,2024
Argentina,1,1867.25,2024
Türkiye,28,1537.24,2024
Sweden,27,1540.2,2024
Netherlands,7,1758.51,2024
USA,16,1648.81,2025
Mexico,17,1646.94,2025
IR Iran,18,1637.39,2025
Senegal,19,1630.32,2025
Ukraine,25,1559.81,2025
Australia,26,1554.55,2025
Türkiye,27,1551.47,2025
Sweden,28,1536.05,2025
Wales,29,1535.57,2025
Canada,30,1531.58,2025
Serbia,31,1523.91,2025
Egypt,32,1518.79,2025
Belgium,8,1735.75,2025
Italy,9,1718.31,2025
Venezuela,47,1476.84,2025
Japan,15,1652.64,2025
United Arab Emirates,65,1382.7,2025
Albania,66,1375.95,2025
North Macedonia,67,1375.58,2025
Georgia,68,1373.05,2025
Finland,69,1359.79,2025
Bosnia and Herzegovina,70,1350.85,2025
Czechia,39,1491.43,2025
Greece,40,1489.82,2025
Côte d'Ivoire,41,1487.27,2025
Peru,42,1483.48,2025
Nigeria,43,1481.35,2025
Scotland,44,1480.3,2025
Romania,45,1479.22,2025
Slovakia,46,1477.78,2025
Gabon,79,1309.82,2025
Bolivia,80,1308.12,2025
El Salvador,81,1300.81,2025
Guinea,82,1292.63,2025
Haiti,83,1291.53,2025
Bahrain,84,1290.0,2025
Bulgaria,85,1289.03,2025
New Zealand,86,1284.68,2025
Qatar,55,1456.58,2025
South Africa,56,1445.01,2025
Uzbekistan,57,1437.02,2025
Saudi Arabia,58,1418.96,2025
Iraq,59,1413.4,2025
Republic of Ireland,60,1412.23,2025
Congo DR,61,1406.59,2025
Jordan,62,1389.15,2025
Benin,95,1240.45,2025
Mozambique,96,1239.34,2025
Kosovo,97,1238.38,2025
Belarus,98,1235.36,2025
Thailand,99,1234.31,2025
Trinidad and Tobago,100,1229.52,2025
Palestine,101,1224.65,2025
Armenia,102,1208.31,2025
Northern Ireland,71,1348.67,2025
Cabo Verde,72,1344.37,2025
Montenegro,73,1337.36,2025
Iceland,74,1336.55,2025
Honduras,75,1333.51,2025
Ghana,76,1333.13,2025
Oman,77,1323.91,2025
Israel,78,1321.78,2025
Kenya,111,1178.53,2025
Lebanon,112,1177.94,2025
Kazakhstan,113,1177.66,2025
Sudan,114,1173.59,2025
Madagascar,115,1162.86,2025
Zimbabwe,116,1160.51,2025
Libya,117,1155.19,2025
Korea DPR,118,1153.38,2025
Angola,87,1279.55,2025
Zambia,88,1276.34,2025
Uganda,89,1273.83,2025
Curaçao,90,1264.78,2025
Luxembourg,91,1261.88,2025
Equatorial Guinea,92,1255.75,2025
Syria,93,1253.81,2025
China PR,94,1250.95,2025
India,127,1132.03,2025
Guinea-Bissau,128,1128.27,2025
Cyprus,129,1128.2,2025
Rwanda,130,1127.36,2025
Malaysia,131,1123.57,2025
Malawi,132,1118.35,2025
Nicaragua,133,1114.28,2025
Kuwait,134,1112.12,2025
Kyrgyz Republic,103,1205.68,2025
Tajikistan,104,1203.42,2025
Comoros,105,1203.13,2025
Guatemala,106,1197.12,2025
Tanzania,107,1196.04,2025
Namibia,108,1192.29,2025
Vietnam,109,1183.83,2025
Mauritania,110,1179.56,2025
Lithuania,143,1072.56,2025
Liberia,144,1068.31,2025
St Kitts and Nevis,145,1064.99,2025
Philippines,146,1063.01,2025
Ethiopia,147,1060.62,2025
Lesotho,148,1046.35,2025
Solomon Islands,149,1045.58,2025
Fiji,150,1043.44,2025
Azerbaijan,119,1150.64,2025
Togo,120,1149.49,2025
Estonia,121,1144.48,2025
Niger,122,1143.24,2025
Indonesia,123,1142.92,2025
Sierra Leone,124,1140.06,2025
Congo,125,1136.31,2025
The Gambia,126,1133.42,2025
Antigua and Barbuda,159,1010.97,2025
Afghanistan,160,1008.39,2025
Singapore,161,1002.26,2025
Myanmar,162,995.21,2025
Vanuatu,163,991.59,2025
Maldives,164,986.42,2025
St Lucia,165,985.72,2025
Chinese Taipei,166,979.85,2025
Central African Republic,135,1101.8,2025
Botswana,136,1101.2,2025
Suriname,137,1096.6,2025
Latvia,138,1092.49,2025
Dominican Republic,139,1087.21,2025
Burundi,140,1086.33,2025
Faroe Islands,141,1085.12,2025
Turkmenistan,142,1076.13,2025
Nepal,175,936.29,2025
Barbados,176,933.3,2025
Chad,177,925.12,2025
Mauritius,178,921.61,2025
Belize,179,919.26,2025
Montserrat,180,914.26,2025
Cambodia,181,912.67,2025
Bhutan,182,906.8,2025
New Caledonia,151,1039.55,2025
Guyana,152,1037.91,2025
"Hong Kong, China",153,1033.05,2025
Moldova,154,1031.37,2025
Eswatini,155,1022.87,2025
Tahiti,156,1019.04,2025
Puerto Rico,157,1018.98,2025
Yemen,158,1017.56,2025
Cayman Islands,191,866.71,2025
Djibouti,192,865.75,2025
Macau,193,865.29,2025
São Tomé and Príncipe,194,865.08,2025
Aruba,195,863.58,2025
Gibraltar,196,843.19,2025
Timor-Leste,197,839.53,2025
Pakistan,198,838.25,2025
Cuba,167,979.72,2025
Bermuda,168,977.53,2025
Malta,169,976.35,2025
South Sudan,170,975.6,2025
Papua New Guinea,171,969.17,2025
St Vincent and the Grenadines,172,966.11,2025
Andorra,173,957.41,2025
Grenada,174,954.39,2025
British Virgin Islands,207,780.3,2025
US Virgin Islands,208,779.71,2025
Anguilla,209,769.31,2025
San Marino,210,741.36,2025
Bangladesh,183,904.16,2025
Dominica,184,900.0,2025
Brunei Darussalam,185,893.35,2025
American Samoa,186,883.17,2025
Mongolia,187,879.75,2025
Cook Islands,188,877.53,2025
Samoa,189,876.41,2025
Laos,190,876.4,2025
Tonga,199,835.64,2025
Sri Lanka,200,833.77,2025
Somalia,201,832.13,2025
Guam,202,823.08,2025
Seychelles,203,820.71,2025
Bahamas,204,818.58,2025
Liechtenstein,205,813.86,2025
Turks and Caicos Islands,206,803.98,2025
Switzerland,20,1624.75,2025
Denmark,21,1617.54,2025
Austria,22,1580.22,2025
Korea Republic,23,1574.93,2025
Jamaica,63,1386.65,2025
Burkina Faso,64,1385.06,2025
Panama,33,1517.66,2025
Poland,34,1517.35,2025
Russia,35,1516.27,2025
Algeria,36,1507.17,2025
Hungary,37,1503.34,2025
Norway,38,1497.18,2025
Brazil,5,1776.03,2025
Netherlands,6,1752.44,2025
Portugal,7,1750.08,2025
Ecuador,24,1567.95,2025
Tunisia,49,1474.1,2025
Cameroon,50,1465.72,2025
Slovenia,51,1462.66,2025
Chile,52,1461.91,2025
Mali,53,1460.23,2025
Costa Rica,54,1459.13,2025
France,3,1852.71,2025
England,4,1819.2,2025
Colombia,14,1679.04,2025
Uruguay,13,1679.49,2025
Morocco,12,1694.24,2025
Croatia,11,1698.66,2025
Germany,10,1716.98,2025
Spain,2,1854.64,2025
Argentina,1,1886.16,2025
Paraguay,48,1475.93,2025
Burkina Faso,62,1412.494766,2026
Saudi Arabia,61,1421.427596,2026
Algeria,28,1564.2567,2026
Australia,27,1580.674774,2026
Nigeria,26,1585.086373,2026
Korea Republic,25,1588.663904,2026
Austria,24,1593.447673,2026
Ecuador,23,1594.78386,2026
Türkiye,22,1599.03767,2026
IR Iran,21,1615.300338,2026
Mali,52,1459.125074,2026
Costa Rica,51,1459.903309,2026
Uzbekistan,50,1465.342534,2026
Venezuela,49,1468.046323,2026
Slovakia,48,1473.938441,2026
Greece,47,1475.819913,2026
Congo DR,46,1478.350424,2026
Cameroon,45,1481.235245,2026
Italy,12,1700.370754,2026
Croatia,11,1717.066402,2026
Germany,10,1730.37136,2026
Belgium,9,1734.714832,2026
Morocco,8,1755.86841,2026
Netherlands,7,1757.874428,2026
Brazil,6,1761.16093,2026
Portugal,5,1763.834406,2026
Russia,36,1525.604093,2026
Poland,35,1528.003812,2026
Côte d'Ivoire,34,1532.975251,2026
Panama,33,1540.644228,2026
Ukraine,32,1546.877672,2026
Norway,31,1550.943159,2026
Canada,30,1556.482247,2026
Egypt,29,1563.241764,2026
Denmark,20,1620.807946,2026
Switzerland,19,1649.39683,2026
Japan,18,1660.427891,2026
Uruguay,17,1673.068603,2026
USA,16,1673.126608,2026
Mexico,15,1681.028247,2026
Kosovo,78,1318.82527,2026
Israel,77,1328.333496,2026
Tunisia,44,1483.051871,2026
Scotland,43,1498.350389,2026
Hungary,42,1500.581454,2026
Czechia,41,1501.3824,2026
Paraguay,40,1503.503339,2026
Serbia,39,1508.650488,2026
Sweden,38,1514.767421,2026
Wales,37,1524.290508,2026
United Arab Emirates,68,1370.469434,2026
North Macedonia,67,1372.043897,2026
Honduras,66,1380.273797,2026
Bosnia and Herzegovina,65,1385.838723,2026
Albania,64,1388.058361,2026
Jordan,63,1391.4544,2026
Senegal,14,1688.988837,2026
Colombia,13,1693.089319,2026
England,4,1825.965482,2026
Argentina,3,1874.814835,2026
Spain,2,1876.395199,2026
France,1,1877.322731,2026
China PR,94,1251.597821,2026
Thailand,93,1252.138301,2026
South Africa,60,1429.728396,2026
Republic of Ireland,59,1436.630274,2026
Slovenia,58,1446.439067,2026
Iraq,57,1447.135319,2026
Romania,56,1451.161007,2026
Qatar,55,1454.958587,2026
Chile,54,1455.283124,2026
Peru,53,1455.872645,2026
Syria,84,1288.556135,2026
Haiti,83,1291.711814,2026
Curaçao,82,1294.652918,2026
Montenegro,81,1295.518644,2026
Guinea,80,1300.00536,2026
Oman,79,1313.464945,2026
Kazakhstan,110,1182.957166,2026
Comoros,109,1187.9109,2026
Bolivia,76,1329.415509,2026
Iceland,75,1345.068497,2026
Ghana,74,1346.311722,2026
Finland,73,1346.408799,2026
Georgia,72,1350.184155,2026
Jamaica,71,1357.996558,2026
Northern Ireland,70,1362.157683,2026
Cabo Verde,69,1366.125478,2026
El Salvador,100,1225.25876,2026
Vietnam,99,1225.67943,2026
Luxembourg,98,1227.765462,2026
Belarus,97,1235.820374,2026
Guatemala,96,1243.474984,2026
Palestine,95,1244.728802,2026
Cyprus,126,1128.334119,2026
Suriname,125,1132.425895,2026
Zambia,92,1255.821846,2026
Bahrain,91,1258.527492,2026
Benin,90,1258.980021,2026
Angola,89,1263.096811,2026
Uganda,88,1264.090591,2026
Gabon,87,1272.508139,2026
Bulgaria,86,1278.904375,2026
New Zealand,85,1281.566939,2026
The Gambia,116,1160.380685,2026
Mauritania,115,1170.719266,2026
Niger,114,1179.66151,2026
Tanzania,113,1180.267847,2026
Libya,112,1182.081264,2026
Kenya,111,1182.230045,2026
Burundi,142,1078.009468,2026
Turkmenistan,141,1078.652346,2026
Lebanon,108,1187.960362,2026
Kyrgyz Republic,107,1191.143092,2026
Armenia,106,1191.416122,2026
Equatorial Guinea,105,1195.197081,2026
Madagascar,104,1203.76261,2026
Tajikistan,103,1221.78095,2026
Trinidad and Tobago,102,1222.93812,2026
Mozambique,101,1224.311107,2026
Guinea-Bissau,132,1108.381553,2026
Nicaragua,131,1115.13142,2026
Zimbabwe,130,1118.123833,2026
Estonia,129,1121.103157,2026
Rwanda,128,1126.622275,2026
Malawi,127,1128.027858,2026
Myanmar,158,1011.876799,2026
Tahiti,157,1019.036032,2026
Azerbaijan,124,1136.6663,2026
Faroe Islands,123,1137.138273,2026
Indonesia,122,1144.884887,2026
Togo,121,1147.31212,2026
Namibia,120,1148.839695,2026
Sierra Leone,119,1148.976347,2026
Korea DPR,118,1151.052136,2026
Sudan,117,1157.223901,2026
Lithuania,148,1058.421622,2026
Singapore,147,1059.530429,2026
Botswana,146,1063.631368,2026
Lesotho,145,1067.132424,2026
Ethiopia,144,1071.546532,2026
Dominican Republic,143,1077.954075,2026
Chinese Taipei,174,923.782643,2026
Andorra,173,945.341934,2026
Liberia,140,1079.019513,2026
Central African Republic,139,1083.571601,2026
Malaysia,138,1086.218087,2026
Latvia,137,1090.569353,2026
India,136,1091.027887,2026
Philippines,135,1094.097577,2026
Kuwait,134,1105.100165,2026
Congo,133,1105.964661,2026
Cuba,164,981.423455,2026
Grenada,163,982.568936,2026
Antigua and Barbuda,162,986.584414,2026
Malta,161,987.730586,2026
Vanuatu,160,997.005704,2026
Moldova,159,1004.157429,2026
Samoa,190,876.407812,2026
Aruba,189,877.297071,2026
Puerto Rico,156,1026.105829,2026
"Hong Kong, China",155,1026.628751,2026
Fiji,154,1029.697455,2026
Solomon Islands,153,1031.894156,2026
St Kitts and Nevis,152,1036.334924,2026
New Caledonia,151,1036.952253,2026
Guyana,150,1049.320241,2026
Yemen,149,1049.491681,2026
Belize,180,907.001211,2026
Barbados,179,909.893208,2026
Mauritius,178,911.487501,2026
Cambodia,177,911.538277,2026
Nepal,176,914.541224,2026
Montserrat,175,916.75251,2026
Liechtenstein,206,803.570149,2026
Turks and Caicos Islands,205,803.980015,2026
Maldives,172,954.928349,2026
St Vincent and the Grenadines,171,968.269638,2026
South Sudan,170,970.944527,2026
Afghanistan,169,972.745782,2026
Papua New Guinea,168,974.9011,2026
St Lucia,167,976.708996,2026
Bermuda,166,976.869098,2026
Eswatini,165,979.013939,2026
São Tomé and Príncipe,196,855.438666,2026
Cayman Islands,195,855.449528,2026
Macau,194,858.03342,2026
Brunei Darussalam,193,863.09176,2026
American Samoa,192,871.612081,2026
Sri Lanka,191,871.820215,2026
Cook Islands,188,877.534995,2026
Mongolia,187,879.751523,2026
Bhutan,186,880.548088,2026
Laos,185,885.028891,2026
Eritrea,184,887.063341,2026
Chad,183,896.852819,2026
Dominica,182,897.686437,2026
Bangladesh,181,899.532777,2026
San Marino,211,726.330601,2026
US Virgin Islands,209,779.764266,2026
British Virgin Islands,208,782.137325,2026
Bahamas,207,786.816217,2026
Seychelles,204,804.161509,2026
Gibraltar,203,810.14071,2026
Pakistan,202,824.597998,2026
Guam,201,825.430997,2026
Timor-Leste,200,825.639984,2026
Tonga,199,835.64241,2026
Somalia,198,839.169697,2026
Djibouti,197,853.581786,2026
