team_id,team,year,avg_age,avg_market_value
3377,France,1992,28.0,
3377,France,1993,25.8,
3377,France,1994,27.3,
3377,France,1995,26.7,
3377,France,1996,26.0,
3377,France,1997,26.0,
3377,France,1998,27.7,
3377,France,1999,27.0,
3377,France,2000,27.2,
3377,France,2001,26.9,
3377,France,2002,26.9,
3377,France,2003,26.8,
3377,France,2004,27.8,€9.93m
3377,France,2005,27.3,€10.43m
3377,France,2006,27.3,€10.63m
3377,France,2007,26.4,€9.92m
3377,France,2008,27.9,€13.60m
3377,France,2009,25.9,€12.32m
3377,France,2010,,
3377,France,2011,25.8,€13.35m
3377,France,2012,27.9,€11.89m
3377,France,2013,26.0,€12.13m
3377,France,2014,26.2,€13.32m
3377,France,2015,26.1,€14.77m
3377,France,2016,27.4,€20.77m
3377,France,2017,25.1,€20.33m
3377,France,2018,27.3,€43.68m
3377,France,2019,25.7,€43.51m
3377,France,2020,26.1,€46.67m
3377,France,2021,26.6,€39.09m
3377,France,2022,27.6,€39.95m
3377,France,2023,25.1,€40.88m
3377,France,2024,26.3,€45.71m
3377,France,2025,26.1,€42.33m
3377,France,2026,27.0,€58.58m
3375,Spain,1992,27.1,
3375,Spain,1993,24.9,
3375,Spain,1994,27.5,
3375,Spain,1995,26.6,
3375,Spain,1996,27.9,
3375,Spain,1997,26.0,
3375,Spain,1998,27.3,
3375,Spain,1999,26.2,
3375,Spain,2000,27.3,
3375,Spain,2001,26.2,
3375,Spain,2002,27.5,
3375,Spain,2003,25.5,
3375,Spain,2004,27.4,€11.91m
3375,Spain,2005,26.0,€11.80m
3375,Spain,2006,25.7,€10.88m
3375,Spain,2007,26.0,€11.04m
3375,Spain,2008,25.5,€11.73m
3375,Spain,2009,25.7,€16.51m
3375,Spain,2010,27.7,€23.65m
3375,Spain,2011,26.0,€22.21m
3375,Spain,2012,25.9,€21.22m
3375,Spain,2013,26.4,€21.99m
3375,Spain,2014,27.6,€20.73m
3375,Spain,2015,25.9,€19.56m
3375,Spain,2016,27.5,€23.23m
3375,Spain,2017,27.0,€20.68m
3375,Spain,2018,27.8,€36.41m
3375,Spain,2019,26.4,€33.76m
3375,Spain,2020,25.4,€35.66m
3375,Spain,2021,24.9,€21.52m
3375,Spain,2022,25.5,€30.05m
3375,Spain,2023,26.5,€25.13m
3375,Spain,2024,25.9,€28.24m
3375,Spain,2025,26.0,€40.50m
3375,Spain,2026,26.8,€47.03m
3437,Argentina,1992,25.2,
3437,Argentina,1993,26.4,
3437,Argentina,1994,24.9,
3437,Argentina,1995,24.5,
3437,Argentina,1996,24.8,
3437,Argentina,1997,25.1,
3437,Argentina,1998,26.2,
3437,Argentina,1999,25.0,
3437,Argentina,2000,26.7,
3437,Argentina,2001,26.5,
3437,Argentina,2002,27.1,
3437,Argentina,2003,24.6,
3437,Argentina,2004,24.3,
3437,Argentina,2005,25.1,€4.73m
3437,Argentina,2006,25.8,€7.16m
3437,Argentina,2007,25.8,€6.04m
3437,Argentina,2008,27.2,€10.82m
3437,Argentina,2009,25.6,€7.03m
3437,Argentina,2010,25.9,€7.13m
3437,Argentina,2011,26.7,€7.25m
3437,Argentina,2012,27.8,€8.52m
3437,Argentina,2013,27.1,€11.42m
3437,Argentina,2014,27.0,€13.41m
3437,Argentina,2015,27.0,€14.61m
3437,Argentina,2016,27.8,€15.49m
3437,Argentina,2017,27.5,€13.09m
3437,Argentina,2018,26.6,€16.08m
3437,Argentina,2019,25.5,€17.96m
3437,Argentina,2020,26.1,€23.58m
3437,Argentina,2021,27.0,€22.92m
3437,Argentina,2022,27.0,€20.90m
3437,Argentina,2023,27.3,€23.98m
3437,Argentina,2024,26.7,€24.65m
3437,Argentina,2025,26.3,€21.03m
3437,Argentina,2026,29.1,€31.30m
3299,England,1992,27.6,
3299,England,1993,26.6,
3299,England,1994,27.2,
3299,England,1995,26.3,
3299,England,1996,28.1,
3299,England,1997,27.0,
3299,England,1998,28.3,
3299,England,1999,26.5,
3299,England,2000,27.2,
3299,England,2001,25.8,
3299,England,2002,27.3,
3299,England,2003,24.3,
3299,England,2004,26.6,€12.18m
3299,England,2005,24.6,€9.14m
3299,England,2006,24.8,€11.58m
3299,England,2007,27.3,€12.35m
3299,England,2008,27.1,€13.85m
3299,England,2009,26.8,€12.28m
3299,England,2010,28.1,€12.82m
3299,England,2011,25.8,€12.59m
3299,England,2012,26.3,€12.41m
3299,England,2013,25.6,€12.30m
3299,England,2014,27.0,€13.24m
3299,England,2015,25.0,€12.09m
3299,England,2016,26.9,€19.53m
3299,England,2017,24.8,€13.14m
3299,England,2018,25.1,€16.04m
3299,England,2019,24.4,€34.83m
3299,England,2020,25.3,€45.59m
3299,England,2021,24.7,€38.03m
3299,England,2022,27.2,€43.27m
3299,England,2023,26.3,€39.80m
3299,England,2024,26.9,€43.34m
3299,England,2025,25.6,€46.94m
3299,England,2026,27.2,€52.43m
3300,Portugal,1992,26.4,
3300,Portugal,1993,26.1,
3300,Portugal,1994,27.1,
3300,Portugal,1995,25.3,
3300,Portugal,1996,27.1,
3300,Portugal,1997,26.5,
3300,Portugal,1998,27.7,
3300,Portugal,1999,26.2,
3300,Portugal,2000,28.5,
3300,Portugal,2001,26.4,
3300,Portugal,2002,26.4,
3300,Portugal,2003,25.4,
3300,Portugal,2004,27.4,€9.68m
3300,Portugal,2005,26.1,€8.55m
3300,Portugal,2006,26.6,€8.32m
3300,Portugal,2007,26.0,€8.33m
3300,Portugal,2008,27.8,€9.59m
3300,Portugal,2009,26.8,€8.57m
3300,Portugal,2010,28.5,€11.11m
3300,Portugal,2011,26.8,€10.40m
3300,Portugal,2012,27.9,€10.26m
3300,Portugal,2013,26.2,€9.68m
3300,Portugal,2014,28.6,€8.92m
3300,Portugal,2015,26.5,€7.79m
3300,Portugal,2016,27.0,€10.89m
3300,Portugal,2017,26.2,€12.61m
3300,Portugal,2018,26.7,€14.15m
3300,Portugal,2019,26.4,€20.03m
3300,Portugal,2020,28.1,€28.64m
3300,Portugal,2021,26.7,€25.20m
3300,Portugal,2022,28.3,€31.57m
3300,Portugal,2023,26.3,€30.97m
3300,Portugal,2024,25.8,€28.16m
3300,Portugal,2025,25.8,€35.06m
3300,Portugal,2026,28.0,€38.67m
3439,Brazil,1992,26.0,
3439,Brazil,1993,26.1,
3439,Brazil,1994,26.6,
3439,Brazil,1995,24.1,
3439,Brazil,1996,23.4,
3439,Brazil,1997,25.8,
3439,Brazil,1998,26.1,
3439,Brazil,1999,24.4,
3439,Brazil,2000,25.7,
3439,Brazil,2001,25.9,
3439,Brazil,2002,26.4,
3439,Brazil,2003,24.0,
3439,Brazil,2004,25.3,
3439,Brazil,2005,26.8,€7.63m
3439,Brazil,2006,26.1,€10.31m
3439,Brazil,2007,25.3,€10.32m
3439,Brazil,2008,24.9,€11.93m
3439,Brazil,2009,26.1,€11.80m
3439,Brazil,2010,25.6,€11.40m
3439,Brazil,2011,24.8,€8.26m
3439,Brazil,2012,24.9,€9.02m
3439,Brazil,2013,26.2,€12.34m
3439,Brazil,2014,26.1,€13.04m
3439,Brazil,2015,26.1,€14.19m
3439,Brazil,2016,26.7,€16.39m
3439,Brazil,2017,27.5,€13.03m
3439,Brazil,2018,26.1,€18.90m
3439,Brazil,2019,25.5,€28.15m
3439,Brazil,2020,25.7,€40.50m
3439,Brazil,2021,26.8,€28.36m
3439,Brazil,2022,27.0,€30.58m
3439,Brazil,2023,24.7,€29.04m
3439,Brazil,2024,25.9,€29.11m
3439,Brazil,2025,26.3,€30.74m
3439,Brazil,2026,29.2,€35.51m
3379,Netherlands,1992,28.3,
3379,Netherlands,1993,26.6,
3379,Netherlands,1994,27.8,
3379,Netherlands,1995,26.2,
3379,Netherlands,1996,27.0,
3379,Netherlands,1997,25.9,
3379,Netherlands,1998,26.5,
3379,Netherlands,1999,27.3,
3379,Netherlands,2000,28.1,
3379,Netherlands,2001,26.1,
3379,Netherlands,2002,28.9,
3379,Netherlands,2003,27.7,
3379,Netherlands,2004,28.2,€6.91m
3379,Netherlands,2005,25.7,€5.95m
3379,Netherlands,2006,25.6,€6.40m
3379,Netherlands,2007,26.3,€7.02m
3379,Netherlands,2008,28.9,€9.23m
3379,Netherlands,2009,26.1,€8.76m
3379,Netherlands,2010,27.5,€8.45m
3379,Netherlands,2011,26.3,€9.07m
3379,Netherlands,2012,26.4,€8.02m
3379,Netherlands,2013,24.7,€7.00m
3379,Netherlands,2014,26.4,€8.82m
3379,Netherlands,2015,24.9,€7.05m
3379,Netherlands,2016,26.8,€9.93m
3379,Netherlands,2017,25.6,€8.92m
3379,Netherlands,2018,25.0,€9.33m
3379,Netherlands,2019,25.4,€20.44m
3379,Netherlands,2020,27.2,€20.06m
3379,Netherlands,2021,26.1,€19.78m
3379,Netherlands,2022,26.0,€17.75m
3379,Netherlands,2023,25.2,€17.85m
3379,Netherlands,2024,25.9,€25.50m
3379,Netherlands,2025,25.5,€28.30m
3379,Netherlands,2026,27.7,€30.93m
3575,Morocco,1992,24.7,
3575,Morocco,1993,25.9,
3575,Morocco,1994,25.7,
3575,Morocco,1995,25.7,
3575,Morocco,1996,25.1,
3575,Morocco,1997,25.9,
3575,Morocco,1998,26.3,
3575,Morocco,1999,26.0,
3575,Morocco,2000,27.1,
3575,Morocco,2001,26.2,
3575,Morocco,2002,26.1,
3575,Morocco,2003,25.0,
3575,Morocco,2004,26.3,€504k
3575,Morocco,2005,26.0,€869k
3575,Morocco,2006,28.4,€781k
3575,Morocco,2007,26.5,€1.08m
3575,Morocco,2008,27.3,€1.68m
3575,Morocco,2009,26.3,€1.53m
3575,Morocco,2010,26.9,€3.29m
3575,Morocco,2011,25.8,€1.80m
3575,Morocco,2012,25.6,€1.43m
3575,Morocco,2013,25.8,€1.85m
3575,Morocco,2014,26.3,€2.05m
3575,Morocco,2015,26.6,€2.22m
3575,Morocco,2016,26.1,€1.68m
3575,Morocco,2017,25.4,€2.13m
3575,Morocco,2018,26.1,€2.36m
3575,Morocco,2019,28.5,€4.25m
3575,Morocco,2020,26.1,€6.92m
3575,Morocco,2021,27.0,€3.60m
3575,Morocco,2022,26.4,€6.85m
3575,Morocco,2023,25.6,€7.85m
3575,Morocco,2024,25.8,€9.76m
3575,Morocco,2025,26.0,€6.20m
3575,Morocco,2026,26.4,€19.17m
3382,Belgium,1992,27.2,
3382,Belgium,1993,27.0,
3382,Belgium,1994,28.8,
3382,Belgium,1995,26.1,
3382,Belgium,1996,27.1,
3382,Belgium,1997,27.1,
3382,Belgium,1998,27.8,
3382,Belgium,1999,26.5,
3382,Belgium,2000,29.5,
3382,Belgium,2001,27.4,
3382,Belgium,2002,28.9,
3382,Belgium,2003,28.0,
3382,Belgium,2004,26.8,€2.87m
3382,Belgium,2005,26.1,€2.55m
3382,Belgium,2006,25.2,€2.77m
3382,Belgium,2007,26.1,€2.93m
3382,Belgium,2008,25.7,€4.25m
3382,Belgium,2009,24.3,€2.86m
3382,Belgium,2010,25.5,€6.09m
3382,Belgium,2011,24.4,€5.29m
3382,Belgium,2012,26.5,€11.52m
3382,Belgium,2013,25.0,€9.80m
3382,Belgium,2014,26.6,€11.90m
3382,Belgium,2015,25.0,€11.61m
3382,Belgium,2016,27.5,€17.28m
3382,Belgium,2017,26.2,€17.79m
3382,Belgium,2018,28.0,€25.05m
3382,Belgium,2019,26.3,€26.97m
3382,Belgium,2020,25.8,€22.86m
3382,Belgium,2021,26.9,€21.28m
3382,Belgium,2022,28.4,€14.54m
3382,Belgium,2023,25.1,€17.06m
3382,Belgium,2024,26.5,€15.72m
3382,Belgium,2025,26.1,€17.51m
3382,Belgium,2026,27.6,€21.06m
3262,Germany,1992,26.7,
3262,Germany,1993,27.2,
3262,Germany,1994,28.9,
3262,Germany,1995,26.3,
3262,Germany,1996,29.1,
3262,Germany,1997,28.0,
3262,Germany,1998,27.6,
3262,Germany,1999,27.0,
3262,Germany,2000,,
3262,Germany,2001,27.1,
3262,Germany,2002,28.3,
3262,Germany,2003,26.5,
3262,Germany,2004,25.9,
3262,Germany,2005,25.7,€5.85m
3262,Germany,2006,26.0,€5.98m
3262,Germany,2007,25.5,€7.39m
3262,Germany,2008,27.4,€9.04m
3262,Germany,2009,24.9,€8.51m
3262,Germany,2010,25.8,€11.78m
3262,Germany,2011,24.1,€11.52m
3262,Germany,2012,26.0,€18.94m
3262,Germany,2013,25.3,€15.64m
3262,Germany,2014,26.1,€18.09m
3262,Germany,2015,25.0,€20.53m
3262,Germany,2016,24.3,€19.29m
3262,Germany,2017,25.2,€19.53m
3262,Germany,2018,27.5,€37.20m
3262,Germany,2019,25.1,€34.47m
3262,Germany,2020,26.8,€29.15m
3262,Germany,2021,26.1,€30.93m
3262,Germany,2022,27.9,€26.49m
3262,Germany,2023,27.6,€23.93m
3262,Germany,2024,27.5,€23.54m
3262,Germany,2025,26.3,€25.32m
3262,Germany,2026,28.1,€36.42m
3556,Croatia,1992,23.9,
3556,Croatia,1993,25.6,
3556,Croatia,1994,27.1,
3556,Croatia,1995,26.3,
3556,Croatia,1996,27.7,
3556,Croatia,1997,27.2,
3556,Croatia,1998,28.0,
3556,Croatia,1999,25.9,
3556,Croatia,2000,28.2,
3556,Croatia,2001,26.4,
3556,Croatia,2002,28.1,
3556,Croatia,2003,26.2,
3556,Croatia,2004,27.8,€2.45m
3556,Croatia,2005,26.4,€3.01m
3556,Croatia,2006,26.4,€2.56m
3556,Croatia,2007,26.5,€2.66m
3556,Croatia,2008,28.3,€6.14m
3556,Croatia,2009,26.0,€4.68m
3556,Croatia,2010,27.1,€5.51m
3556,Croatia,2011,26.2,€6.03m
3556,Croatia,2012,27.5,€5.79m
3556,Croatia,2013,25.7,€4.64m
3556,Croatia,2014,26.5,€6.77m
3556,Croatia,2015,25.1,€6.65m
3556,Croatia,2016,,
3556,Croatia,2017,24.7,€6.37m
3556,Croatia,2018,27.7,€12.59m
3556,Croatia,2019,25.9,€12.94m
3556,Croatia,2020,27.8,€12.20m
3556,Croatia,2021,26.3,€10.73m
3556,Croatia,2022,26.8,€11.63m
3556,Croatia,2023,26.5,€12.64m
3556,Croatia,2024,27.2,€11.32m
3556,Croatia,2025,26.9,€10.88m
3556,Croatia,2026,28.3,€14.90m
3376,Italy,1992,27.4,
3376,Italy,1993,26.1,
3376,Italy,1994,28.5,
3376,Italy,1995,26.1,
3376,Italy,1996,28.0,
3376,Italy,1997,26.6,
3376,Italy,1998,28.0,
3376,Italy,1999,26.8,
3376,Italy,2000,28.0,
3376,Italy,2001,26.6,
3376,Italy,2002,28.5,
3376,Italy,2003,26.4,
3376,Italy,2004,28.7,€10.03m
3376,Italy,2005,26.9,€8.62m
3376,Italy,2006,27.6,€9.83m
3376,Italy,2007,27.2,€9.37m
3376,Italy,2008,27.9,€11.25m
3376,Italy,2009,26.9,€10.23m
3376,Italy,2010,28.4,€9.88m
3376,Italy,2011,26.6,€12.07m
3376,Italy,2012,25.7,€9.27m
3376,Italy,2013,26.9,€10.80m
3376,Italy,2014,28.3,€9.98m
3376,Italy,2015,27.6,€10.33m
3376,Italy,2016,27.9,€13.27m
3376,Italy,2017,27.3,€20.32m
3376,Italy,2018,27.2,€22.38m
3376,Italy,2019,26.8,€22.54m
3376,Italy,2020,26.1,€25.08m
3376,Italy,2021,26.5,€24.48m
3376,Italy,2022,26.0,€18.92m
3376,Italy,2023,26.8,€20.70m
3376,Italy,2024,25.2,€20.74m
3376,Italy,2025,27.3,€23.36m
3376,Italy,2026,21.0,€13.73m
3816,Colombia,1992,25.5,
3816,Colombia,1993,25.8,
3816,Colombia,1994,26.2,
3816,Colombia,1995,25.1,
3816,Colombia,1996,25.5,
3816,Colombia,1997,26.3,
3816,Colombia,1998,27.3,
3816,Colombia,1999,24.6,
3816,Colombia,2000,25.7,
3816,Colombia,2001,25.5,
3816,Colombia,2002,25.0,
3816,Colombia,2003,25.1,
3816,Colombia,2004,26.3,
3816,Colombia,2005,25.3,€710k
3816,Colombia,2006,24.7,€438k
3816,Colombia,2007,25.5,€799k
3816,Colombia,2008,27.2,€1.40m
3816,Colombia,2009,25.5,€1.40m
3816,Colombia,2010,25.9,€1.85m
3816,Colombia,2011,27.9,€4.11m
3816,Colombia,2012,28.1,€6.36m
3816,Colombia,2013,26.7,€5.18m
3816,Colombia,2014,26.8,€6.89m
3816,Colombia,2015,25.0,€7.01m
3816,Colombia,2016,26.0,€5.90m
3816,Colombia,2017,27.1,€5.07m
3816,Colombia,2018,26.1,€5.97m
3816,Colombia,2019,25.9,€8.22m
3816,Colombia,2020,26.5,€11.37m
3816,Colombia,2021,27.7,€7.48m
3816,Colombia,2022,27.0,€6.15m
3816,Colombia,2023,25.8,€5.64m
3816,Colombia,2024,27.3,€7.76m
3816,Colombia,2025,28.2,€9.55m
3816,Colombia,2026,30.1,€11.63m
3499,Senegal,1992,27.1,
3499,Senegal,1993,,
3499,Senegal,1994,25.8,
3499,Senegal,1995,,
3499,Senegal,1996,,
3499,Senegal,1997,,
3499,Senegal,1998,,
3499,Senegal,1999,23.6,
3499,Senegal,2000,26.0,
3499,Senegal,2001,23.8,
3499,Senegal,2002,25.8,
3499,Senegal,2003,24.2,
3499,Senegal,2004,26.5,€1.99m
3499,Senegal,2005,24.9,€2.21m
3499,Senegal,2006,26.7,€1.93m
3499,Senegal,2007,25.7,€2.43m
3499,Senegal,2008,26.5,€2.83m
3499,Senegal,2009,25.0,€2.23m
3499,Senegal,2010,24.5,€2.01m
3499,Senegal,2011,24.5,€2.16m
3499,Senegal,2012,25.7,€2.99m
3499,Senegal,2013,24.2,€2.28m
3499,Senegal,2014,24.2,€2.83m
3499,Senegal,2015,27.3,€4.89m
3499,Senegal,2016,24.6,€2.88m
3499,Senegal,2017,25.5,€5.59m
3499,Senegal,2018,25.7,€6.63m
3499,Senegal,2019,26.8,€10.55m
3499,Senegal,2020,25.1,€11.90m
3499,Senegal,2021,26.0,€9.70m
3499,Senegal,2022,26.2,€9.74m
3499,Senegal,2023,23.7,€4.58m
3499,Senegal,2024,25.4,€7.69m
3499,Senegal,2025,24.3,€5.81m
3499,Senegal,2026,27.1,€18.39m
6303,Mexico,1992,26.3,
6303,Mexico,1993,26.3,
6303,Mexico,1994,27.5,
6303,Mexico,1995,26.6,
6303,Mexico,1996,25.6,
6303,Mexico,1997,25.5,
6303,Mexico,1998,25.6,
6303,Mexico,1999,25.4,
6303,Mexico,2000,24.8,
6303,Mexico,2001,26.9,
6303,Mexico,2002,27.5,
6303,Mexico,2003,25.8,
6303,Mexico,2004,25.8,
6303,Mexico,2005,26.0,€269k
6303,Mexico,2006,26.5,€1.08m
6303,Mexico,2007,24.4,€1.05m
6303,Mexico,2008,25.6,€1.85m
6303,Mexico,2009,26.5,€2.42m
6303,Mexico,2010,26.2,€2.77m
6303,Mexico,2011,26.3,€2.40m
6303,Mexico,2012,26.0,€2.53m
6303,Mexico,2013,27.1,€2.39m
6303,Mexico,2014,26.5,€3.27m
6303,Mexico,2015,28.7,€3.46m
6303,Mexico,2016,26.8,€3.38m
6303,Mexico,2017,26.5,€3.73m
6303,Mexico,2018,26.5,€3.83m
6303,Mexico,2019,25.8,€4.80m
6303,Mexico,2020,25.6,€6.84m
6303,Mexico,2021,24.9,€4.63m
6303,Mexico,2022,26.0,€5.07m
6303,Mexico,2023,25.5,€4.59m
6303,Mexico,2024,24.9,€4.82m
6303,Mexico,2025,25.9,€6.28m
6303,Mexico,2026,27.9,€7.38m
3505,USA,1992,24.4,
3505,USA,1993,25.1,
3505,USA,1994,25.2,
3505,USA,1995,25.6,
3505,USA,1996,27.3,
3505,USA,1997,27.0,
3505,USA,1998,26.9,
3505,USA,1999,26.5,
3505,USA,2000,28.2,
3505,USA,2001,26.8,
3505,USA,2002,26.8,
3505,USA,2003,26.4,
3505,USA,2004,26.8,
3505,USA,2005,26.3,€537k
3505,USA,2006,26.7,€810k
3505,USA,2007,25.3,€751k
3505,USA,2008,25.5,€844k
3505,USA,2009,26.1,€1.14m
3505,USA,2010,25.8,€1.24m
3505,USA,2011,27.0,€1.83m
3505,USA,2012,26.3,€1.54m
3505,USA,2013,26.4,€1.78m
3505,USA,2014,26.1,€1.58m
3505,USA,2015,27.4,€1.60m
3505,USA,2016,25.7,€1.27m
3505,USA,2017,27.1,€1.63m
3505,USA,2018,23.7,€2.11m
3505,USA,2019,25.7,€4.19m
3505,USA,2020,22.1,€2.63m
3505,USA,2021,22.5,€4.30m
3505,USA,2022,24.2,€7.74m
3505,USA,2023,23.7,€6.09m
3505,USA,2024,24.1,€7.19m
3505,USA,2025,24.8,€7.54m
3505,USA,2026,26.9,€14.83m
3449,Uruguay,1992,25.3,
3449,Uruguay,1993,27.2,
3449,Uruguay,1994,22.4,
3449,Uruguay,1995,24.4,
3449,Uruguay,1996,24.8,
3449,Uruguay,1997,25.3,
3449,Uruguay,1998,23.4,
3449,Uruguay,1999,24.1,
3449,Uruguay,2000,24.2,
3449,Uruguay,2001,23.8,
3449,Uruguay,2002,24.4,
3449,Uruguay,2003,23.5,
3449,Uruguay,2004,27.0,€2.00m
3449,Uruguay,2005,27.4,€1.67m
3449,Uruguay,2006,23.8,€647k
3449,Uruguay,2007,24.8,€1.12m
3449,Uruguay,2008,26.0,€3.59m
3449,Uruguay,2009,25.4,€3.49m
3449,Uruguay,2010,25.8,€4.79m
3449,Uruguay,2011,28.1,€7.07m
3449,Uruguay,2012,27.4,€6.01m
3449,Uruguay,2013,27.4,€6.38m
3449,Uruguay,2014,26.5,€6.14m
3449,Uruguay,2015,26.1,€5.89m
3449,Uruguay,2016,27.0,€8.81m
3449,Uruguay,2017,26.9,€9.13m
3449,Uruguay,2018,26.1,€10.66m
3449,Uruguay,2019,25.8,€14.92m
3449,Uruguay,2020,26.8,€15.55m
3449,Uruguay,2021,26.2,€12.45m
3449,Uruguay,2022,27.2,€11.53m
3449,Uruguay,2023,24.7,€10.25m
3449,Uruguay,2024,24.2,€6.79m
3449,Uruguay,2025,24.6,€12.26m
3449,Uruguay,2026,28.8,€13.82m
3435,Japan,1992,25.8,
3435,Japan,1993,26.2,
3435,Japan,1994,24.9,
3435,Japan,1995,25.9,
3435,Japan,1996,25.3,
3435,Japan,1997,25.3,
3435,Japan,1998,25.2,
3435,Japan,1999,25.3,
3435,Japan,2000,24.3,
3435,Japan,2001,24.7,
3435,Japan,2002,25.8,
3435,Japan,2003,25.4,
3435,Japan,2004,26.0,
3435,Japan,2005,26.3,€979k
3435,Japan,2006,25.7,€841k
3435,Japan,2007,25.3,€691k
3435,Japan,2008,27.4,€2.07m
3435,Japan,2009,25.8,€722k
3435,Japan,2010,25.5,€1.95m
3435,Japan,2011,26.6,€2.61m
3435,Japan,2012,25.5,€2.06m
3435,Japan,2013,26.0,€2.56m
3435,Japan,2014,25.9,€2.61m
3435,Japan,2015,26.3,€2.24m
3435,Japan,2016,26.4,€2.36m
3435,Japan,2017,26.7,€1.99m
3435,Japan,2018,26.4,€1.87m
3435,Japan,2019,26.1,€2.06m
3435,Japan,2020,26.2,€3.90m
3435,Japan,2021,26.7,€2.97m
3435,Japan,2022,26.4,€2.82m
3435,Japan,2023,26.5,€8.36m
3435,Japan,2024,25.7,€7.88m
3435,Japan,2025,25.6,€5.48m
3435,Japan,2026,27.8,€10.42m
3384,Switzerland,1992,27.3,
3384,Switzerland,1993,26.4,
3384,Switzerland,1994,28.5,
3384,Switzerland,1995,26.3,
3384,Switzerland,1996,27.9,
3384,Switzerland,1997,25.7,
3384,Switzerland,1998,27.6,
3384,Switzerland,1999,28.4,
3384,Switzerland,2000,28.0,
3384,Switzerland,2001,27.1,
3384,Switzerland,2002,28.4,
3384,Switzerland,2003,26.5,
3384,Switzerland,2004,28.5,€2.06m
3384,Switzerland,2005,25.4,€2.05m
3384,Switzerland,2006,24.9,€2.32m
3384,Switzerland,2007,25.6,€2.51m
3384,Switzerland,2008,27.4,€3.07m
3384,Switzerland,2009,25.5,€3.40m
3384,Switzerland,2010,27.3,€3.49m
3384,Switzerland,2011,24.5,€3.35m
3384,Switzerland,2012,25.6,€4.84m
3384,Switzerland,2013,24.5,€4.69m
3384,Switzerland,2014,26.3,€5.95m
3384,Switzerland,2015,25.2,€6.24m
3384,Switzerland,2016,26.8,€6.10m
3384,Switzerland,2017,25.2,€5.72m
3384,Switzerland,2018,25.7,€5.60m
3384,Switzerland,2019,25.4,€9.40m
3384,Switzerland,2020,26.9,€8.64m
3384,Switzerland,2021,25.6,€8.11m
3384,Switzerland,2022,27.8,€8.77m
3384,Switzerland,2023,27.0,€7.44m
3384,Switzerland,2024,28.1,€8.27m
3384,Switzerland,2025,26.2,€8.40m
3384,Switzerland,2026,28.3,€12.79m
3436,Denmark,1992,26.2,
3436,Denmark,1993,26.1,
3436,Denmark,1994,26.9,
3436,Denmark,1995,26.7,
3436,Denmark,1996,28.7,
3436,Denmark,1997,27.0,
3436,Denmark,1998,29.3,
3436,Denmark,1999,27.4,
3436,Denmark,2000,29.2,
3436,Denmark,2001,26.9,
3436,Denmark,2002,29.0,
3436,Denmark,2003,26.8,
3436,Denmark,2004,28.4,€2.49m
3436,Denmark,2005,28.5,€2.89m
3436,Denmark,2006,28.0,€2.26m
3436,Denmark,2007,27.9,€2.26m
3436,Denmark,2008,28.0,€2.54m
3436,Denmark,2009,26.5,€2.54m
3436,Denmark,2010,28.0,€2.25m
3436,Denmark,2011,26.1,€2.56m
3436,Denmark,2012,27.6,€2.91m
3436,Denmark,2013,26.2,€2.41m
3436,Denmark,2014,26.6,€2.72m
3436,Denmark,2015,26.9,€3.59m
3436,Denmark,2016,26.8,€5.47m
3436,Denmark,2017,25.7,€4.39m
3436,Denmark,2018,27.4,€5.95m
3436,Denmark,2019,28.0,€8.75m
3436,Denmark,2020,27.6,€8.17m
3436,Denmark,2021,26.4,€7.99m
3436,Denmark,2022,27.9,€12.33m
3436,Denmark,2023,26.4,€11.51m
3436,Denmark,2024,26.2,€12.68m
3436,Denmark,2025,26.9,€13.95m
3436,Denmark,2026,26.3,€18.20m
3582,Iran,1992,26.0,
3582,Iran,1993,25.7,
3582,Iran,1994,26.4,
3582,Iran,1995,,
3582,Iran,1996,26.5,
3582,Iran,1997,25.7,
3582,Iran,1998,25.7,
3582,Iran,1999,25.7,
3582,Iran,2000,26.5,
3582,Iran,2001,24.5,
3582,Iran,2002,23.4,
3582,Iran,2003,24.3,
3582,Iran,2004,24.8,
3582,Iran,2005,25.4,€886k
3582,Iran,2006,26.0,€553k
3582,Iran,2007,25.8,€484k
3582,Iran,2008,27.7,€663k
3582,Iran,2009,25.8,€434k
3582,Iran,2010,26.9,€815k
3582,Iran,2011,27.0,€577k
3582,Iran,2012,27.6,€660k
3582,Iran,2013,26.9,€771k
3582,Iran,2014,26.9,€816k
3582,Iran,2015,25.9,€682k
3582,Iran,2016,27.7,€1.33m
3582,Iran,2017,25.9,€1.10m
3582,Iran,2018,26.0,€1.18m
3582,Iran,2019,27.8,€1.57m
3582,Iran,2020,26.3,€1.87m
3582,Iran,2021,26.8,€1.78m
3582,Iran,2022,26.6,€1.64m
3582,Iran,2023,29.4,€1.36m
3582,Iran,2024,27.3,€1.38m
3582,Iran,2025,27.7,€1.24m
3582,Iran,2026,30.4,€1.23m
3381,Turkiye,1992,26.5,
3381,Turkiye,1993,24.6,
3381,Turkiye,1994,26.7,
3381,Turkiye,1995,25.2,
3381,Turkiye,1996,27.1,
3381,Turkiye,1997,25.6,
3381,Turkiye,1998,26.3,
3381,Turkiye,1999,26.6,
3381,Turkiye,2000,26.9,
3381,Turkiye,2001,26.2,
3381,Turkiye,2002,26.5,
3381,Turkiye,2003,27.9,
3381,Turkiye,2004,27.4,€3.49m
3381,Turkiye,2005,27.8,€3.80m
3381,Turkiye,2006,25.1,€2.85m
3381,Turkiye,2007,25.9,€2.62m
3381,Turkiye,2008,26.2,€4.08m
3381,Turkiye,2009,25.7,€4.26m
3381,Turkiye,2010,26.9,€4.52m
3381,Turkiye,2011,27.1,€5.31m
3381,Turkiye,2012,26.1,€5.38m
3381,Turkiye,2013,24.7,€4.11m
3381,Turkiye,2014,27.3,€6.23m
3381,Turkiye,2015,25.2,€4.77m
3381,Turkiye,2016,27.0,€5.45m
3381,Turkiye,2017,26.1,€5.30m
3381,Turkiye,2018,27.1,€5.56m
3381,Turkiye,2019,24.8,€4.77m
3381,Turkiye,2020,26.5,€9.62m
3381,Turkiye,2021,26.9,€8.12m
3381,Turkiye,2022,26.4,€8.01m
3381,Turkiye,2023,25.3,€8.24m
3381,Turkiye,2024,26.7,€10.25m
3381,Turkiye,2025,25.7,€10.60m
3381,Turkiye,2026,27.7,€18.22m
5750,Ecuador,1992,23.0,
5750,Ecuador,1993,26.4,
5750,Ecuador,1994,25.0,
5750,Ecuador,1995,25.6,
5750,Ecuador,1996,25.8,
5750,Ecuador,1997,27.1,
5750,Ecuador,1998,25.6,
5750,Ecuador,1999,25.3,
5750,Ecuador,2000,25.9,
5750,Ecuador,2001,25.6,
5750,Ecuador,2002,26.7,
5750,Ecuador,2003,26.0,
5750,Ecuador,2004,27.5,€213k
5750,Ecuador,2005,25.3,€217k
5750,Ecuador,2006,25.5,€232k
5750,Ecuador,2007,25.8,€371k
5750,Ecuador,2008,27.3,€877k
5750,Ecuador,2009,27.3,€1.07m
5750,Ecuador,2010,26.6,€1.16m
5750,Ecuador,2011,27.4,€1.49m
5750,Ecuador,2012,27.8,€2.12m
5750,Ecuador,2013,25.8,€1.85m
5750,Ecuador,2014,25.6,€1.91m
5750,Ecuador,2015,27.1,€2.40m
5750,Ecuador,2016,27.3,€2.38m
5750,Ecuador,2017,26.4,€1.94m
5750,Ecuador,2018,25.2,€1.63m
5750,Ecuador,2019,25.0,€1.24m
5750,Ecuador,2020,25.3,€1.67m
5750,Ecuador,2021,25.3,€1.38m
5750,Ecuador,2022,24.7,€2.23m
5750,Ecuador,2023,25.1,€4.01m
5750,Ecuador,2024,24.9,€5.95m
5750,Ecuador,2025,24.6,€7.83m
5750,Ecuador,2026,26.1,€14.18m
3383,Austria,1992,26.9,
3383,Austria,1993,26.4,
3383,Austria,1994,28.3,
3383,Austria,1995,26.6,
3383,Austria,1996,29.2,
3383,Austria,1997,28.6,
3383,Austria,1998,30.4,
3383,Austria,1999,28.6,
3383,Austria,2000,29.2,
3383,Austria,2001,29.5,
3383,Austria,2002,27.5,
3383,Austria,2003,27.7,
3383,Austria,2004,28.3,€1.44m
3383,Austria,2005,26.1,€1.05m
3383,Austria,2006,25.0,€1.32m
3383,Austria,2007,25.1,€1.22m
3383,Austria,2008,27.1,€1.90m
3383,Austria,2009,24.4,€1.42m
3383,Austria,2010,26.1,€2.21m
3383,Austria,2011,25.1,€1.85m
3383,Austria,2012,26.3,€3.34m
3383,Austria,2013,25.0,€3.08m
3383,Austria,2014,27.3,€4.47m
3383,Austria,2015,25.7,€3.44m
3383,Austria,2016,27.9,€5.13m
3383,Austria,2017,25.2,€3.72m
3383,Austria,2018,27.0,€8.82m
3383,Austria,2019,26.4,€7.88m
3383,Austria,2020,28.0,€8.86m
3383,Austria,2021,27.9,€8.35m
3383,Austria,2022,27.9,€8.42m
3383,Austria,2023,26.0,€8.22m
3383,Austria,2024,27.9,€6.57m
3383,Austria,2025,27.1,€7.41m
3383,Austria,2026,28.6,€9.69m
3589,South Korea,1992,21.8,
3589,South Korea,1993,24.2,
3589,South Korea,1994,25.4,
3589,South Korea,1995,23.9,
3589,South Korea,1996,26.8,
3589,South Korea,1997,24.9,
3589,South Korea,1998,24.3,
3589,South Korea,1999,26.1,
3589,South Korea,2000,24.3,
3589,South Korea,2001,25.3,
3589,South Korea,2002,25.8,
3589,South Korea,2003,25.3,
3589,South Korea,2004,24.5,
3589,South Korea,2005,24.7,€397k
3589,South Korea,2006,24.6,€620k
3589,South Korea,2007,24.8,€923k
3589,South Korea,2008,27.1,€1.16m
3589,South Korea,2009,25.3,€677k
3589,South Korea,2010,24.9,€1.06m
3589,South Korea,2011,26.5,€1.53m
3589,South Korea,2012,26.2,€1.15m
3589,South Korea,2013,25.7,€1.31m
3589,South Korea,2014,25.8,€1.50m
3589,South Korea,2015,25.1,€1.21m
3589,South Korea,2016,26.2,€1.94m
3589,South Korea,2017,27.0,€1.51m
3589,South Korea,2018,26.3,€1.61m
3589,South Korea,2019,27.7,€2.83m
3589,South Korea,2020,25.9,€6.93m
3589,South Korea,2021,26.8,€3.53m
3589,South Korea,2022,26.0,€3.03m
3589,South Korea,2023,28.5,€4.64m
3589,South Korea,2024,26.9,€3.87m
3589,South Korea,2025,26.5,€3.67m
3589,South Korea,2026,28.1,€5.35m
3444,Nigeria,1992,24.4,
3444,Nigeria,1993,,
3444,Nigeria,1994,24.4,
3444,Nigeria,1995,25.3,
3444,Nigeria,1996,23.9,
3444,Nigeria,1997,24.4,
3444,Nigeria,1998,25.1,
3444,Nigeria,1999,22.2,
3444,Nigeria,2000,25.0,
3444,Nigeria,2001,23.5,
3444,Nigeria,2002,24.6,
3444,Nigeria,2003,22.6,
3444,Nigeria,2004,24.1,€1.70m
3444,Nigeria,2005,22.9,€1.77m
3444,Nigeria,2006,25.0,€3.77m
3444,Nigeria,2007,23.5,€2.25m
3444,Nigeria,2008,25.3,€3.71m
3444,Nigeria,2009,24.9,€4.04m
3444,Nigeria,2010,25.8,€2.46m
3444,Nigeria,2011,26.0,€2.78m
3444,Nigeria,2012,23.6,€2.14m
3444,Nigeria,2013,23.6,€1.88m
3444,Nigeria,2014,25.4,€1.66m
3444,Nigeria,2015,23.1,€1.33m
3444,Nigeria,2016,24.4,€2.40m
3444,Nigeria,2017,23.2,€2.92m
3444,Nigeria,2018,23.9,€2.28m
3444,Nigeria,2019,25.5,€5.80m
3444,Nigeria,2020,24.2,€6.25m
3444,Nigeria,2021,23.4,€4.25m
3444,Nigeria,2022,23.8,€5.17m
3444,Nigeria,2023,25.0,€9.47m
3444,Nigeria,2024,26.0,€11.01m
3444,Nigeria,2025,24.6,€6.07m
3444,Nigeria,2026,26.8,€7.81m
3433,Australia,1992,26.5,
3433,Australia,1993,26.9,
3433,Australia,1994,26.4,
3433,Australia,1995,25.0,
3433,Australia,1996,25.6,
3433,Australia,1997,27.6,
3433,Australia,1998,25.1,
3433,Australia,1999,,
3433,Australia,2000,25.5,
3433,Australia,2001,27.7,
3433,Australia,2002,28.4,
3433,Australia,2003,26.9,
3433,Australia,2004,26.3,
3433,Australia,2005,27.6,€2.51m
3433,Australia,2006,26.5,€1.23m
3433,Australia,2007,27.9,€1.94m
3433,Australia,2008,27.8,€1.78m
3433,Australia,2009,26.6,€1.22m
3433,Australia,2010,26.4,€1.52m
3433,Australia,2011,27.8,€1.24m
3433,Australia,2012,26.4,€1.22m
3433,Australia,2013,26.3,€756k
3433,Australia,2014,25.7,€928k
3433,Australia,2015,25.7,€847k
3433,Australia,2016,25.4,€1.19m
3433,Australia,2017,26.4,€1.07m
3433,Australia,2018,26.4,€1.28m
3433,Australia,2019,28.2,€1.23m
3433,Australia,2020,,
3433,Australia,2021,27.4,€1.40m
3433,Australia,2022,27.4,€1.19m
3433,Australia,2023,26.8,€1.44m
3433,Australia,2024,26.9,€1.17m
3433,Australia,2025,26.3,€1.06m
3433,Australia,2026,27.4,€2.98m
3614,Algeria,1992,25.4,
3614,Algeria,1993,22.9,
3614,Algeria,1994,24.3,
3614,Algeria,1995,25.5,
3614,Algeria,1996,25.5,
3614,Algeria,1997,25.9,
3614,Algeria,1998,25.5,
3614,Algeria,1999,,
3614,Algeria,2000,27.2,
3614,Algeria,2001,26.1,
3614,Algeria,2002,27.4,
3614,Algeria,2003,25.3,
3614,Algeria,2004,27.0,€348k
3614,Algeria,2005,25.8,€280k
3614,Algeria,2006,26.6,€482k
3614,Algeria,2007,25.4,€537k
3614,Algeria,2008,27.9,€1.19m
3614,Algeria,2009,27.4,€1.26m
3614,Algeria,2010,26.6,€1.34m
3614,Algeria,2011,27.6,€1.20m
3614,Algeria,2012,26.4,€949k
3614,Algeria,2013,26.0,€1.23m
3614,Algeria,2014,26.3,€2.39m
3614,Algeria,2015,27.3,€3.18m
3614,Algeria,2016,25.6,€3.80m
3614,Algeria,2017,27.1,€4.47m
3614,Algeria,2018,25.9,€2.66m
3614,Algeria,2019,27.7,€4.07m
3614,Algeria,2020,27.3,€7.33m
3614,Algeria,2021,26.6,€4.74m
3614,Algeria,2022,27.6,€4.86m
3614,Algeria,2023,26.5,€4.68m
3614,Algeria,2024,27.2,€5.58m
3614,Algeria,2025,26.6,€3.17m
3614,Algeria,2026,26.9,€9.88m
3672,Egypt,1992,25.7,
3672,Egypt,1993,25.4,
3672,Egypt,1994,26.8,
3672,Egypt,1995,24.9,
3672,Egypt,1996,25.5,
3672,Egypt,1997,25.2,
3672,Egypt,1998,24.4,
3672,Egypt,1999,25.5,
3672,Egypt,2000,26.4,
3672,Egypt,2001,25.1,
3672,Egypt,2002,26.2,
3672,Egypt,2003,25.8,
3672,Egypt,2004,27.0,€407k
3672,Egypt,2005,26.4,€486k
3672,Egypt,2006,27.7,€899k
3672,Egypt,2007,25.9,€750k
3672,Egypt,2008,26.2,€878k
3672,Egypt,2009,,
3672,Egypt,2010,28.5,€1.06m
3672,Egypt,2011,26.5,€743k
3672,Egypt,2012,26.5,€742k
3672,Egypt,2013,25.9,€657k
3672,Egypt,2014,27.4,€1.10m
3672,Egypt,2015,26.6,€1.45m
3672,Egypt,2016,26.8,€1.24m
3672,Egypt,2017,26.2,€1.35m
3672,Egypt,2018,26.6,€1.98m
3672,Egypt,2019,27.8,€3.29m
3672,Egypt,2020,27.1,€1.96m
3672,Egypt,2021,26.8,€3.11m
3672,Egypt,2022,27.2,€3.41m
3672,Egypt,2023,27.2,€3.30m
3672,Egypt,2024,27.9,€2.85m
3672,Egypt,2025,28.0,€2.93m
3672,Egypt,2026,29.1,€4.48m
3510,Canada,1992,25.9,
3510,Canada,1993,28.0,
3510,Canada,1994,26.7,
3510,Canada,1995,26.0,
3510,Canada,1996,28.4,
3510,Canada,1997,26.3,
3510,Canada,1998,22.2,
3510,Canada,1999,24.6,
3510,Canada,2000,25.1,
3510,Canada,2001,25.9,
3510,Canada,2002,25.5,
3510,Canada,2003,25.7,
3510,Canada,2004,26.0,
3510,Canada,2005,24.8,€303k
3510,Canada,2006,25.3,€499k
3510,Canada,2007,26.6,€798k
3510,Canada,2008,26.4,€663k
3510,Canada,2009,26.0,€841k
3510,Canada,2010,26.1,€612k
3510,Canada,2011,28.3,€781k
3510,Canada,2012,26.3,€710k
3510,Canada,2013,24.5,€403k
3510,Canada,2014,,
3510,Canada,2015,24.7,€369k
3510,Canada,2016,25.8,€493k
3510,Canada,2017,24.7,€441k
3510,Canada,2018,24.4,€611k
3510,Canada,2019,26.6,€2.49m
3510,Canada,2020,23.9,€548k
3510,Canada,2021,25.3,€4.05m
3510,Canada,2022,25.6,€4.69m
3510,Canada,2023,26.0,€4.86m
3510,Canada,2024,,
3510,Canada,2025,25.4,€5.42m
3510,Canada,2026,27.1,€7.87m
3440,Norway,1992,26.5,
3440,Norway,1993,25.4,
3440,Norway,1994,27.4,
3440,Norway,1995,25.4,
3440,Norway,1996,27.7,
3440,Norway,1997,26.7,
3440,Norway,1998,,
3440,Norway,1999,27.3,
3440,Norway,2000,29.0,
3440,Norway,2001,26.5,
3440,Norway,2002,29.3,
3440,Norway,2003,29.9,
3440,Norway,2004,29.2,€1.40m
3440,Norway,2005,28.6,€1.32m
3440,Norway,2006,26.9,€1.25m
3440,Norway,2007,29.2,€1.67m
3440,Norway,2008,28.1,€2.03m
3440,Norway,2009,27.4,€1.98m
3440,Norway,2010,28.5,€2.59m
3440,Norway,2011,26.9,€2.61m
3440,Norway,2012,26.6,€1.85m
3440,Norway,2013,25.7,€1.70m
3440,Norway,2014,26.4,€1.43m
3440,Norway,2015,26.1,€1.89m
3440,Norway,2016,26.1,€1.83m
3440,Norway,2017,24.9,€1.58m
3440,Norway,2018,27.0,€4.50m
3440,Norway,2019,27.4,€6.33m
3440,Norway,2020,26.7,€7.00m
3440,Norway,2021,25.7,€6.15m
3440,Norway,2022,27.1,€11.99m
3440,Norway,2023,24.9,€10.08m
3440,Norway,2024,26.4,€15.21m
3440,Norway,2025,25.2,€15.27m
3440,Norway,2026,26.8,€22.69m
3699,Ukraine,1992,25.3,
3699,Ukraine,1993,24.3,
3699,Ukraine,1994,26.3,
3699,Ukraine,1995,26.2,
3699,Ukraine,1996,25.3,
3699,Ukraine,1997,26.0,
3699,Ukraine,1998,26.6,
3699,Ukraine,1999,27.6,
3699,Ukraine,2000,27.1,
3699,Ukraine,2001,27.6,
3699,Ukraine,2002,27.6,
3699,Ukraine,2003,27.8,
3699,Ukraine,2004,27.4,€1.49m
3699,Ukraine,2005,26.3,€1.84m
3699,Ukraine,2006,26.1,€2.25m
3699,Ukraine,2007,27.8,€3.62m
3699,Ukraine,2008,27.4,€3.91m
3699,Ukraine,2009,27.4,€3.62m
3699,Ukraine,2010,26.8,€3.76m
3699,Ukraine,2011,25.9,€3.01m
3699,Ukraine,2012,28.8,€4.18m
3699,Ukraine,2013,28.1,€3.95m
3699,Ukraine,2014,28.0,€3.47m
3699,Ukraine,2015,26.2,€3.46m
3699,Ukraine,2016,27.8,€3.03m
3699,Ukraine,2017,26.5,€3.25m
3699,Ukraine,2018,26.5,€4.56m
3699,Ukraine,2019,27.6,€4.75m
3699,Ukraine,2020,27.6,€5.87m
3699,Ukraine,2021,27.2,€5.41m
3699,Ukraine,2022,27.1,€9.48m
3699,Ukraine,2023,26.2,€7.00m
3699,Ukraine,2024,27.6,€10.03m
3699,Ukraine,2025,27.9,€8.00m
3699,Ukraine,2026,26.6,€9.94m
3577,Panama,1992,26.1,
3577,Panama,1993,27.3,
3577,Panama,1994,,
3577,Panama,1995,24.8,
3577,Panama,1996,26.2,
3577,Panama,1997,25.3,
3577,Panama,1998,,
3577,Panama,1999,25.4,
3577,Panama,2000,25.4,
3577,Panama,2001,26.4,
3577,Panama,2002,,
3577,Panama,2003,24.0,
3577,Panama,2004,25.5,
3577,Panama,2005,24.4,€16k
3577,Panama,2006,24.7,
3577,Panama,2007,24.5,€12k
3577,Panama,2008,25.5,€63k
3577,Panama,2009,25.3,€105k
3577,Panama,2010,24.3,€111k
3577,Panama,2011,25.1,€207k
3577,Panama,2012,24.1,€171k
3577,Panama,2013,25.5,€229k
3577,Panama,2014,24.6,€159k
3577,Panama,2015,25.7,€174k
3577,Panama,2016,25.2,€124k
3577,Panama,2017,26.1,€238k
3577,Panama,2018,25.8,€238k
3577,Panama,2019,26.7,€281k
3577,Panama,2020,25.2,€187k
3577,Panama,2021,26.2,€319k
3577,Panama,2022,25.1,€288k
3577,Panama,2023,25.1,€362k
3577,Panama,2024,27.0,€645k
3577,Panama,2025,26.2,€739k
3577,Panama,2026,30.4,€1.33m
3591,Ivory Coast,1992,24.1,
3591,Ivory Coast,1993,,
3591,Ivory Coast,1994,24.3,
3591,Ivory Coast,1995,25.0,
3591,Ivory Coast,1996,25.3,
3591,Ivory Coast,1997,,
3591,Ivory Coast,1998,25.9,
3591,Ivory Coast,1999,,
3591,Ivory Coast,2000,25.9,
3591,Ivory Coast,2001,22.7,
3591,Ivory Coast,2002,25.5,
3591,Ivory Coast,2003,24.0,
3591,Ivory Coast,2004,25.9,€3.36m
3591,Ivory Coast,2005,24.6,€2.58m
3591,Ivory Coast,2006,26.9,€5.33m
3591,Ivory Coast,2007,24.7,€4.55m
3591,Ivory Coast,2008,24.9,€4.64m
3591,Ivory Coast,2009,25.4,€6.00m
3591,Ivory Coast,2010,26.2,€5.72m
3591,Ivory Coast,2011,26.9,€6.01m
3591,Ivory Coast,2012,27.1,€5.59m
3591,Ivory Coast,2013,26.7,€4.55m
3591,Ivory Coast,2014,24.6,€3.01m
3591,Ivory Coast,2015,25.4,€3.76m
3591,Ivory Coast,2016,24.5,€1.80m
3591,Ivory Coast,2017,25.2,€3.71m
3591,Ivory Coast,2018,25.2,€4.65m
3591,Ivory Coast,2019,27.6,€7.17m
3591,Ivory Coast,2020,25.6,€10.40m
3591,Ivory Coast,2021,26.4,€7.99m
3591,Ivory Coast,2022,25.8,€7.85m
3591,Ivory Coast,2023,25.4,€6.65m
3591,Ivory Coast,2024,25.9,€8.57m
3591,Ivory Coast,2025,25.8,€8.44m
3591,Ivory Coast,2026,25.9,€20.08m
3442,Poland,1992,26.2,
3442,Poland,1993,26.5,
3442,Poland,1994,26.5,
3442,Poland,1995,26.7,
3442,Poland,1996,26.8,
3442,Poland,1997,26.9,
3442,Poland,1998,27.4,
3442,Poland,1999,27.8,
3442,Poland,2000,28.1,
3442,Poland,2001,26.8,
3442,Poland,2002,27.9,
3442,Poland,2003,27.3,
3442,Poland,2004,27.4,€1.64m
3442,Poland,2005,27.0,€879k
3442,Poland,2006,26.1,€1.77m
3442,Poland,2007,26.5,€2.09m
3442,Poland,2008,26.5,€1.75m
3442,Poland,2009,27.1,€1.88m
3442,Poland,2010,26.1,€1.86m
3442,Poland,2011,25.2,€1.74m
3442,Poland,2012,26.3,€3.06m
3442,Poland,2013,27.2,€2.99m
3442,Poland,2014,27.4,€2.76m
3442,Poland,2015,26.1,€3.88m
3442,Poland,2016,28.0,€7.42m
3442,Poland,2017,26.7,€6.14m
3442,Poland,2018,27.9,€8.90m
3442,Poland,2019,28.2,€8.22m
3442,Poland,2020,27.7,€10.04m
3442,Poland,2021,25.4,€7.74m
3442,Poland,2022,27.7,€6.83m
3442,Poland,2023,26.0,€6.40m
3442,Poland,2024,27.7,€6.05m
3442,Poland,2025,27.8,€6.07m
3442,Poland,2026,26.3,€8.91m
3448,Russia,1992,25.6,
3448,Russia,1993,25.0,
3448,Russia,1994,26.7,
3448,Russia,1995,25.7,
3448,Russia,1996,26.8,
3448,Russia,1997,27.0,
3448,Russia,1998,27.4,
3448,Russia,1999,27.4,
3448,Russia,2000,28.2,
3448,Russia,2001,26.7,
3448,Russia,2002,28.0,
3448,Russia,2003,25.6,
3448,Russia,2004,27.3,€2.37m
3448,Russia,2005,27.0,€3.52m
3448,Russia,2006,27.2,€4.15m
3448,Russia,2007,24.0,€2.80m
3448,Russia,2008,26.5,€6.82m
3448,Russia,2009,27.6,€7.67m
3448,Russia,2010,27.8,€6.72m
3448,Russia,2011,26.3,€6.47m
3448,Russia,2012,28.3,€6.10m
3448,Russia,2013,26.4,€5.54m
3448,Russia,2014,27.9,€5.19m
3448,Russia,2015,26.4,€4.24m
3448,Russia,2016,27.6,€4.27m
3448,Russia,2017,27.3,€4.22m
3448,Russia,2018,29.4,€6.44m
3448,Russia,2019,28.6,€6.00m
3448,Russia,2020,28.7,€5.39m
3448,Russia,2021,28.2,€4.78m
3448,Russia,2022,26.0,€5.13m
3448,Russia,2023,26.6,€6.21m
3448,Russia,2024,26.4,€5.44m
3448,Russia,2025,27.1,€6.15m
3448,Russia,2026,26.4,€7.35m
3864,Wales,1992,26.9,
3864,Wales,1993,29.1,
3864,Wales,1994,28.3,
3864,Wales,1995,27.8,
3864,Wales,1996,28.2,
3864,Wales,1997,28.0,
3864,Wales,1998,26.6,
3864,Wales,1999,28.0,
3864,Wales,2000,28.1,
3864,Wales,2001,29.3,
3864,Wales,2002,28.6,
3864,Wales,2003,28.8,
3864,Wales,2004,29.5,€2.18m
3864,Wales,2005,26.1,€1.47m
3864,Wales,2006,25.9,€1.61m
3864,Wales,2007,26.3,€1.85m
3864,Wales,2008,24.7,€1.60m
3864,Wales,2009,25.2,€1.87m
3864,Wales,2010,25.3,€2.26m
3864,Wales,2011,26.5,€3.10m
3864,Wales,2012,26.2,€3.27m
3864,Wales,2013,26.2,€4.08m
3864,Wales,2014,26.5,€4.55m
3864,Wales,2015,24.9,€5.08m
3864,Wales,2016,27.4,€5.86m
3864,Wales,2017,27.0,€6.80m
3864,Wales,2018,26.1,€7.21m
3864,Wales,2019,26.0,€6.13m
3864,Wales,2020,25.9,€5.61m
3864,Wales,2021,24.9,€5.19m
3864,Wales,2022,26.6,€5.36m
3864,Wales,2023,26.8,€5.41m
3864,Wales,2024,27.4,€5.20m
3864,Wales,2025,27.5,€6.69m
3864,Wales,2026,26.5,€6.69m
3557,Sweden,1992,26.2,
3557,Sweden,1993,24.7,
3557,Sweden,1994,26.6,
3557,Sweden,1995,26.0,
3557,Sweden,1996,27.6,
3557,Sweden,1997,25.8,
3557,Sweden,1998,27.5,
3557,Sweden,1999,25.8,
3557,Sweden,2000,27.6,
3557,Sweden,2001,24.5,
3557,Sweden,2002,27.5,
3557,Sweden,2003,25.8,
3557,Sweden,2004,27.5,€2.43m
3557,Sweden,2005,26.0,€2.55m
3557,Sweden,2006,26.8,€3.02m
3557,Sweden,2007,26.7,€2.57m
3557,Sweden,2008,28.1,€3.36m
3557,Sweden,2009,26.6,€3.23m
3557,Sweden,2010,27.2,€3.26m
3557,Sweden,2011,25.4,€3.06m
3557,Sweden,2012,27.1,€3.19m
3557,Sweden,2013,27.9,€2.84m
3557,Sweden,2014,26.8,€2.47m
3557,Sweden,2015,26.0,€2.38m
3557,Sweden,2016,26.9,€3.02m
3557,Sweden,2017,25.1,€2.05m
3557,Sweden,2018,27.2,€3.68m
3557,Sweden,2019,26.1,€3.16m
3557,Sweden,2020,27.8,€4.84m
3557,Sweden,2021,30.0,€5.54m
3557,Sweden,2022,28.7,€6.44m
3557,Sweden,2023,25.8,€5.11m
3557,Sweden,2024,26.1,€9.79m
3557,Sweden,2025,25.7,€9.41m
3557,Sweden,2026,27.6,€15.62m
3438,Serbia,1992,,
3438,Serbia,1993,,
3438,Serbia,1994,,
3438,Serbia,1995,,
3438,Serbia,1996,,
3438,Serbia,1997,,
3438,Serbia,1998,,
3438,Serbia,1999,,
3438,Serbia,2000,,
3438,Serbia,2001,,
3438,Serbia,2002,,
3438,Serbia,2003,,
3438,Serbia,2004,,
3438,Serbia,2005,,
3438,Serbia,2006,25.2,€2.73m
3438,Serbia,2007,25.8,€4.26m
3438,Serbia,2008,25.6,€3.88m
3438,Serbia,2009,24.4,€4.60m
3438,Serbia,2010,26.6,€5.23m
3438,Serbia,2011,25.6,€4.97m
3438,Serbia,2012,25.6,€4.79m
3438,Serbia,2013,24.1,€4.35m
3438,Serbia,2014,26.9,€6.00m
3438,Serbia,2015,24.9,€5.63m
3438,Serbia,2016,25.8,€4.26m
3438,Serbia,2017,24.9,€3.89m
3438,Serbia,2018,27.8,€12.16m
3438,Serbia,2019,27.6,€8.90m
3438,Serbia,2020,27.2,€10.45m
3438,Serbia,2021,24.8,€6.04m
3438,Serbia,2022,27.4,€10.85m
3438,Serbia,2023,25.1,€7.64m
3438,Serbia,2024,26.9,€7.40m
3438,Serbia,2025,24.7,€6.90m
3438,Serbia,2026,22.9,€7.92m
3581,Paraguay,1992,,
3581,Paraguay,1993,27.0,
3581,Paraguay,1994,,
3581,Paraguay,1995,24.3,
3581,Paraguay,1996,25.4,
3581,Paraguay,1997,26.5,
3581,Paraguay,1998,25.9,
3581,Paraguay,1999,25.0,
3581,Paraguay,2000,26.3,
3581,Paraguay,2001,25.9,
3581,Paraguay,2002,26.6,
3581,Paraguay,2003,26.0,
3581,Paraguay,2004,26.7,€442k
3581,Paraguay,2005,25.7,€418k
3581,Paraguay,2006,26.2,€525k
3581,Paraguay,2007,25.9,€544k
3581,Paraguay,2008,27.2,€1.68m
3581,Paraguay,2009,25.2,€1.30m
3581,Paraguay,2010,25.8,€1.52m
3581,Paraguay,2011,27.0,€1.29m
3581,Paraguay,2012,27.5,€1.18m
3581,Paraguay,2013,26.1,€1.20m
3581,Paraguay,2014,25.6,€661k
3581,Paraguay,2015,26.8,€993k
3581,Paraguay,2016,27.5,€1.64m
3581,Paraguay,2017,27.0,€1.56m
3581,Paraguay,2018,26.3,€1.80m
3581,Paraguay,2019,25.3,€2.28m
3581,Paraguay,2020,26.8,€3.19m
3581,Paraguay,2021,27.0,€2.88m
3581,Paraguay,2022,26.4,€2.89m
3581,Paraguay,2023,27.1,€3.04m
3581,Paraguay,2024,26.7,€3.73m
3581,Paraguay,2025,26.9,€3.99m
3581,Paraguay,2026,29.0,€5.91m
3445,Czechia,1992,,
3445,Czechia,1993,,
3445,Czechia,1994,27.0,
3445,Czechia,1995,25.3,
3445,Czechia,1996,26.1,
3445,Czechia,1997,26.4,
3445,Czechia,1998,27.6,
3445,Czechia,1999,26.3,
3445,Czechia,2000,27.8,
3445,Czechia,2001,27.9,
3445,Czechia,2002,27.3,
3445,Czechia,2003,26.3,
3445,Czechia,2004,27.9,€5.25m
3445,Czechia,2005,27.0,€4.79m
3445,Czechia,2006,27.5,€3.99m
3445,Czechia,2007,27.2,€3.18m
3445,Czechia,2008,27.9,€4.03m
3445,Czechia,2009,26.8,€3.44m
3445,Czechia,2010,27.7,€3.26m
3445,Czechia,2011,26.5,€3.07m
3445,Czechia,2012,27.5,€3.26m
3445,Czechia,2013,26.1,€3.44m
3445,Czechia,2014,27.9,€2.26m
3445,Czechia,2015,26.7,€2.15m
3445,Czechia,2016,28.4,€2.35m
3445,Czechia,2017,25.4,€1.79m
3445,Czechia,2018,27.7,€4.02m
3445,Czechia,2019,27.0,€4.00m
3445,Czechia,2020,27.6,€3.53m
3445,Czechia,2021,28.5,€4.99m
3445,Czechia,2022,28.4,€3.82m
3445,Czechia,2023,26.5,€4.23m
3445,Czechia,2024,27.1,€5.31m
3445,Czechia,2025,26.4,€4.88m
3445,Czechia,2026,27.6,€7.24m
3468,Hungary,1992,26.5,
3468,Hungary,1993,25.5,
3468,Hungary,1994,27.5,
3468,Hungary,1995,25.9,
3468,Hungary,1996,26.6,
3468,Hungary,1997,25.9,
3468,Hungary,1998,25.8,
3468,Hungary,1999,24.8,
3468,Hungary,2000,27.2,
3468,Hungary,2001,25.9,
3468,Hungary,2002,27.7,
3468,Hungary,2003,28.0,
3468,Hungary,2004,27.5,€449k
3468,Hungary,2005,25.3,€269k
3468,Hungary,2006,24.7,€590k
3468,Hungary,2007,24.6,€895k
3468,Hungary,2008,26.3,€1.50m
3468,Hungary,2009,26.5,€1.39m
3468,Hungary,2010,27.2,€1.71m
3468,Hungary,2011,26.3,€1.36m
3468,Hungary,2012,27.7,€1.39m
3468,Hungary,2013,25.9,€1.26m
3468,Hungary,2014,27.4,€1.06m
3468,Hungary,2015,26.7,€1.08m
3468,Hungary,2016,27.4,€1.07m
3468,Hungary,2017,25.7,€761k
3468,Hungary,2018,27.8,€1.85m
3468,Hungary,2019,27.8,€1.92m
3468,Hungary,2020,28.2,€3.06m
3468,Hungary,2021,26.7,€2.07m
3468,Hungary,2022,27.3,€4.13m
3468,Hungary,2023,26.0,€3.53m
3468,Hungary,2024,27.6,€4.75m
3468,Hungary,2025,26.8,€4.71m
3468,Hungary,2026,25.7,€7.21m
3380,Scotland,1992,28.5,
3380,Scotland,1993,27.1,
3380,Scotland,1994,29.2,
3380,Scotland,1995,28.1,
3380,Scotland,1996,30.4,
3380,Scotland,1997,28.9,
3380,Scotland,1998,30.2,
3380,Scotland,1999,29.6,
3380,Scotland,2000,29.3,
3380,Scotland,2001,27.9,
3380,Scotland,2002,26.9,
3380,Scotland,2003,27.1,
3380,Scotland,2004,26.7,€1.37m
3380,Scotland,2005,25.9,€1.37m
3380,Scotland,2006,26.1,€1.61m
3380,Scotland,2007,28.1,€3.21m
3380,Scotland,2008,27.6,€3.34m
3380,Scotland,2009,26.7,€2.62m
3380,Scotland,2010,27.3,€3.12m
3380,Scotland,2011,25.5,€2.54m
3380,Scotland,2012,27.4,€2.78m
3380,Scotland,2013,26.5,€2.74m
3380,Scotland,2014,28.3,€2.41m
3380,Scotland,2015,27.7,€2.54m
3380,Scotland,2016,28.5,€2.90m
3380,Scotland,2017,27.0,€2.85m
3380,Scotland,2018,27.6,€5.05m
3380,Scotland,2019,27.3,€5.18m
3380,Scotland,2020,28.3,€7.69m
3380,Scotland,2021,28.1,€7.78m
3380,Scotland,2022,27.7,€7.54m
3380,Scotland,2023,26.3,€9.06m
3380,Scotland,2024,28.6,€6.20m
3380,Scotland,2025,26.5,€6.80m
3380,Scotland,2026,29.2,€6.55m
3670,Tunisia,1992,25.3,
3670,Tunisia,1993,25.5,
3670,Tunisia,1994,26.5,
3670,Tunisia,1995,24.5,
3670,Tunisia,1996,24.1,
3670,Tunisia,1997,25.8,
3670,Tunisia,1998,26.2,
3670,Tunisia,1999,25.2,
3670,Tunisia,2000,27.4,
3670,Tunisia,2001,26.6,
3670,Tunisia,2002,25.8,
3670,Tunisia,2003,25.4,
3670,Tunisia,2004,25.3,
3670,Tunisia,2005,25.7,€943k
3670,Tunisia,2006,26.7,€855k
3670,Tunisia,2007,25.3,€716k
3670,Tunisia,2008,26.0,€947k
3670,Tunisia,2009,24.6,€729k
3670,Tunisia,2010,24.8,€919k
3670,Tunisia,2011,24.8,€935k
3670,Tunisia,2012,25.2,€1.04m
3670,Tunisia,2013,25.5,€973k
3670,Tunisia,2014,25.7,€1.13m
3670,Tunisia,2015,25.6,€926k
3670,Tunisia,2016,25.8,€1.06m
3670,Tunisia,2017,26.1,€1.09m
3670,Tunisia,2018,25.6,€905k
3670,Tunisia,2019,26.5,€1.06m
3670,Tunisia,2020,25.2,€2.22m
3670,Tunisia,2021,26.3,€1.20m
3670,Tunisia,2022,26.5,€1.65m
3670,Tunisia,2023,25.7,€1.53m
3670,Tunisia,2024,26.7,€1.57m
3670,Tunisia,2025,27.3,€1.66m
3670,Tunisia,2026,26.7,€2.69m
3434,Cameroon,1992,26.7,
3434,Cameroon,1993,21.0,
3434,Cameroon,1994,26.6,
3434,Cameroon,1995,,
3434,Cameroon,1996,22.2,
3434,Cameroon,1997,21.9,
3434,Cameroon,1998,23.4,
3434,Cameroon,1999,,
3434,Cameroon,2000,22.7,
3434,Cameroon,2001,24.0,
3434,Cameroon,2002,23.9,
3434,Cameroon,2003,24.1,
3434,Cameroon,2004,25.8,€2.59m
3434,Cameroon,2005,24.7,€2.74m
3434,Cameroon,2006,26.8,€3.59m
3434,Cameroon,2007,25.7,€3.10m
3434,Cameroon,2008,27.3,€4.15m
3434,Cameroon,2009,26.1,€4.01m
3434,Cameroon,2010,25.1,€3.79m
3434,Cameroon,2011,25.9,€4.71m
3434,Cameroon,2012,23.8,€2.03m
3434,Cameroon,2013,25.2,€3.46m
3434,Cameroon,2014,24.7,€3.38m
3434,Cameroon,2015,23.9,€2.28m
3434,Cameroon,2016,24.4,€1.38m
3434,Cameroon,2017,24.4,€1.32m
3434,Cameroon,2018,24.7,€1.27m
3434,Cameroon,2019,26.6,€3.56m
3434,Cameroon,2020,23.9,€4.54m
3434,Cameroon,2021,25.3,€2.17m
3434,Cameroon,2022,24.9,€2.66m
3434,Cameroon,2023,24.9,€2.53m
3434,Cameroon,2024,25.8,€4.76m
3434,Cameroon,2025,25.4,€5.08m
3434,Cameroon,2026,23.7,€8.28m
3854,DR Congo,1992,,
3854,DR Congo,1993,,
3854,DR Congo,1994,,
3854,DR Congo,1995,,
3854,DR Congo,1996,,
3854,DR Congo,1997,,
3854,DR Congo,1998,22.9,
3854,DR Congo,1999,,
3854,DR Congo,2000,24.6,
3854,DR Congo,2001,22.4,
3854,DR Congo,2002,25.1,
3854,DR Congo,2003,22.8,
3854,DR Congo,2004,24.4,€313k
3854,DR Congo,2005,23.9,€688k
3854,DR Congo,2006,,
3854,DR Congo,2007,,
3854,DR Congo,2008,23.8,€913k
3854,DR Congo,2009,24.1,€801k
3854,DR Congo,2010,24.7,€602k
3854,DR Congo,2011,,
3854,DR Congo,2012,24.2,€495k
3854,DR Congo,2013,24.8,€757k
3854,DR Congo,2014,24.4,€679k
3854,DR Congo,2015,24.7,€978k
3854,DR Congo,2016,24.3,€1.21m
3854,DR Congo,2017,26.8,€2.34m
3854,DR Congo,2018,25.7,€2.32m
3854,DR Congo,2019,26.1,€1.31m
3854,DR Congo,2020,25.7,€1.85m
3854,DR Congo,2021,28.3,€1.26m
3854,DR Congo,2022,27.1,€2.16m
3854,DR Congo,2023,26.5,€1.88m
3854,DR Congo,2024,26.4,€3.35m
3854,DR Congo,2025,25.8,€2.96m
3854,DR Congo,2026,29.1,€5.53m
3378,Greece,1992,26.9,
3378,Greece,1993,27.2,
3378,Greece,1994,28.4,
3378,Greece,1995,25.8,
3378,Greece,1996,26.8,
3378,Greece,1997,26.2,
3378,Greece,1998,27.8,
3378,Greece,1999,25.5,
3378,Greece,2000,27.5,
3378,Greece,2001,26.6,
3378,Greece,2002,28.3,
3378,Greece,2003,26.6,
3378,Greece,2004,28.1,
3378,Greece,2005,27.5,€2.95m
3378,Greece,2006,27.3,€2.90m
3378,Greece,2007,28.5,€3.13m
3378,Greece,2008,28.3,€3.22m
3378,Greece,2009,26.8,€3.43m
3378,Greece,2010,27.7,€2.91m
3378,Greece,2011,26.6,€2.68m
3378,Greece,2012,27.4,€2.75m
3378,Greece,2013,26.3,€2.58m
3378,Greece,2014,27.7,€3.08m
3378,Greece,2015,25.7,€2.84m
3378,Greece,2016,27.7,€4.02m
3378,Greece,2017,27.2,€4.37m
3378,Greece,2018,27.0,€4.19m
3378,Greece,2019,25.6,€3.64m
3378,Greece,2020,27.1,€3.58m
3378,Greece,2021,25.7,€2.68m
3378,Greece,2022,27.4,€4.63m
3378,Greece,2023,28.6,€5.01m
3378,Greece,2024,28.4,€6.59m
3378,Greece,2025,25.8,€6.60m
3378,Greece,2026,26.4,€10.72m
3503,Slovakia,1992,,
3503,Slovakia,1993,,
3503,Slovakia,1994,27.9,
3503,Slovakia,1995,27.0,
3503,Slovakia,1996,27.2,
3503,Slovakia,1997,27.4,
3503,Slovakia,1998,27.6,
3503,Slovakia,1999,27.0,
3503,Slovakia,2000,26.6,
3503,Slovakia,2001,27.5,
3503,Slovakia,2002,27.2,
3503,Slovakia,2003,27.7,
3503,Slovakia,2004,26.5,€718k
3503,Slovakia,2005,27.9,€1.24m
3503,Slovakia,2006,26.6,€1.16m
3503,Slovakia,2007,27.0,€1.81m
3503,Slovakia,2008,27.1,€2.13m
3503,Slovakia,2009,26.5,€1.76m
3503,Slovakia,2010,27.8,€2.94m
3503,Slovakia,2011,27.9,€2.90m
3503,Slovakia,2012,28.5,€3.23m
3503,Slovakia,2013,28.0,€2.44m
3503,Slovakia,2014,28.8,€2.51m
3503,Slovakia,2015,28.3,€3.32m
3503,Slovakia,2016,28.8,€2.52m
3503,Slovakia,2017,27.0,€2.81m
3503,Slovakia,2018,27.6,€5.11m
3503,Slovakia,2019,27.5,€3.62m
3503,Slovakia,2020,28.0,€3.58m
3503,Slovakia,2021,27.2,€3.81m
3503,Slovakia,2022,27.6,€3.69m
3503,Slovakia,2023,27.2,€4.67m
3503,Slovakia,2024,28.0,€3.87m
3503,Slovakia,2025,28.3,€3.64m
3503,Slovakia,2026,26.9,€2.30m
3504,Venezuela,1992,,
3504,Venezuela,1993,24.4,
3504,Venezuela,1994,25.1,
3504,Venezuela,1995,25.1,
3504,Venezuela,1996,24.0,
3504,Venezuela,1997,24.8,
3504,Venezuela,1998,,
3504,Venezuela,1999,23.7,
3504,Venezuela,2000,25.0,
3504,Venezuela,2001,25.6,
3504,Venezuela,2002,27.3,
3504,Venezuela,2003,26.1,
3504,Venezuela,2004,27.8,€86k
3504,Venezuela,2005,27.8,€118k
3504,Venezuela,2006,24.9,€57k
3504,Venezuela,2007,26.4,€71k
3504,Venezuela,2008,26.5,€401k
3504,Venezuela,2009,25.7,€541k
3504,Venezuela,2010,24.2,€405k
3504,Venezuela,2011,25.7,€723k
3504,Venezuela,2012,26.4,€875k
3504,Venezuela,2013,26.5,€1.19m
3504,Venezuela,2014,25.8,€959k
3504,Venezuela,2015,25.8,€996k
3504,Venezuela,2016,24.8,€741k
3504,Venezuela,2017,24.9,€1.46m
3504,Venezuela,2018,24.4,€1.70m
3504,Venezuela,2019,24.8,€1.83m
3504,Venezuela,2020,25.1,€2.28m
3504,Venezuela,2021,26.0,€1.98m
3504,Venezuela,2022,27.2,€1.25m
3504,Venezuela,2023,26.4,€1.46m
3504,Venezuela,2024,27.0,€1.63m
3504,Venezuela,2025,27.8,€1.62m
3504,Venezuela,2026,25.6,€2.92m
3563,Uzbekistan,1992,24.8,
3563,Uzbekistan,1993,,
3563,Uzbekistan,1994,25.9,
3563,Uzbekistan,1995,25.3,
3563,Uzbekistan,1996,25.6,
3563,Uzbekistan,1997,24.4,
3563,Uzbekistan,1998,24.9,
3563,Uzbekistan,1999,24.5,
3563,Uzbekistan,2000,26.1,
3563,Uzbekistan,2001,24.9,
3563,Uzbekistan,2002,22.2,
3563,Uzbekistan,2003,24.8,
3563,Uzbekistan,2004,25.1,
3563,Uzbekistan,2005,28.1,€221k
3563,Uzbekistan,2006,25.3,€134k
3563,Uzbekistan,2007,26.8,€150k
3563,Uzbekistan,2008,26.7,€442k
3563,Uzbekistan,2009,24.8,€156k
3563,Uzbekistan,2010,25.5,€376k
3563,Uzbekistan,2011,26.6,€461k
3563,Uzbekistan,2012,26.5,€408k
3563,Uzbekistan,2013,25.8,€461k
3563,Uzbekistan,2014,25.4,€398k
3563,Uzbekistan,2015,26.1,€477k
3563,Uzbekistan,2016,27.9,€735k
3563,Uzbekistan,2017,26.0,€679k
3563,Uzbekistan,2018,25.3,€616k
3563,Uzbekistan,2019,27.6,€692k
3563,Uzbekistan,2020,24.8,€715k
3563,Uzbekistan,2021,27.0,€781k
3563,Uzbekistan,2022,24.6,€1.03m
3563,Uzbekistan,2023,26.7,€1.19m
3563,Uzbekistan,2024,26.2,€1.05m
3563,Uzbekistan,2025,26.5,€1.33m
3563,Uzbekistan,2026,28.5,€3.28m
8497,Costa Rica,1992,25.0,
8497,Costa Rica,1993,24.3,
8497,Costa Rica,1994,26.2,
8497,Costa Rica,1995,24.3,
8497,Costa Rica,1996,25.6,
8497,Costa Rica,1997,25.7,
8497,Costa Rica,1998,25.2,
8497,Costa Rica,1999,25.4,
8497,Costa Rica,2000,26.8,
8497,Costa Rica,2001,25.5,
8497,Costa Rica,2002,26.3,
8497,Costa Rica,2003,25.6,
8497,Costa Rica,2004,26.6,
8497,Costa Rica,2005,26.0,€172k
8497,Costa Rica,2006,26.3,€306k
8497,Costa Rica,2007,27.0,€243k
8497,Costa Rica,2008,27.8,€370k
8497,Costa Rica,2009,28.4,€494k
8497,Costa Rica,2010,23.9,€321k
8497,Costa Rica,2011,26.1,€568k
8497,Costa Rica,2012,25.9,€558k
8497,Costa Rica,2013,26.1,€701k
8497,Costa Rica,2014,26.1,€788k
8497,Costa Rica,2015,26.3,€960k
8497,Costa Rica,2016,27.8,€1.16m
8497,Costa Rica,2017,27.2,€1.41m
8497,Costa Rica,2018,26.6,€1.11m
8497,Costa Rica,2019,28.0,€511k
8497,Costa Rica,2020,27.0,€589k
8497,Costa Rica,2021,26.3,€573k
8497,Costa Rica,2022,26.3,€609k
8497,Costa Rica,2023,25.3,€612k
8497,Costa Rica,2024,25.4,€590k
8497,Costa Rica,2025,25.8,€889k
8497,Costa Rica,2026,24.8,€1.31m
3674,Mali,1992,,
3674,Mali,1993,,
3674,Mali,1994,22.7,
3674,Mali,1995,23.6,
3674,Mali,1996,,
3674,Mali,1997,,
3674,Mali,1998,,
3674,Mali,1999,,
3674,Mali,2000,24.0,
3674,Mali,2001,22.7,
3674,Mali,2002,24.7,
3674,Mali,2003,23.0,
3674,Mali,2004,25.0,€896k
3674,Mali,2005,23.8,€1.04m
3674,Mali,2006,,
3674,Mali,2007,24.7,€2.07m
3674,Mali,2008,26.5,€2.84m
3674,Mali,2009,24.6,€2.38m
3674,Mali,2010,25.1,€2.83m
3674,Mali,2011,24.7,€1.90m
3674,Mali,2012,24.7,€1.45m
3674,Mali,2013,24.7,€1.11m
3674,Mali,2014,24.1,€564k
3674,Mali,2015,25.5,€886k
3674,Mali,2016,23.7,€718k
3674,Mali,2017,25.6,€2.52m
3674,Mali,2018,23.7,€1.28m
3674,Mali,2019,25.9,€2.95m
3674,Mali,2020,24.2,€3.68m
3674,Mali,2021,25.0,€1.94m
3674,Mali,2022,25.1,€4.67m
3674,Mali,2023,25.7,€3.54m
3674,Mali,2024,25.0,€3.59m
3674,Mali,2025,24.9,€3.80m
3674,Mali,2026,25.6,€4.48m
3584,Peru,1992,,
3584,Peru,1993,25.7,
3584,Peru,1994,22.9,
3584,Peru,1995,24.9,
3584,Peru,1996,25.2,
3584,Peru,1997,25.2,
3584,Peru,1998,23.9,
3584,Peru,1999,24.6,
3584,Peru,2000,26.3,
3584,Peru,2001,26.2,
3584,Peru,2002,,
3584,Peru,2003,25.2,
3584,Peru,2004,27.7,€817k
3584,Peru,2005,27.4,€665k
3584,Peru,2006,25.5,€491k
3584,Peru,2007,26.6,€659k
3584,Peru,2008,27.4,€833k
3584,Peru,2009,26.9,€1.30m
3584,Peru,2010,25.4,€989k
3584,Peru,2011,27.3,€1.38m
3584,Peru,2012,28.0,€913k
3584,Peru,2013,26.9,€1.04m
3584,Peru,2014,24.0,€785k
3584,Peru,2015,26.3,€1.35m
3584,Peru,2016,26.2,€1.10m
3584,Peru,2017,26.1,€1.14m
3584,Peru,2018,25.5,€1.09m
3584,Peru,2019,26.5,€1.42m
3584,Peru,2020,27.3,€2.03m
3584,Peru,2021,29.6,€1.92m
3584,Peru,2022,28.8,€1.22m
3584,Peru,2023,28.3,€1.49m
3584,Peru,2024,28.3,€1.17m
3584,Peru,2025,27.7,€823k
3584,Peru,2026,27.1,€1.25m
3700,Chile,1992,,
3700,Chile,1993,25.2,
3700,Chile,1994,25.5,
3700,Chile,1995,24.9,
3700,Chile,1996,26.9,
3700,Chile,1997,26.5,
3700,Chile,1998,25.5,
3700,Chile,1999,25.1,
3700,Chile,2000,25.6,
3700,Chile,2001,25.9,
3700,Chile,2002,,
3700,Chile,2003,24.7,
3700,Chile,2004,27.0,€895k
3700,Chile,2005,27.2,€945k
3700,Chile,2006,23.7,€405k
3700,Chile,2007,24.0,€574k
3700,Chile,2008,24.2,€1.65m
3700,Chile,2009,24.0,€1.41m
3700,Chile,2010,23.5,€1.61m
3700,Chile,2011,25.8,€2.20m
3700,Chile,2012,26.6,€2.53m
3700,Chile,2013,26.2,€3.15m
3700,Chile,2014,27.0,€3.23m
3700,Chile,2015,26.7,€3.34m
3700,Chile,2016,26.7,€4.31m
3700,Chile,2017,26.6,€4.26m
3700,Chile,2018,25.9,€3.55m
3700,Chile,2019,26.9,€3.12m
3700,Chile,2020,27.3,€3.72m
3700,Chile,2021,25.8,€2.10m
3700,Chile,2022,28.4,€2.48m
3700,Chile,2023,26.6,€2.31m
3700,Chile,2024,27.7,€2.39m
3700,Chile,2025,28.3,€1.96m
3700,Chile,2026,25.9,€2.62m
14162,Qatar,1992,21.5,
14162,Qatar,1993,21.2,
14162,Qatar,1994,22.6,
14162,Qatar,1995,,
14162,Qatar,1996,24.2,
14162,Qatar,1997,25.0,
14162,Qatar,1998,23.6,
14162,Qatar,1999,,
14162,Qatar,2000,24.9,
14162,Qatar,2001,,
14162,Qatar,2002,23.5,
14162,Qatar,2003,23.1,
14162,Qatar,2004,23.0,
14162,Qatar,2005,23.4,€4k
14162,Qatar,2006,22.3,€3k
14162,Qatar,2007,23.5,€3k
14162,Qatar,2008,23.9,€125k
14162,Qatar,2009,23.8,€40k
14162,Qatar,2010,25.6,€118k
14162,Qatar,2011,26.9,€35k
14162,Qatar,2012,25.6,€208k
14162,Qatar,2013,25.9,€173k
14162,Qatar,2014,25.0,€179k
14162,Qatar,2015,25.6,€173k
14162,Qatar,2016,27.4,€349k
14162,Qatar,2017,26.0,€286k
14162,Qatar,2018,23.9,€202k
14162,Qatar,2019,26.1,€496k
14162,Qatar,2020,24.9,€540k
14162,Qatar,2021,25.2,€509k
14162,Qatar,2022,27.3,€461k
14162,Qatar,2023,27.6,€510k
14162,Qatar,2024,27.2,€504k
14162,Qatar,2025,27.5,€580k
14162,Qatar,2026,29.4,€766k
3447,Romania,1992,26.3,
3447,Romania,1993,24.8,
3447,Romania,1994,26.1,
3447,Romania,1995,25.6,
3447,Romania,1996,27.0,
3447,Romania,1997,26.5,
3447,Romania,1998,27.7,
3447,Romania,1999,25.7,
3447,Romania,2000,26.4,€45k
3447,Romania,2001,26.7,
3447,Romania,2002,26.9,€21k
3447,Romania,2003,26.0,€61k
3447,Romania,2004,26.2,€1.59m
3447,Romania,2005,27.6,€1.29m
3447,Romania,2006,27.8,€1.71m
3447,Romania,2007,26.8,€1.33m
3447,Romania,2008,27.6,€3.13m
3447,Romania,2009,28.5,€2.48m
3447,Romania,2010,27.7,€2.23m
3447,Romania,2011,27.1,€1.74m
3447,Romania,2012,27.1,€2.16m
3447,Romania,2013,27.8,€2.38m
3447,Romania,2014,27.3,€2.02m
3447,Romania,2015,26.1,€1.91m
3447,Romania,2016,28.0,€1.89m
3447,Romania,2017,28.6,€1.79m
3447,Romania,2018,27.8,€2.62m
3447,Romania,2019,28.0,€2.33m
3447,Romania,2020,29.1,€2.63m
3447,Romania,2021,25.7,€2.20m
3447,Romania,2022,27.0,€2.29m
3447,Romania,2023,25.4,€2.44m
3447,Romania,2024,28.0,€3.25m
3447,Romania,2025,28.8,€2.89m
3447,Romania,2026,26.0,€2.29m
3560,Iraq,1992,,
3560,Iraq,1993,24.2,
3560,Iraq,1994,,
3560,Iraq,1995,,
3560,Iraq,1996,24.8,
3560,Iraq,1997,28.4,
3560,Iraq,1998,,
3560,Iraq,1999,25.1,
3560,Iraq,2000,26.7,
3560,Iraq,2001,23.9,
3560,Iraq,2002,23.5,
3560,Iraq,2003,24.1,
3560,Iraq,2004,23.7,
3560,Iraq,2005,23.7,
3560,Iraq,2006,,
3560,Iraq,2007,23.1,
3560,Iraq,2008,24.1,€120k
3560,Iraq,2009,23.9,€103k
3560,Iraq,2010,24.8,€131k
3560,Iraq,2011,23.6,€213k
3560,Iraq,2012,24.9,€113k
3560,Iraq,2013,,
3560,Iraq,2014,22.9,€79k
3560,Iraq,2015,23.1,€136k
3560,Iraq,2016,26.4,€174k
3560,Iraq,2017,24.8,€258k
3560,Iraq,2018,26.2,€256k
3560,Iraq,2019,25.7,€239k
3560,Iraq,2020,23.3,€212k
3560,Iraq,2021,24.9,€173k
3560,Iraq,2022,26.7,€309k
3560,Iraq,2023,26.5,€359k
3560,Iraq,2024,26.9,€573k
3560,Iraq,2025,26.1,€472k
3560,Iraq,2026,27.2,€815k
3588,Slovenia,1992,24.0,
3588,Slovenia,1993,24.9,
3588,Slovenia,1994,26.5,
3588,Slovenia,1995,26.0,
3588,Slovenia,1996,27.4,
3588,Slovenia,1997,26.8,
3588,Slovenia,1998,27.5,
3588,Slovenia,1999,26.6,
3588,Slovenia,2000,28.6,
3588,Slovenia,2001,27.1,
3588,Slovenia,2002,28.4,
3588,Slovenia,2003,28.9,
3588,Slovenia,2004,27.5,€595k
3588,Slovenia,2005,25.4,€457k
3588,Slovenia,2006,24.9,€582k
3588,Slovenia,2007,26.5,€1.01m
3588,Slovenia,2008,27.1,€1.35m
3588,Slovenia,2009,25.7,€1.17m
3588,Slovenia,2010,27.8,€2.21m
3588,Slovenia,2011,26.1,€1.69m
3588,Slovenia,2012,27.2,€2.04m
3588,Slovenia,2013,26.4,€1.76m
3588,Slovenia,2014,27.7,€2.34m
3588,Slovenia,2015,28.3,€3.26m
3588,Slovenia,2016,27.1,€2.92m
3588,Slovenia,2017,26.3,€2.74m
3588,Slovenia,2018,27.7,€2.50m
3588,Slovenia,2019,26.7,€4.22m
3588,Slovenia,2020,28.0,€3.67m
3588,Slovenia,2021,25.7,€3.55m
3588,Slovenia,2022,27.6,€3.96m
3588,Slovenia,2023,26.0,€3.83m
3588,Slovenia,2024,27.5,€3.77m
3588,Slovenia,2025,26.5,€4.39m
3588,Slovenia,2026,26.6,€4.02m
3509,Ireland,1992,29.8,
3509,Ireland,1993,28.5,
3509,Ireland,1994,29.9,
3509,Ireland,1995,30.0,
3509,Ireland,1996,28.5,
3509,Ireland,1997,28.5,
3509,Ireland,1998,26.4,
3509,Ireland,1999,,
3509,Ireland,2000,26.9,
3509,Ireland,2001,25.5,
3509,Ireland,2002,26.9,
3509,Ireland,2003,27.0,
3509,Ireland,2004,27.2,€3.30m
3509,Ireland,2005,27.8,€3.34m
3509,Ireland,2006,26.6,€2.59m
3509,Ireland,2007,25.9,€2.76m
3509,Ireland,2008,27.0,€3.05m
3509,Ireland,2009,27.8,€3.21m
3509,Ireland,2010,27.1,€3.06m
3509,Ireland,2011,26.5,€2.99m
3509,Ireland,2012,28.0,€2.59m
3509,Ireland,2013,28.2,€2.54m
3509,Ireland,2014,29.0,€2.66m
3509,Ireland,2015,28.4,€2.68m
3509,Ireland,2016,30.0,€2.62m
3509,Ireland,2017,29.7,€3.17m
3509,Ireland,2018,28.1,€4.13m
3509,Ireland,2019,27.8,€3.16m
3509,Ireland,2020,27.5,€3.01m
3509,Ireland,2021,25.4,€3.36m
3509,Ireland,2022,27.2,€4.47m
3509,Ireland,2023,26.9,€5.88m
3509,Ireland,2024,26.7,€6.25m
3509,Ireland,2025,26.7,€6.05m
3509,Ireland,2026,24.9,€5.42m
3806,South Africa,1992,25.2,
3806,South Africa,1993,25.6,
3806,South Africa,1994,,
3806,South Africa,1995,26.5,
3806,South Africa,1996,26.9,
3806,South Africa,1997,26.0,
3806,South Africa,1998,25.4,
3806,South Africa,1999,26.2,
3806,South Africa,2000,27.7,
3806,South Africa,2001,26.7,
3806,South Africa,2002,27.3,
3806,South Africa,2003,25.8,
3806,South Africa,2004,26.3,
3806,South Africa,2005,25.1,€762k
3806,South Africa,2006,27.1,€789k
3806,South Africa,2007,25.7,€716k
3806,South Africa,2008,25.3,€586k
3806,South Africa,2009,25.8,€705k
3806,South Africa,2010,26.1,€837k
3806,South Africa,2011,26.3,€512k
3806,South Africa,2012,25.5,€595k
3806,South Africa,2013,25.4,€488k
3806,South Africa,2014,25.1,€436k
3806,South Africa,2015,26.4,€584k
3806,South Africa,2016,27.8,€681k
3806,South Africa,2017,28.3,€892k
3806,South Africa,2018,25.9,€656k
3806,South Africa,2019,28.8,€923k
3806,South Africa,2020,27.1,€1.03m
3806,South Africa,2021,27.5,€706k
3806,South Africa,2022,26.3,€539k
3806,South Africa,2023,26.5,€617k
3806,South Africa,2024,27.0,€935k
3806,South Africa,2025,26.3,€719k
3806,South Africa,2026,26.8,€1.89m
3807,Saudi Arabia,1992,22.6,
3807,Saudi Arabia,1993,22.7,
3807,Saudi Arabia,1994,23.7,
3807,Saudi Arabia,1995,23.9,
3807,Saudi Arabia,1996,24.4,
3807,Saudi Arabia,1997,24.3,
3807,Saudi Arabia,1998,26.4,
3807,Saudi Arabia,1999,24.5,
3807,Saudi Arabia,2000,25.5,
3807,Saudi Arabia,2001,24.6,
3807,Saudi Arabia,2002,24.4,
3807,Saudi Arabia,2003,23.6,
3807,Saudi Arabia,2004,24.0,
3807,Saudi Arabia,2005,25.2,€1k
3807,Saudi Arabia,2006,25.1,€27k
3807,Saudi Arabia,2007,24.9,€168k
3807,Saudi Arabia,2008,25.3,€107k
3807,Saudi Arabia,2009,27.1,€447k
3807,Saudi Arabia,2010,25.9,€656k
3807,Saudi Arabia,2011,26.0,€749k
3807,Saudi Arabia,2012,25.3,€354k
3807,Saudi Arabia,2013,25.3,€280k
3807,Saudi Arabia,2014,25.5,€332k
3807,Saudi Arabia,2015,25.5,€221k
3807,Saudi Arabia,2016,28.4,€734k
3807,Saudi Arabia,2017,26.8,€597k
3807,Saudi Arabia,2018,28.2,€672k
3807,Saudi Arabia,2019,27.0,€589k
3807,Saudi Arabia,2020,24.8,€593k
3807,Saudi Arabia,2021,24.0,€599k
3807,Saudi Arabia,2022,27.6,€851k
3807,Saudi Arabia,2023,26.2,€718k
3807,Saudi Arabia,2024,26.8,€843k
3807,Saudi Arabia,2025,,
3807,Saudi Arabia,2026,28.5,€1.56m
5872,Burkina Faso,1992,,
5872,Burkina Faso,1993,,
5872,Burkina Faso,1994,,
5872,Burkina Faso,1995,,
5872,Burkina Faso,1996,24.0,
5872,Burkina Faso,1997,23.7,
5872,Burkina Faso,1998,24.1,
5872,Burkina Faso,1999,,
5872,Burkina Faso,2000,25.3,
5872,Burkina Faso,2001,23.6,
5872,Burkina Faso,2002,23.3,
5872,Burkina Faso,2003,20.5,
5872,Burkina Faso,2004,23.4,€224k
5872,Burkina Faso,2005,22.3,€252k
5872,Burkina Faso,2006,23.3,€352k
5872,Burkina Faso,2007,,
5872,Burkina Faso,2008,24.7,€773k
5872,Burkina Faso,2009,24.9,€735k
5872,Burkina Faso,2010,26.0,€792k
5872,Burkina Faso,2011,24.5,€975k
5872,Burkina Faso,2012,25.6,€822k
5872,Burkina Faso,2013,25.3,€734k
5872,Burkina Faso,2014,24.4,€755k
5872,Burkina Faso,2015,25.9,€553k
5872,Burkina Faso,2016,23.5,€483k
5872,Burkina Faso,2017,23.9,€503k
5872,Burkina Faso,2018,24.7,€555k
5872,Burkina Faso,2019,26.6,€1.20m
5872,Burkina Faso,2020,25.5,€1.29m
5872,Burkina Faso,2021,25.1,€1.26m
5872,Burkina Faso,2022,24.8,€1.56m
5872,Burkina Faso,2023,24.1,€2.25m
5872,Burkina Faso,2024,24.7,€2.33m
5872,Burkina Faso,2025,24.6,€1.75m
5872,Burkina Faso,2026,25.0,€4.42m
15737,Jordan,1992,,
15737,Jordan,1993,,
15737,Jordan,1994,,
15737,Jordan,1995,,
15737,Jordan,1996,,
15737,Jordan,1997,,
15737,Jordan,1998,,
15737,Jordan,1999,,
15737,Jordan,2000,26.1,
15737,Jordan,2001,26.3,
15737,Jordan,2002,24.6,
15737,Jordan,2003,24.8,
15737,Jordan,2004,24.8,
15737,Jordan,2005,25.9,
15737,Jordan,2006,25.7,
15737,Jordan,2007,25.1,€4k
15737,Jordan,2008,26.9,€50k
15737,Jordan,2009,26.5,€43k
15737,Jordan,2010,25.3,€67k
15737,Jordan,2011,25.8,€83k
15737,Jordan,2012,26.9,€150k
15737,Jordan,2013,27.3,€89k
15737,Jordan,2014,26.1,€69k
15737,Jordan,2015,25.8,€67k
15737,Jordan,2016,26.6,€51k
15737,Jordan,2017,25.7,€61k
15737,Jordan,2018,26.3,€70k
15737,Jordan,2019,27.6,€103k
15737,Jordan,2020,25.7,€150k
15737,Jordan,2021,28.5,€261k
15737,Jordan,2022,27.3,€262k
15737,Jordan,2023,29.1,€506k
15737,Jordan,2024,27.0,€343k
15737,Jordan,2025,26.3,€374k
15737,Jordan,2026,28.8,€800k
3561,Albania,1992,25.8,
3561,Albania,1993,26.6,
3561,Albania,1994,25.6,
3561,Albania,1995,25.5,
3561,Albania,1996,26.2,
3561,Albania,1997,27.1,
3561,Albania,1998,25.8,
3561,Albania,1999,26.3,
3561,Albania,2000,27.2,
3561,Albania,2001,28.4,
3561,Albania,2002,27.2,
3561,Albania,2003,28.1,
3561,Albania,2004,28.6,€475k
3561,Albania,2005,29.2,€691k
3561,Albania,2006,28.5,€967k
3561,Albania,2007,28.3,€1.33m
3561,Albania,2008,27.0,€1.44m
3561,Albania,2009,27.2,€1.04m
3561,Albania,2010,28.3,€821k
3561,Albania,2011,28.2,€736k
3561,Albania,2012,26.7,€717k
3561,Albania,2013,27.2,€878k
3561,Albania,2014,27.0,€1.10m
3561,Albania,2015,26.1,€1.10m
3561,Albania,2016,27.4,€2.01m
3561,Albania,2017,27.8,€2.11m
3561,Albania,2018,26.4,€1.83m
3561,Albania,2019,27.1,€2.43m
3561,Albania,2020,26.2,€2.61m
3561,Albania,2021,25.6,€2.72m
3561,Albania,2022,26.5,€1.99m
3561,Albania,2023,26.9,€2.43m
3561,Albania,2024,27.9,€2.90m
3561,Albania,2025,27.8,€3.08m
3561,Albania,2026,27.4,€3.41m
3446,Bosnia,1992,,
3446,Bosnia,1993,21.5,
3446,Bosnia,1994,,
3446,Bosnia,1995,,
3446,Bosnia,1996,28.0,
3446,Bosnia,1997,26.2,
3446,Bosnia,1998,28.0,
3446,Bosnia,1999,25.8,
3446,Bosnia,2000,27.9,
3446,Bosnia,2001,26.0,
3446,Bosnia,2002,28.2,
3446,Bosnia,2003,28.1,
3446,Bosnia,2004,27.5,€753k
3446,Bosnia,2005,26.7,€812k
3446,Bosnia,2006,26.4,€826k
3446,Bosnia,2007,27.0,€1.08m
3446,Bosnia,2008,26.7,€1.54m
3446,Bosnia,2009,27.5,€2.62m
3446,Bosnia,2010,26.5,€2.39m
3446,Bosnia,2011,27.6,€3.92m
3446,Bosnia,2012,27.6,€3.45m
3446,Bosnia,2013,25.9,€3.55m
3446,Bosnia,2014,27.9,€4.54m
3446,Bosnia,2015,27.8,€3.82m
3446,Bosnia,2016,27.3,€3.63m
3446,Bosnia,2017,26.4,€3.64m
3446,Bosnia,2018,27.4,€4.05m
3446,Bosnia,2019,27.6,€3.64m
3446,Bosnia,2020,27.4,€2.40m
3446,Bosnia,2021,25.2,€2.24m
3446,Bosnia,2022,28.3,€3.52m
3446,Bosnia,2023,28.8,€3.37m
3446,Bosnia,2024,27.6,€3.16m
3446,Bosnia,2025,25.7,€3.10m
3446,Bosnia,2026,26.4,€5.83m
3590,Honduras,1992,26.2,
3590,Honduras,1993,26.9,
3590,Honduras,1994,26.2,
3590,Honduras,1995,24.3,
3590,Honduras,1996,25.8,
3590,Honduras,1997,23.2,
3590,Honduras,1998,25.8,
3590,Honduras,1999,24.0,
3590,Honduras,2000,24.5,
3590,Honduras,2001,24.8,
3590,Honduras,2002,24.3,
3590,Honduras,2003,25.0,
3590,Honduras,2004,25.9,
3590,Honduras,2005,26.2,€10k
3590,Honduras,2006,26.0,€63k
3590,Honduras,2007,26.4,€305k
3590,Honduras,2008,26.2,€515k
3590,Honduras,2009,26.8,€467k
3590,Honduras,2010,26.2,€679k
3590,Honduras,2011,27.3,€697k
3590,Honduras,2012,25.9,€704k
3590,Honduras,2013,26.1,€511k
3590,Honduras,2014,26.8,€428k
3590,Honduras,2015,25.9,€403k
3590,Honduras,2016,26.6,€372k
3590,Honduras,2017,28.8,€387k
3590,Honduras,2018,26.7,€313k
3590,Honduras,2019,26.8,€370k
3590,Honduras,2020,25.3,€116k
3590,Honduras,2021,26.8,€364k
3590,Honduras,2022,26.6,€449k
3590,Honduras,2023,28.6,€506k
3590,Honduras,2024,27.1,€423k
3590,Honduras,2025,27.5,€504k
3590,Honduras,2026,25.3,€805k
5148,North Macedonia,1992,,
5148,North Macedonia,1993,27.3,
5148,North Macedonia,1994,27.9,
5148,North Macedonia,1995,28.6,
5148,North Macedonia,1996,27.0,
5148,North Macedonia,1997,27.3,
5148,North Macedonia,1998,26.7,
5148,North Macedonia,1999,28.6,
5148,North Macedonia,2000,28.0,
5148,North Macedonia,2001,27.1,
5148,North Macedonia,2002,26.7,
5148,North Macedonia,2003,26.2,
5148,North Macedonia,2004,27.1,€431k
5148,North Macedonia,2005,26.6,€490k
5148,North Macedonia,2006,27.7,€976k
5148,North Macedonia,2007,27.7,€1.26m
5148,North Macedonia,2008,28.5,€1.46m
5148,North Macedonia,2009,28.1,€1.15m
5148,North Macedonia,2010,27.4,€905k
5148,North Macedonia,2011,27.0,€941k
5148,North Macedonia,2012,26.1,€770k
5148,North Macedonia,2013,27.5,€846k
5148,North Macedonia,2014,26.5,€565k
5148,North Macedonia,2015,26.9,€443k
5148,North Macedonia,2016,26.7,€721k
5148,North Macedonia,2017,25.8,€942k
5148,North Macedonia,2018,26.9,€2.29m
5148,North Macedonia,2019,26.6,€1.76m
5148,North Macedonia,2020,28.8,€2.03m
5148,North Macedonia,2021,28.3,€1.73m
5148,North Macedonia,2022,27.8,€1.31m
5148,North Macedonia,2023,28.7,€1.45m
5148,North Macedonia,2024,27.7,€1.16m
5148,North Macedonia,2025,28.5,€1.22m
5148,North Macedonia,2026,27.8,€1.35m
5147,UAE,1992,24.2,
5147,UAE,1993,,
5147,UAE,1994,25.7,
5147,UAE,1995,,
5147,UAE,1996,25.5,
5147,UAE,1997,27.1,
5147,UAE,1998,26.5,
5147,UAE,1999,24.8,
5147,UAE,2000,25.2,
5147,UAE,2001,25.0,
5147,UAE,2002,24.6,
5147,UAE,2003,22.8,
5147,UAE,2004,24.0,
5147,UAE,2005,26.4,
5147,UAE,2006,25.7,
5147,UAE,2007,26.4,€51k
5147,UAE,2008,24.5,
5147,UAE,2009,24.7,€39k
5147,UAE,2010,25.8,€27k
5147,UAE,2011,25.8,€22k
5147,UAE,2012,25.4,€22k
5147,UAE,2013,26.0,€60k
5147,UAE,2014,24.4,€58k
5147,UAE,2015,25.1,€53k
5147,UAE,2016,27.3,€203k
5147,UAE,2017,28.1,€428k
5147,UAE,2018,27.9,€520k
5147,UAE,2019,28.1,€425k
5147,UAE,2020,27.7,€754k
5147,UAE,2021,27.6,€677k
5147,UAE,2022,28.4,€894k
5147,UAE,2023,27.7,€925k
5147,UAE,2024,25.7,€1.01m
5147,UAE,2025,26.2,€1.68m
5147,UAE,2026,26.7,€1.21m
4311,Cape Verde,1992,,
4311,Cape Verde,1993,,
4311,Cape Verde,1994,,
4311,Cape Verde,1995,,
4311,Cape Verde,1996,,
4311,Cape Verde,1997,,
4311,Cape Verde,1998,,
4311,Cape Verde,1999,,
4311,Cape Verde,2000,28.7,
4311,Cape Verde,2001,,
4311,Cape Verde,2002,29.0,
4311,Cape Verde,2003,27.4,
4311,Cape Verde,2004,27.3,€81k
4311,Cape Verde,2005,26.1,€28k
4311,Cape Verde,2006,28.3,€303k
4311,Cape Verde,2007,27.2,€303k
4311,Cape Verde,2008,26.9,€484k
4311,Cape Verde,2009,26.7,€288k
4311,Cape Verde,2010,28.4,€316k
4311,Cape Verde,2011,28.7,€558k
4311,Cape Verde,2012,26.4,€379k
4311,Cape Verde,2013,26.0,€475k
4311,Cape Verde,2014,25.2,€767k
4311,Cape Verde,2015,27.6,€893k
4311,Cape Verde,2016,28.5,€805k
4311,Cape Verde,2017,28.1,€980k
4311,Cape Verde,2018,26.3,€513k
4311,Cape Verde,2019,27.7,€1.11m
4311,Cape Verde,2020,26.7,€1.09m
4311,Cape Verde,2021,26.8,€564k
4311,Cape Verde,2022,26.6,€700k
4311,Cape Verde,2023,26.7,€718k
4311,Cape Verde,2024,28.6,€1.18m
4311,Cape Verde,2025,26.9,€1.08m
4311,Cape Verde,2026,29.7,€2.10m
5674,N. Ireland,1992,27.8,
5674,N. Ireland,1993,28.4,
5674,N. Ireland,1994,28.0,
5674,N. Ireland,1995,27.2,
5674,N. Ireland,1996,27.4,
5674,N. Ireland,1997,27.4,
5674,N. Ireland,1998,27.2,
5674,N. Ireland,1999,27.1,
5674,N. Ireland,2000,26.6,
5674,N. Ireland,2001,27.6,
5674,N. Ireland,2002,26.7,
5674,N. Ireland,2003,26.9,
5674,N. Ireland,2004,27.3,€752k
5674,N. Ireland,2005,27.6,€789k
5674,N. Ireland,2006,26.6,€931k
5674,N. Ireland,2007,27.9,€1.24m
5674,N. Ireland,2008,27.0,€1.61m
5674,N. Ireland,2009,25.6,€1.38m
5674,N. Ireland,2010,25.8,€1.33m
5674,N. Ireland,2011,26.1,€1.11m
5674,N. Ireland,2012,27.2,€1.31m
5674,N. Ireland,2013,28.2,€1.12m
5674,N. Ireland,2014,27.5,€772k
5674,N. Ireland,2015,27.3,€1.11m
5674,N. Ireland,2016,29.0,€1.37m
5674,N. Ireland,2017,29.5,€1.46m
5674,N. Ireland,2018,28.0,€1.47m
5674,N. Ireland,2019,27.8,€1.37m
5674,N. Ireland,2020,28.2,€1.54m
5674,N. Ireland,2021,26.1,€1.29m
5674,N. Ireland,2022,27.4,€988k
5674,N. Ireland,2023,26.0,€1.65m
5674,N. Ireland,2024,26.1,€2.40m
5674,N. Ireland,2025,26.0,€3.48m
5674,N. Ireland,2026,23.8,€3.47m
3671,Jamaica,1992,25.1,
3671,Jamaica,1993,27.0,
3671,Jamaica,1994,25.1,
3671,Jamaica,1995,23.5,
3671,Jamaica,1996,24.3,
3671,Jamaica,1997,24.7,
3671,Jamaica,1998,25.2,
3671,Jamaica,1999,23.4,
3671,Jamaica,2000,23.9,
3671,Jamaica,2001,23.9,
3671,Jamaica,2002,24.3,
3671,Jamaica,2003,25.4,
3671,Jamaica,2004,24.3,
3671,Jamaica,2005,23.8,€193k
3671,Jamaica,2006,26.1,€317k
3671,Jamaica,2007,26.0,€226k
3671,Jamaica,2008,24.7,€304k
3671,Jamaica,2009,25.9,€340k
3671,Jamaica,2010,24.6,€191k
3671,Jamaica,2011,27.5,€332k
3671,Jamaica,2012,26.1,€315k
3671,Jamaica,2013,26.0,€481k
3671,Jamaica,2014,25.8,€324k
3671,Jamaica,2015,25.8,€330k
3671,Jamaica,2016,27.1,€376k
3671,Jamaica,2017,24.9,€135k
3671,Jamaica,2018,24.2,€227k
3671,Jamaica,2019,26.3,€1.45m
3671,Jamaica,2020,24.7,€1.48m
3671,Jamaica,2021,26.6,€1.78m
3671,Jamaica,2022,25.6,€1.18m
3671,Jamaica,2023,24.9,€1.59m
3671,Jamaica,2024,26.1,€1.84m
3671,Jamaica,2025,26.8,€978k
3671,Jamaica,2026,23.1,€377k
3669,Georgia,1992,22.9,
3669,Georgia,1993,23.3,
3669,Georgia,1994,25.2,
3669,Georgia,1995,24.5,
3669,Georgia,1996,25.3,
3669,Georgia,1997,24.7,
3669,Georgia,1998,24.8,
3669,Georgia,1999,24.2,
3669,Georgia,2000,26.7,
3669,Georgia,2001,24.1,
3669,Georgia,2002,27.0,
3669,Georgia,2003,26.6,
3669,Georgia,2004,26.6,€659k
3669,Georgia,2005,24.5,€554k
3669,Georgia,2006,23.9,€663k
3669,Georgia,2007,25.9,€810k
3669,Georgia,2008,25.1,€752k
3669,Georgia,2009,24.4,€649k
3669,Georgia,2010,27.0,€864k
3669,Georgia,2011,25.2,€640k
3669,Georgia,2012,25.8,€914k
3669,Georgia,2013,25.3,€753k
3669,Georgia,2014,26.7,€914k
3669,Georgia,2015,25.6,€740k
3669,Georgia,2016,26.4,€853k
3669,Georgia,2017,25.2,€699k
3669,Georgia,2018,26.3,€1.36m
3669,Georgia,2019,27.4,€1.04m
3669,Georgia,2020,27.7,€1.58m
3669,Georgia,2021,25.5,€1.26m
3669,Georgia,2022,27.1,€4.32m
3669,Georgia,2023,25.6,€3.33m
3669,Georgia,2024,28.2,€6.05m
3669,Georgia,2025,26.1,€4.58m
3669,Georgia,2026,26.3,€9.56m
3443,Finland,1992,27.0,
3443,Finland,1993,25.8,
3443,Finland,1994,26.7,
3443,Finland,1995,25.5,
3443,Finland,1996,26.9,
3443,Finland,1997,25.3,
3443,Finland,1998,26.8,
3443,Finland,1999,26.7,
3443,Finland,2000,26.8,
3443,Finland,2001,26.1,
3443,Finland,2002,27.7,
3443,Finland,2003,27.5,
3443,Finland,2004,27.1,€1.15m
3443,Finland,2005,26.4,€1.45m
3443,Finland,2006,27.2,€1.28m
3443,Finland,2007,30.0,€1.69m
3443,Finland,2008,28.6,€1.07m
3443,Finland,2009,26.1,€1.09m
3443,Finland,2010,28.1,€843k
3443,Finland,2011,25.3,€926k
3443,Finland,2012,26.6,€1.16m
3443,Finland,2013,25.3,€1.04m
3443,Finland,2014,27.5,€1.14m
3443,Finland,2015,25.8,€966k
3443,Finland,2016,27.6,€645k
3443,Finland,2017,26.0,€654k
3443,Finland,2018,26.8,€885k
3443,Finland,2019,25.7,€808k
3443,Finland,2020,28.4,€1.40m
3443,Finland,2021,27.3,€1.17m
3443,Finland,2022,27.1,€1.16m
3443,Finland,2023,26.4,€1.12m
3443,Finland,2024,27.9,€1.53m
3443,Finland,2025,26.1,€1.30m
3443,Finland,2026,26.1,€1.55m
3441,Ghana,1992,24.2,
3441,Ghana,1993,22.6,
3441,Ghana,1994,23.0,
3441,Ghana,1995,22.3,
3441,Ghana,1996,22.2,
3441,Ghana,1997,23.1,
3441,Ghana,1998,22.3,
3441,Ghana,1999,22.9,
3441,Ghana,2000,24.8,
3441,Ghana,2001,22.7,
3441,Ghana,2002,23.5,
3441,Ghana,2003,22.7,
3441,Ghana,2004,24.2,€1.39m
3441,Ghana,2005,23.1,€984k
3441,Ghana,2006,24.4,€1.50m
3441,Ghana,2007,23.9,€2.01m
3441,Ghana,2008,23.6,€1.96m
3441,Ghana,2009,23.7,€1.81m
3441,Ghana,2010,23.5,€2.59m
3441,Ghana,2011,23.4,€3.52m
3441,Ghana,2012,22.9,€1.98m
3441,Ghana,2013,24.2,€2.91m
3441,Ghana,2014,24.3,€2.02m
3441,Ghana,2015,25.6,€2.83m
3441,Ghana,2016,24.0,€3.19m
3441,Ghana,2017,25.6,€2.76m
3441,Ghana,2018,25.5,€3.01m
3441,Ghana,2019,26.9,€2.92m
3441,Ghana,2020,25.2,€3.84m
3441,Ghana,2021,24.6,€2.52m
3441,Ghana,2022,24.8,€4.31m
3441,Ghana,2023,24.7,€3.22m
3441,Ghana,2024,26.5,€5.29m
3441,Ghana,2025,24.5,€6.06m
3441,Ghana,2026,26.8,€8.69m
3574,Iceland,1992,27.1,
3574,Iceland,1993,24.4,
3574,Iceland,1994,26.7,
3574,Iceland,1995,26.5,
3574,Iceland,1996,27.2,
3574,Iceland,1997,25.1,
3574,Iceland,1998,26.2,
3574,Iceland,1999,27.2,
3574,Iceland,2000,27.0,
3574,Iceland,2001,25.5,
3574,Iceland,2002,27.2,
3574,Iceland,2003,28.3,
3574,Iceland,2004,28.8,€928k
3574,Iceland,2005,26.1,€790k
3574,Iceland,2006,26.6,€937k
3574,Iceland,2007,27.6,€1.01m
3574,Iceland,2008,27.4,€722k
3574,Iceland,2009,25.5,€654k
3574,Iceland,2010,27.6,€794k
3574,Iceland,2011,25.7,€735k
3574,Iceland,2012,27.3,€876k
3574,Iceland,2013,28.0,€1.29m
3574,Iceland,2014,27.3,€1.20m
3574,Iceland,2015,25.9,€1.07m
3574,Iceland,2016,28.4,€1.44m
3574,Iceland,2017,25.9,€1.15m
3574,Iceland,2018,28.0,€2.22m
3574,Iceland,2019,28.2,€1.49m
3574,Iceland,2020,28.0,€1.22m
3574,Iceland,2021,26.0,€980k
3574,Iceland,2022,25.8,€840k
3574,Iceland,2023,26.9,€1.96m
3574,Iceland,2024,26.4,€2.29m
3574,Iceland,2025,25.9,€2.96m
3574,Iceland,2026,27.7,€3.71m
5233,Bolivia,1992,,
5233,Bolivia,1993,26.2,
5233,Bolivia,1994,25.4,
5233,Bolivia,1995,25.6,
5233,Bolivia,1996,26.7,
5233,Bolivia,1997,27.1,
5233,Bolivia,1998,,
5233,Bolivia,1999,25.4,
5233,Bolivia,2000,25.7,
5233,Bolivia,2001,25.6,
5233,Bolivia,2002,26.5,
5233,Bolivia,2003,26.1,
5233,Bolivia,2004,27.6,€46k
5233,Bolivia,2005,27.5,€110k
5233,Bolivia,2006,25.9,€3k
5233,Bolivia,2007,25.4,€97k
5233,Bolivia,2008,28.0,€405k
5233,Bolivia,2009,,
5233,Bolivia,2010,25.9,€291k
5233,Bolivia,2011,28.6,€308k
5233,Bolivia,2012,27.8,€244k
5233,Bolivia,2013,26.5,€203k
5233,Bolivia,2014,26.1,€161k
5233,Bolivia,2015,26.2,€123k
5233,Bolivia,2016,26.5,€150k
5233,Bolivia,2017,26.5,€216k
5233,Bolivia,2018,24.2,€149k
5233,Bolivia,2019,25.8,€163k
5233,Bolivia,2020,25.6,€259k
5233,Bolivia,2021,25.3,€255k
5233,Bolivia,2022,26.5,€473k
5233,Bolivia,2023,25.0,€478k
5233,Bolivia,2024,24.8,€391k
5233,Bolivia,2025,25.2,€557k
5233,Bolivia,2026,23.7,€669k
5547,Israel,1992,25.0,
5547,Israel,1993,24.3,
5547,Israel,1994,26.3,
5547,Israel,1995,25.1,
5547,Israel,1996,27.2,
5547,Israel,1997,26.1,
5547,Israel,1998,26.2,
5547,Israel,1999,27.1,
5547,Israel,2000,27.4,
5547,Israel,2001,26.6,
5547,Israel,2002,27.2,
5547,Israel,2003,28.3,
5547,Israel,2004,27.5,€304k
5547,Israel,2005,26.6,€331k
5547,Israel,2006,26.0,€348k
5547,Israel,2007,27.3,€927k
5547,Israel,2008,26.5,€1.06m
5547,Israel,2009,25.8,€1.08m
5547,Israel,2010,26.1,€1.19m
5547,Israel,2011,24.6,€1.24m
5547,Israel,2012,27.1,€1.40m
5547,Israel,2013,26.0,€1.23m
5547,Israel,2014,27.8,€1.55m
5547,Israel,2015,26.3,€1.09m
5547,Israel,2016,27.8,€1.22m
5547,Israel,2017,27.3,€1.11m
5547,Israel,2018,29.0,€1.49m
5547,Israel,2019,27.9,€1.28m
5547,Israel,2020,27.7,€1.87m
5547,Israel,2021,26.0,€1.24m
5547,Israel,2022,27.5,€1.60m
5547,Israel,2023,27.2,€2.50m
5547,Israel,2024,27.7,€2.08m
5547,Israel,2025,25.0,€2.33m
5547,Israel,2026,25.4,€2.71m
53982,Kosovo,1992,,
53982,Kosovo,1993,,
53982,Kosovo,1994,,
53982,Kosovo,1995,,
53982,Kosovo,1996,,
53982,Kosovo,1997,,
53982,Kosovo,1998,,
53982,Kosovo,1999,,
53982,Kosovo,2000,,
53982,Kosovo,2001,,
53982,Kosovo,2002,,
53982,Kosovo,2003,,
53982,Kosovo,2004,,
53982,Kosovo,2005,,
53982,Kosovo,2006,,
53982,Kosovo,2007,,
53982,Kosovo,2008,,
53982,Kosovo,2009,,
53982,Kosovo,2010,,
53982,Kosovo,2011,,
53982,Kosovo,2012,,
53982,Kosovo,2013,,
53982,Kosovo,2014,,
53982,Kosovo,2015,,
53982,Kosovo,2016,25.1,€897k
53982,Kosovo,2017,25.8,€1.25m
53982,Kosovo,2018,24.7,€1.84m
53982,Kosovo,2019,25.5,€2.91m
53982,Kosovo,2020,25.6,€1.57m
53982,Kosovo,2021,24.9,€1.81m
53982,Kosovo,2022,26.1,€2.48m
53982,Kosovo,2023,27.3,€2.65m
53982,Kosovo,2024,27.3,€2.58m
53982,Kosovo,2025,27.1,€4.36m
53982,Kosovo,2026,26.4,€5.46m
14165,Oman,1992,,
14165,Oman,1993,20.5,
14165,Oman,1994,,
14165,Oman,1995,,
14165,Oman,1996,,
14165,Oman,1997,,
14165,Oman,1998,21.0,
14165,Oman,1999,21.2,
14165,Oman,2000,20.9,
14165,Oman,2001,20.8,
14165,Oman,2002,20.9,
14165,Oman,2003,20.4,
14165,Oman,2004,21.8,
14165,Oman,2005,,
14165,Oman,2006,23.2,€14k
14165,Oman,2007,22.6,€10k
14165,Oman,2008,23.6,€33k
14165,Oman,2009,24.1,€116k
14165,Oman,2010,24.9,€135k
14165,Oman,2011,24.0,€79k
14165,Oman,2012,26.0,€152k
14165,Oman,2013,26.4,€76k
14165,Oman,2014,25.7,€90k
14165,Oman,2015,26.3,€40k
14165,Oman,2016,27.2,€53k
14165,Oman,2017,26.7,€73k
14165,Oman,2018,27.1,€69k
14165,Oman,2019,27.4,€48k
14165,Oman,2020,,
14165,Oman,2021,26.2,€9k
14165,Oman,2022,28.0,€237k
14165,Oman,2023,28.6,€297k
14165,Oman,2024,28.6,€291k
14165,Oman,2025,26.9,€257k
14165,Oman,2026,28.0,€292k
3856,Guinea,1992,,
3856,Guinea,1993,20.1,
3856,Guinea,1994,20.3,
3856,Guinea,1995,17.0,
3856,Guinea,1996,21.9,
3856,Guinea,1997,22.7,
3856,Guinea,1998,24.2,
3856,Guinea,1999,23.5,
3856,Guinea,2000,22.9,
3856,Guinea,2001,,
3856,Guinea,2002,,
3856,Guinea,2003,25.1,
3856,Guinea,2004,25.8,€874k
3856,Guinea,2005,23.8,€1.19m
3856,Guinea,2006,26.4,€1.27m
3856,Guinea,2007,26.8,€1.30m
3856,Guinea,2008,25.8,€1.03m
3856,Guinea,2009,25.8,€1.39m
3856,Guinea,2010,25.9,€1.06m
3856,Guinea,2011,24.0,€577k
3856,Guinea,2012,24.8,€742k
3856,Guinea,2013,24.9,€754k
3856,Guinea,2014,23.8,€1.01m
3856,Guinea,2015,24.4,€827k
3856,Guinea,2016,24.5,€1.21m
3856,Guinea,2017,25.0,€887k
3856,Guinea,2018,24.3,€2.16m
3856,Guinea,2019,27.1,€2.05m
3856,Guinea,2020,24.8,€3.36m
3856,Guinea,2021,24.4,€1.57m
3856,Guinea,2022,24.9,€2.66m
3856,Guinea,2023,24.8,€2.07m
3856,Guinea,2024,24.8,€1.87m
3856,Guinea,2025,24.3,€1.23m
3856,Guinea,2026,24.7,€2.62m
11953,Montenegro,1992,,
11953,Montenegro,1993,,
11953,Montenegro,1994,,
11953,Montenegro,1995,,
11953,Montenegro,1996,,
11953,Montenegro,1997,,
11953,Montenegro,1998,,
11953,Montenegro,1999,,
11953,Montenegro,2000,,
11953,Montenegro,2001,,
11953,Montenegro,2002,,
11953,Montenegro,2003,,
11953,Montenegro,2004,,
11953,Montenegro,2005,,
11953,Montenegro,2006,,
11953,Montenegro,2007,24.3,€819k
11953,Montenegro,2008,26.9,€1.95m
11953,Montenegro,2009,25.6,€1.86m
11953,Montenegro,2010,27.6,€2.06m
11953,Montenegro,2011,27.9,€2.93m
11953,Montenegro,2012,27.8,€2.58m
11953,Montenegro,2013,26.5,€2.34m
11953,Montenegro,2014,27.9,€1.78m
11953,Montenegro,2015,26.5,€1.82m
11953,Montenegro,2016,27.3,€1.70m
11953,Montenegro,2017,26.2,€2.03m
11953,Montenegro,2018,27.1,€2.28m
11953,Montenegro,2019,26.2,€2.12m
11953,Montenegro,2020,28.4,€1.68m
11953,Montenegro,2021,27.3,€1.41m
11953,Montenegro,2022,28.7,€1.14m
11953,Montenegro,2023,27.2,€1.30m
11953,Montenegro,2024,28.5,€1.12m
11953,Montenegro,2025,26.8,€987k
11953,Montenegro,2026,28.0,€2.54m
32364,Curaçao,1992,,
32364,Curaçao,1993,,
32364,Curaçao,1994,,
32364,Curaçao,1995,,
32364,Curaçao,1996,,
32364,Curaçao,1997,,
32364,Curaçao,1998,,
32364,Curaçao,1999,,
32364,Curaçao,2000,,
32364,Curaçao,2001,,
32364,Curaçao,2002,,
32364,Curaçao,2003,,
32364,Curaçao,2004,,
32364,Curaçao,2005,,
32364,Curaçao,2006,,
32364,Curaçao,2007,,
32364,Curaçao,2008,,
32364,Curaçao,2009,,
32364,Curaçao,2010,,
32364,Curaçao,2011,25.1,€39k
32364,Curaçao,2012,20.8,
32364,Curaçao,2013,24.0,€34k
32364,Curaçao,2014,24.5,€131k
32364,Curaçao,2015,25.2,€216k
32364,Curaçao,2016,24.8,€478k
32364,Curaçao,2017,26.1,€625k
32364,Curaçao,2018,25.5,€551k
32364,Curaçao,2019,26.7,€516k
32364,Curaçao,2020,,
32364,Curaçao,2021,26.2,€387k
32364,Curaçao,2022,27.5,€243k
32364,Curaçao,2023,27.8,€371k
32364,Curaçao,2024,26.3,€629k
32364,Curaçao,2025,26.1,€984k
32364,Curaçao,2026,28.0,€991k
14161,Haiti,1992,24.4,
14161,Haiti,1993,,
14161,Haiti,1994,,
14161,Haiti,1995,,
14161,Haiti,1996,25.4,
14161,Haiti,1997,,
14161,Haiti,1998,25.0,
14161,Haiti,1999,25.4,
14161,Haiti,2000,25.4,
14161,Haiti,2001,25.2,
14161,Haiti,2002,27.6,
14161,Haiti,2003,24.4,
14161,Haiti,2004,24.4,
14161,Haiti,2005,24.7,
14161,Haiti,2006,23.6,€54k
14161,Haiti,2007,23.5,€32k
14161,Haiti,2008,23.7,€39k
14161,Haiti,2009,23.9,€20k
14161,Haiti,2010,25.4,€34k
14161,Haiti,2011,25.8,€256k
14161,Haiti,2012,24.9,€192k
14161,Haiti,2013,25.2,€179k
14161,Haiti,2014,25.8,€325k
14161,Haiti,2015,25.2,€366k
14161,Haiti,2016,26.7,€217k
14161,Haiti,2017,24.5,€222k
14161,Haiti,2018,23.7,€179k
14161,Haiti,2019,25.6,€243k
14161,Haiti,2020,,
14161,Haiti,2021,26.2,€245k
14161,Haiti,2022,25.6,€228k
14161,Haiti,2023,27.8,€440k
14161,Haiti,2024,25.9,€575k
14161,Haiti,2025,25.4,€1.11m
14161,Haiti,2026,27.6,€2.15m
13674,Syria,1992,,
13674,Syria,1993,22.3,
13674,Syria,1994,,
13674,Syria,1995,,
13674,Syria,1996,23.2,
13674,Syria,1997,24.5,
13674,Syria,1998,,
13674,Syria,1999,,
13674,Syria,2000,25.9,
13674,Syria,2001,,
13674,Syria,2002,22.3,
13674,Syria,2003,23.5,
13674,Syria,2004,23.7,
13674,Syria,2005,25.2,
13674,Syria,2006,23.2,
13674,Syria,2007,23.8,
13674,Syria,2008,24.6,€100k
13674,Syria,2009,24.7,€50k
13674,Syria,2010,25.9,€102k
13674,Syria,2011,26.6,€188k
13674,Syria,2012,24.0,€33k
13674,Syria,2013,24.4,€128k
13674,Syria,2014,25.0,€25k
13674,Syria,2015,26.3,€145k
13674,Syria,2016,27.4,€76k
13674,Syria,2017,25.4,€151k
13674,Syria,2018,27.0,€290k
13674,Syria,2019,28.2,€250k
13674,Syria,2020,25.1,€208k
13674,Syria,2021,26.7,€257k
13674,Syria,2022,26.9,€355k
13674,Syria,2023,29.3,€401k
13674,Syria,2024,26.8,€519k
13674,Syria,2025,27.0,€380k
13674,Syria,2026,27.9,€317k
9171,New Zealand,1992,27.7,
9171,New Zealand,1993,27.0,
9171,New Zealand,1994,,
9171,New Zealand,1995,26.2,
9171,New Zealand,1996,28.3,
9171,New Zealand,1997,25.1,
9171,New Zealand,1998,23.8,
9171,New Zealand,1999,26.7,
9171,New Zealand,2000,25.4,
9171,New Zealand,2001,25.6,
9171,New Zealand,2002,25.6,
9171,New Zealand,2003,27.8,
9171,New Zealand,2004,25.6,€113k
9171,New Zealand,2005,25.0,€13k
9171,New Zealand,2006,25.4,€29k
9171,New Zealand,2007,25.6,€64k
9171,New Zealand,2008,24.7,€133k
9171,New Zealand,2009,26.8,€324k
9171,New Zealand,2010,27.1,€512k
9171,New Zealand,2011,27.5,€513k
9171,New Zealand,2012,25.4,€477k
9171,New Zealand,2013,27.5,€478k
9171,New Zealand,2014,23.4,€478k
9171,New Zealand,2015,23.6,€668k
9171,New Zealand,2016,24.1,€652k
9171,New Zealand,2017,25.3,€724k
9171,New Zealand,2018,23.2,€291k
9171,New Zealand,2019,23.7,€1.51m
9171,New Zealand,2020,,
9171,New Zealand,2021,26.0,€952k
9171,New Zealand,2022,25.3,€535k
9171,New Zealand,2023,25.5,€724k
9171,New Zealand,2024,26.9,€883k
9171,New Zealand,2025,26.3,€744k
9171,New Zealand,2026,28.1,€1.32m
3394,Bulgaria,1992,27.9,
3394,Bulgaria,1993,26.3,
3394,Bulgaria,1994,29.1,
3394,Bulgaria,1995,25.5,
3394,Bulgaria,1996,28.1,
3394,Bulgaria,1997,27.0,
3394,Bulgaria,1998,27.6,
3394,Bulgaria,1999,25.0,
3394,Bulgaria,2000,26.7,
3394,Bulgaria,2001,24.9,
3394,Bulgaria,2002,28.1,
3394,Bulgaria,2003,26.6,
3394,Bulgaria,2004,27.5,€1.64m
3394,Bulgaria,2005,26.1,€1.34m
3394,Bulgaria,2006,26.3,€1.82m
3394,Bulgaria,2007,29.0,€2.23m
3394,Bulgaria,2008,27.8,€2.05m
3394,Bulgaria,2009,26.5,€2.13m
3394,Bulgaria,2010,27.7,€2.05m
3394,Bulgaria,2011,25.6,€1.22m
3394,Bulgaria,2012,,
3394,Bulgaria,2013,26.0,€1.10m
3394,Bulgaria,2014,,
3394,Bulgaria,2015,26.6,€1.27m
3394,Bulgaria,2016,27.7,€927k
3394,Bulgaria,2017,26.0,€900k
3394,Bulgaria,2018,28.4,€925k
3394,Bulgaria,2019,29.0,€689k
3394,Bulgaria,2020,27.2,€689k
3394,Bulgaria,2021,26.6,€677k
3394,Bulgaria,2022,26.0,€966k
3394,Bulgaria,2023,24.0,€830k
3394,Bulgaria,2024,27.7,€1.31m
3394,Bulgaria,2025,26.3,€1.16m
3394,Bulgaria,2026,25.6,€1.21m
5704,Gabon,1992,,
5704,Gabon,1993,23.6,
5704,Gabon,1994,24.9,
5704,Gabon,1995,25.5,
5704,Gabon,1996,25.4,
5704,Gabon,1997,25.0,
5704,Gabon,1998,,
5704,Gabon,1999,22.8,
5704,Gabon,2000,25.9,
5704,Gabon,2001,25.3,
5704,Gabon,2002,24.4,
5704,Gabon,2003,21.9,
5704,Gabon,2004,24.2,€232k
5704,Gabon,2005,24.0,€252k
5704,Gabon,2006,24.9,€466k
5704,Gabon,2007,,
5704,Gabon,2008,25.4,€512k
5704,Gabon,2009,24.4,€444k
5704,Gabon,2010,24.0,€421k
5704,Gabon,2011,25.6,€642k
5704,Gabon,2012,23.9,€408k
5704,Gabon,2013,24.4,€526k
5704,Gabon,2014,23.0,€1.02m
5704,Gabon,2015,24.0,€950k
5704,Gabon,2016,25.1,€1.14m
5704,Gabon,2017,25.9,€2.69m
5704,Gabon,2018,25.1,€2.82m
5704,Gabon,2019,27.6,€2.61m
5704,Gabon,2020,26.1,€4.03m
5704,Gabon,2021,26.0,€2.50m
5704,Gabon,2022,26.4,€1.55m
5704,Gabon,2023,28.3,€1.21m
5704,Gabon,2024,25.7,€939k
5704,Gabon,2025,25.6,€824k
5704,Gabon,2026,27.6,€999k
13497,Uganda,1992,,
13497,Uganda,1993,,
13497,Uganda,1994,,
13497,Uganda,1995,,
13497,Uganda,1996,,
13497,Uganda,1997,,
13497,Uganda,1998,,
13497,Uganda,1999,,
13497,Uganda,2000,23.8,
13497,Uganda,2001,21.7,
13497,Uganda,2002,22.6,
13497,Uganda,2003,21.6,
13497,Uganda,2004,23.4,€1k
13497,Uganda,2005,22.4,€9k
13497,Uganda,2006,24.1,€111k
13497,Uganda,2007,23.7,€24k
13497,Uganda,2008,25.1,€181k
13497,Uganda,2009,21.7,€5k
13497,Uganda,2010,23.4,€238k
13497,Uganda,2011,24.8,€92k
13497,Uganda,2012,23.2,€63k
13497,Uganda,2013,23.1,€68k
13497,Uganda,2014,23.9,€63k
13497,Uganda,2015,22.5,€54k
13497,Uganda,2016,23.1,€70k
13497,Uganda,2017,23.7,€82k
13497,Uganda,2018,24.1,€96k
13497,Uganda,2019,25.6,€144k
13497,Uganda,2020,24.5,€236k
13497,Uganda,2021,25.9,€102k
13497,Uganda,2022,23.1,€76k
13497,Uganda,2023,25.5,€89k
13497,Uganda,2024,24.6,€95k
13497,Uganda,2025,26.3,€133k
13497,Uganda,2026,28.0,€302k
3585,Angola,1992,,
3585,Angola,1993,,
3585,Angola,1994,,
3585,Angola,1995,,
3585,Angola,1996,25.8,
3585,Angola,1997,,
3585,Angola,1998,26.2,
3585,Angola,1999,,
3585,Angola,2000,26.9,
3585,Angola,2001,24.8,
3585,Angola,2002,25.7,
3585,Angola,2003,24.8,
3585,Angola,2004,27.2,€84k
3585,Angola,2005,25.6,€192k
3585,Angola,2006,27.8,€508k
3585,Angola,2007,26.6,€424k
3585,Angola,2008,27.6,€669k
3585,Angola,2009,25.9,€524k
3585,Angola,2010,25.9,€396k
3585,Angola,2011,26.4,€575k
3585,Angola,2012,25.1,€291k
3585,Angola,2013,23.9,€288k
3585,Angola,2014,26.9,€474k
3585,Angola,2015,25.2,€306k
3585,Angola,2016,27.2,€371k
3585,Angola,2017,25.3,€349k
3585,Angola,2018,26.4,€325k
3585,Angola,2019,27.3,€496k
3585,Angola,2020,25.5,€327k
3585,Angola,2021,26.0,€465k
3585,Angola,2022,25.5,€720k
3585,Angola,2023,25.6,€458k
3585,Angola,2024,26.4,€1.26m
3585,Angola,2025,26.7,€1.09m
3585,Angola,2026,29.4,€1.75m
3955,Benin,1992,,
3955,Benin,1993,,
3955,Benin,1994,,
3955,Benin,1995,,
3955,Benin,1996,,
3955,Benin,1997,,
3955,Benin,1998,,
3955,Benin,1999,,
3955,Benin,2000,22.9,
3955,Benin,2001,,
3955,Benin,2002,23.5,
3955,Benin,2003,22.4,
3955,Benin,2004,23.8,€44k
3955,Benin,2005,19.6,€29k
3955,Benin,2006,19.4,
3955,Benin,2007,24.2,€190k
3955,Benin,2008,25.4,€639k
3955,Benin,2009,23.2,€634k
3955,Benin,2010,24.7,€449k
3955,Benin,2011,24.3,€671k
3955,Benin,2012,24.3,€537k
3955,Benin,2013,24.0,€658k
3955,Benin,2014,25.1,€564k
3955,Benin,2015,25.3,€671k
3955,Benin,2016,27.1,€1.06m
3955,Benin,2017,25.1,€600k
3955,Benin,2018,26.0,€834k
3955,Benin,2019,26.4,€417k
3955,Benin,2020,25.8,€694k
3955,Benin,2021,27.7,€522k
3955,Benin,2022,25.6,€535k
3955,Benin,2023,26.5,€567k
3955,Benin,2024,24.3,€520k
3955,Benin,2025,25.0,€482k
3955,Benin,2026,26.2,€719k
7214,Bahrain,1992,,
7214,Bahrain,1993,,
7214,Bahrain,1994,,
7214,Bahrain,1995,,
7214,Bahrain,1996,,
7214,Bahrain,1997,,
7214,Bahrain,1998,22.9,
7214,Bahrain,1999,,
7214,Bahrain,2000,,
7214,Bahrain,2001,23.3,
7214,Bahrain,2002,24.0,
7214,Bahrain,2003,23.7,
7214,Bahrain,2004,24.0,
7214,Bahrain,2005,25.3,
7214,Bahrain,2006,23.3,
7214,Bahrain,2007,26.5,€75k
7214,Bahrain,2008,24.4,€54k
7214,Bahrain,2009,25.2,€73k
7214,Bahrain,2010,26.6,€188k
7214,Bahrain,2011,25.1,€147k
7214,Bahrain,2012,26.6,€127k
7214,Bahrain,2013,26.2,€115k
7214,Bahrain,2014,25.2,€98k
7214,Bahrain,2015,25.8,€83k
7214,Bahrain,2016,26.6,€55k
7214,Bahrain,2017,27.8,€43k
7214,Bahrain,2018,27.9,€37k
7214,Bahrain,2019,28.4,€51k
7214,Bahrain,2020,26.7,€18k
7214,Bahrain,2021,29.5,€289k
7214,Bahrain,2022,29.0,€232k
7214,Bahrain,2023,28.7,€334k
7214,Bahrain,2024,29.5,€257k
7214,Bahrain,2025,28.3,€276k
7214,Bahrain,2026,29.6,€256k
3703,Zambia,1992,26.6,
3703,Zambia,1993,,
3703,Zambia,1994,25.9,
3703,Zambia,1995,24.8,
3703,Zambia,1996,25.7,
3703,Zambia,1997,23.9,
3703,Zambia,1998,25.0,
3703,Zambia,1999,22.3,
3703,Zambia,2000,25.1,
3703,Zambia,2001,23.4,
3703,Zambia,2002,26.1,
3703,Zambia,2003,23.1,
3703,Zambia,2004,25.1,€28k
3703,Zambia,2005,22.6,€14k
3703,Zambia,2006,26.2,€123k
3703,Zambia,2007,23.7,€114k
3703,Zambia,2008,23.7,€91k
3703,Zambia,2009,24.1,€178k
3703,Zambia,2010,25.3,€258k
3703,Zambia,2011,23.8,€253k
3703,Zambia,2012,24.5,€228k
3703,Zambia,2013,25.8,€362k
3703,Zambia,2014,24.6,€277k
3703,Zambia,2015,23.8,€186k
3703,Zambia,2016,27.4,€217k
3703,Zambia,2017,24.3,€133k
3703,Zambia,2018,24.9,€133k
3703,Zambia,2019,26.1,€393k
3703,Zambia,2020,24.0,€424k
3703,Zambia,2021,26.6,€848k
3703,Zambia,2022,24.8,€1.17m
3703,Zambia,2023,26.0,€611k
3703,Zambia,2024,25.6,€706k
3703,Zambia,2025,24.7,€517k
3703,Zambia,2026,26.3,€614k
5676,Thailand,1992,,
5676,Thailand,1993,,
5676,Thailand,1994,19.5,
5676,Thailand,1995,,
5676,Thailand,1996,24.9,
5676,Thailand,1997,27.2,
5676,Thailand,1998,27.1,
5676,Thailand,1999,,
5676,Thailand,2000,27.2,
5676,Thailand,2001,25.9,
5676,Thailand,2002,,
5676,Thailand,2003,23.5,
5676,Thailand,2004,23.1,
5676,Thailand,2005,,
5676,Thailand,2006,26.0,
5676,Thailand,2007,27.1,€79k
5676,Thailand,2008,27.1,€77k
5676,Thailand,2009,26.3,€89k
5676,Thailand,2010,25.0,€63k
5676,Thailand,2011,27.6,€31k
5676,Thailand,2012,28.4,€28k
5676,Thailand,2013,25.4,€16k
5676,Thailand,2014,25.8,€64k
5676,Thailand,2015,25.3,€61k
5676,Thailand,2016,26.6,€235k
5676,Thailand,2017,26.1,€187k
5676,Thailand,2018,26.0,€194k
5676,Thailand,2019,27.5,€299k
5676,Thailand,2020,,
5676,Thailand,2021,26.7,€264k
5676,Thailand,2022,27.6,€273k
5676,Thailand,2023,27.4,€264k
5676,Thailand,2024,28.3,€300k
5676,Thailand,2025,26.7,€310k
5676,Thailand,2026,28.5,€268k
5598,China,1992,25.4,
5598,China,1993,24.2,
5598,China,1994,25.2,
5598,China,1995,23.2,
5598,China,1996,25.5,
5598,China,1997,25.3,
5598,China,1998,23.9,
5598,China,1999,,
5598,China,2000,27.2,
5598,China,2001,25.8,
5598,China,2002,26.2,
5598,China,2003,24.9,
5598,China,2004,25.0,
5598,China,2005,25.6,€393k
5598,China,2006,24.3,€268k
5598,China,2007,25.8,€320k
5598,China,2008,27.0,€222k
5598,China,2009,24.8,€159k
5598,China,2010,24.2,€107k
5598,China,2011,26.3,€291k
5598,China,2012,24.8,€37k
5598,China,2013,25.7,€317k
5598,China,2014,25.7,€330k
5598,China,2015,26.0,€410k
5598,China,2016,27.0,€482k
5598,China,2017,26.8,€353k
5598,China,2018,27.4,€436k
5598,China,2019,29.2,€544k
5598,China,2020,,
5598,China,2021,29.0,€765k
5598,China,2022,26.4,€441k
5598,China,2023,29.6,€343k
5598,China,2024,28.4,€363k
5598,China,2025,26.7,€410k
5598,China,2026,27.9,€512k
17758,Palestine,1992,,
17758,Palestine,1993,,
17758,Palestine,1994,,
17758,Palestine,1995,,
17758,Palestine,1996,,
17758,Palestine,1997,,
17758,Palestine,1998,,
17758,Palestine,1999,,
17758,Palestine,2000,25.5,
17758,Palestine,2001,25.7,
17758,Palestine,2002,24.5,
17758,Palestine,2003,,
17758,Palestine,2004,24.8,
17758,Palestine,2005,,
17758,Palestine,2006,25.7,€2k
17758,Palestine,2007,25.2,
17758,Palestine,2008,26.8,€23k
17758,Palestine,2009,23.7,€6k
17758,Palestine,2010,25.0,€11k
17758,Palestine,2011,26.1,€80k
17758,Palestine,2012,25.9,€79k
17758,Palestine,2013,25.3,€47k
17758,Palestine,2014,25.9,€45k
17758,Palestine,2015,25.4,€42k
17758,Palestine,2016,26.8,€105k
17758,Palestine,2017,25.0,€60k
17758,Palestine,2018,25.1,€56k
17758,Palestine,2019,27.6,€85k
17758,Palestine,2020,25.3,€11k
17758,Palestine,2021,27.2,€147k
17758,Palestine,2022,26.9,€210k
17758,Palestine,2023,27.7,€213k
17758,Palestine,2024,26.9,€280k
17758,Palestine,2025,26.3,€335k
17758,Palestine,2026,26.7,€343k
13342,Guatemala,1992,28.9,
13342,Guatemala,1993,,
13342,Guatemala,1994,,
13342,Guatemala,1995,25.0,
13342,Guatemala,1996,26.6,
13342,Guatemala,1997,25.7,
13342,Guatemala,1998,26.0,
13342,Guatemala,1999,26.5,
13342,Guatemala,2000,25.2,
13342,Guatemala,2001,24.8,
13342,Guatemala,2002,,
13342,Guatemala,2003,25.0,
13342,Guatemala,2004,25.1,
13342,Guatemala,2005,26.1,
13342,Guatemala,2006,26.7,€11k
13342,Guatemala,2007,26.2,€43k
13342,Guatemala,2008,26.1,€26k
13342,Guatemala,2009,25.7,€94k
13342,Guatemala,2010,26.4,€63k
13342,Guatemala,2011,28.1,€79k
13342,Guatemala,2012,26.5,€83k
13342,Guatemala,2013,26.1,€46k
13342,Guatemala,2014,26.5,€57k
13342,Guatemala,2015,27.2,€70k
13342,Guatemala,2016,28.3,€39k
13342,Guatemala,2017,,
13342,Guatemala,2018,25.7,€33k
13342,Guatemala,2019,28.2,€59k
13342,Guatemala,2020,26.7,€44k
13342,Guatemala,2021,27.0,€154k
13342,Guatemala,2022,26.2,€228k
13342,Guatemala,2023,27.6,€240k
13342,Guatemala,2024,25.1,€212k
13342,Guatemala,2025,26.1,€265k
13342,Guatemala,2026,25.8,€338k
3450,Belarus,1992,24.3,
3450,Belarus,1993,24.7,
3450,Belarus,1994,27.4,
3450,Belarus,1995,25.4,
3450,Belarus,1996,26.3,
3450,Belarus,1997,24.8,
3450,Belarus,1998,27.0,
3450,Belarus,1999,27.4,
3450,Belarus,2000,27.2,
3450,Belarus,2001,26.8,
3450,Belarus,2002,27.7,
3450,Belarus,2003,27.2,
3450,Belarus,2004,27.4,€470k
3450,Belarus,2005,26.0,€567k
3450,Belarus,2006,25.8,€481k
3450,Belarus,2007,26.7,€999k
3450,Belarus,2008,26.6,€1.01m
3450,Belarus,2009,25.3,€985k
3450,Belarus,2010,27.2,€1.06m
3450,Belarus,2011,26.1,€981k
3450,Belarus,2012,27.5,€1.06m
3450,Belarus,2013,26.0,€1.09m
3450,Belarus,2014,28.1,€924k
3450,Belarus,2015,27.3,€1.03m
3450,Belarus,2016,29.0,€830k
3450,Belarus,2017,26.7,€642k
3450,Belarus,2018,29.4,€747k
3450,Belarus,2019,28.9,€527k
3450,Belarus,2020,28.3,€476k
3450,Belarus,2021,26.9,€400k
3450,Belarus,2022,27.1,€508k
3450,Belarus,2023,26.0,€473k
3450,Belarus,2024,27.3,€470k
3450,Belarus,2025,25.5,€390k
3450,Belarus,2026,26.3,€641k
3580,Luxembourg,1992,28.7,
3580,Luxembourg,1993,26.9,
3580,Luxembourg,1994,27.4,
3580,Luxembourg,1995,26.4,
3580,Luxembourg,1996,28.5,
3580,Luxembourg,1997,28.1,
3580,Luxembourg,1998,28.4,
3580,Luxembourg,1999,27.1,
3580,Luxembourg,2000,28.3,
3580,Luxembourg,2001,27.0,
3580,Luxembourg,2002,27.3,
3580,Luxembourg,2003,25.4,
3580,Luxembourg,2004,25.2,€60k
3580,Luxembourg,2005,22.8,€39k
3580,Luxembourg,2006,22.5,€64k
3580,Luxembourg,2007,25.2,€62k
3580,Luxembourg,2008,24.5,€88k
3580,Luxembourg,2009,23.0,€51k
3580,Luxembourg,2010,24.6,€139k
3580,Luxembourg,2011,23.4,€131k
3580,Luxembourg,2012,25.8,€142k
3580,Luxembourg,2013,24.4,€120k
3580,Luxembourg,2014,25.0,€238k
3580,Luxembourg,2015,23.3,€189k
3580,Luxembourg,2016,24.5,€213k
3580,Luxembourg,2017,23.3,€216k
3580,Luxembourg,2018,25.3,€447k
3580,Luxembourg,2019,24.4,€401k
3580,Luxembourg,2020,25.3,€856k
3580,Luxembourg,2021,24.5,€463k
3580,Luxembourg,2022,25.5,€937k
3580,Luxembourg,2023,25.6,€953k
3580,Luxembourg,2024,26.5,€991k
3580,Luxembourg,2025,25.5,€957k
3580,Luxembourg,2026,26.2,€633k
8778,Vietnam,1992,,
8778,Vietnam,1993,,
8778,Vietnam,1994,,
8778,Vietnam,1995,26.2,
8778,Vietnam,1996,,
8778,Vietnam,1997,24.9,
8778,Vietnam,1998,,
8778,Vietnam,1999,,
8778,Vietnam,2000,,
8778,Vietnam,2001,23.3,
8778,Vietnam,2002,,
8778,Vietnam,2003,22.4,
8778,Vietnam,2004,23.9,
8778,Vietnam,2005,,
8778,Vietnam,2006,21.7,
8778,Vietnam,2007,24.6,€49k
8778,Vietnam,2008,26.2,€36k
8778,Vietnam,2009,24.5,€34k
8778,Vietnam,2010,25.8,€36k
8778,Vietnam,2011,26.4,€11k
8778,Vietnam,2012,27.5,€10k
8778,Vietnam,2013,24.9,€10k
8778,Vietnam,2014,27.7,€17k
8778,Vietnam,2015,24.8,€12k
8778,Vietnam,2016,26.5,€9k
8778,Vietnam,2017,23.5,€9k
8778,Vietnam,2018,23.6,€8k
8778,Vietnam,2019,25.6,€166k
8778,Vietnam,2020,,
8778,Vietnam,2021,24.8,€188k
8778,Vietnam,2022,25.4,€154k
8778,Vietnam,2023,24.9,€178k
8778,Vietnam,2024,27.3,€244k
8778,Vietnam,2025,25.6,€215k
8778,Vietnam,2026,28.1,€277k
13951,El Salvador,1992,27.3,
13951,El Salvador,1993,26.2,
13951,El Salvador,1994,29.0,
13951,El Salvador,1995,25.3,
13951,El Salvador,1996,27.1,
13951,El Salvador,1997,25.4,
13951,El Salvador,1998,27.6,
13951,El Salvador,1999,26.5,
13951,El Salvador,2000,24.9,
13951,El Salvador,2001,24.1,
13951,El Salvador,2002,23.9,
13951,El Salvador,2003,24.1,
13951,El Salvador,2004,25.2,
13951,El Salvador,2005,25.2,
13951,El Salvador,2006,23.8,
13951,El Salvador,2007,23.8,
13951,El Salvador,2008,24.4,€9k
13951,El Salvador,2009,25.3,€5k
13951,El Salvador,2010,24.5,€13k
13951,El Salvador,2011,26.8,€43k
13951,El Salvador,2012,24.9,€36k
13951,El Salvador,2013,24.8,€51k
13951,El Salvador,2014,23.9,€36k
13951,El Salvador,2015,24.3,€35k
13951,El Salvador,2016,24.7,€49k
13951,El Salvador,2017,25.6,€82k
13951,El Salvador,2018,25.8,€69k
13951,El Salvador,2019,28.2,€123k
13951,El Salvador,2020,28.0,€87k
13951,El Salvador,2021,25.4,€95k
13951,El Salvador,2022,24.8,€208k
13951,El Salvador,2023,26.1,€246k
13951,El Salvador,2024,26.1,€177k
13951,El Salvador,2025,25.9,€184k
13951,El Salvador,2026,26.8,€285k
5129,Mozambique,1992,,
5129,Mozambique,1993,,
5129,Mozambique,1994,,
5129,Mozambique,1995,,
5129,Mozambique,1996,25.7,
5129,Mozambique,1997,,
5129,Mozambique,1998,25.1,
5129,Mozambique,1999,,
5129,Mozambique,2000,27.6,
5129,Mozambique,2001,,
5129,Mozambique,2002,,
5129,Mozambique,2003,24.7,
5129,Mozambique,2004,,
5129,Mozambique,2005,,
5129,Mozambique,2006,,
5129,Mozambique,2007,,
5129,Mozambique,2008,27.6,€287k
5129,Mozambique,2009,26.2,€181k
5129,Mozambique,2010,26.3,€167k
5129,Mozambique,2011,26.5,€218k
5129,Mozambique,2012,25.3,€217k
5129,Mozambique,2013,25.7,€118k
5129,Mozambique,2014,28.2,€324k
5129,Mozambique,2015,26.6,€226k
5129,Mozambique,2016,26.5,€232k
5129,Mozambique,2017,27.8,€292k
5129,Mozambique,2018,25.2,€239k
5129,Mozambique,2019,27.7,€234k
5129,Mozambique,2020,25.8,€302k
5129,Mozambique,2021,27.4,€495k
5129,Mozambique,2022,27.1,€292k
5129,Mozambique,2023,27.4,€103k
5129,Mozambique,2024,27.3,€764k
5129,Mozambique,2025,28.1,€743k
5129,Mozambique,2026,27.5,€59k
7149,Trinidad,1992,26.1,
7149,Trinidad,1993,22.9,
7149,Trinidad,1994,24.9,
7149,Trinidad,1995,24.7,
7149,Trinidad,1996,25.3,
7149,Trinidad,1997,23.9,
7149,Trinidad,1998,24.7,
7149,Trinidad,1999,24.9,
7149,Trinidad,2000,26.0,
7149,Trinidad,2001,25.8,
7149,Trinidad,2002,25.7,
7149,Trinidad,2003,24.9,
7149,Trinidad,2004,26.0,
7149,Trinidad,2005,27.2,€165k
7149,Trinidad,2006,26.9,€248k
7149,Trinidad,2007,24.9,€44k
7149,Trinidad,2008,25.6,€292k
7149,Trinidad,2009,26.2,€392k
7149,Trinidad,2010,23.8,€98k
7149,Trinidad,2011,27.6,€351k
7149,Trinidad,2012,24.9,€86k
7149,Trinidad,2013,25.6,€316k
7149,Trinidad,2014,25.3,€379k
7149,Trinidad,2015,25.1,€220k
7149,Trinidad,2016,27.6,€177k
7149,Trinidad,2017,26.2,€138k
7149,Trinidad,2018,24.4,€133k
7149,Trinidad,2019,26.9,€143k
7149,Trinidad,2020,,
7149,Trinidad,2021,27.9,€240k
7149,Trinidad,2022,26.5,€219k
7149,Trinidad,2023,27.9,€291k
7149,Trinidad,2024,26.2,€282k
7149,Trinidad,2025,25.7,€375k
7149,Trinidad,2026,24.4,€172k
13975,Tajikistan,1992,24.7,
13975,Tajikistan,1993,23.8,
13975,Tajikistan,1994,23.8,
13975,Tajikistan,1995,,
13975,Tajikistan,1996,26.1,
13975,Tajikistan,1997,27.4,
13975,Tajikistan,1998,25.8,
13975,Tajikistan,1999,28.2,
13975,Tajikistan,2000,26.7,
13975,Tajikistan,2001,,
13975,Tajikistan,2002,,
13975,Tajikistan,2003,27.9,
13975,Tajikistan,2004,26.0,
13975,Tajikistan,2005,,
13975,Tajikistan,2006,25.7,
13975,Tajikistan,2007,22.3,
13975,Tajikistan,2008,24.6,€8k
13975,Tajikistan,2009,23.0,€5k
13975,Tajikistan,2010,23.9,€13k
13975,Tajikistan,2011,24.7,€11k
13975,Tajikistan,2012,,
13975,Tajikistan,2013,24.7,€13k
13975,Tajikistan,2014,25.5,€25k
13975,Tajikistan,2015,24.3,€30k
13975,Tajikistan,2016,26.3,€45k
13975,Tajikistan,2017,23.8,€50k
13975,Tajikistan,2018,22.7,€27k
13975,Tajikistan,2019,24.6,€142k
13975,Tajikistan,2020,22.6,€110k
13975,Tajikistan,2021,24.2,€253k
13975,Tajikistan,2022,22.9,€214k
13975,Tajikistan,2023,24.1,€249k
13975,Tajikistan,2024,23.1,€208k
13975,Tajikistan,2025,24.5,€255k
13975,Tajikistan,2026,25.9,€324k
14635,Madagascar,1992,,
14635,Madagascar,1993,,
14635,Madagascar,1994,,
14635,Madagascar,1995,,
14635,Madagascar,1996,,
14635,Madagascar,1997,,
14635,Madagascar,1998,,
14635,Madagascar,1999,,
14635,Madagascar,2000,28.0,
14635,Madagascar,2001,26.0,
14635,Madagascar,2002,27.9,
14635,Madagascar,2003,26.3,
14635,Madagascar,2004,,
14635,Madagascar,2005,,
14635,Madagascar,2006,,
14635,Madagascar,2007,23.7,
14635,Madagascar,2008,23.9,€15k
14635,Madagascar,2009,21.7,
14635,Madagascar,2010,24.5,€18k
14635,Madagascar,2011,25.5,€9k
14635,Madagascar,2012,24.8,€28k
14635,Madagascar,2013,,
14635,Madagascar,2014,26.5,€73k
14635,Madagascar,2015,27.8,€130k
14635,Madagascar,2016,27.5,€65k
14635,Madagascar,2017,28.3,€270k
14635,Madagascar,2018,27.5,€273k
14635,Madagascar,2019,29.1,€426k
14635,Madagascar,2020,27.6,€495k
14635,Madagascar,2021,29.3,€317k
14635,Madagascar,2022,27.2,€286k
14635,Madagascar,2023,28.8,€178k
14635,Madagascar,2024,26.6,€276k
14635,Madagascar,2025,26.6,€219k
14635,Madagascar,2026,28.0,€282k
13485,Equat. Guinea,1992,,
13485,Equat. Guinea,1993,,
13485,Equat. Guinea,1994,,
13485,Equat. Guinea,1995,,
13485,Equat. Guinea,1996,,
13485,Equat. Guinea,1997,,
13485,Equat. Guinea,1998,,
13485,Equat. Guinea,1999,,
13485,Equat. Guinea,2000,21.5,
13485,Equat. Guinea,2001,,
13485,Equat. Guinea,2002,21.9,
13485,Equat. Guinea,2003,23.2,
13485,Equat. Guinea,2004,,
13485,Equat. Guinea,2005,,
13485,Equat. Guinea,2006,25.9,€193k
13485,Equat. Guinea,2007,25.3,€317k
13485,Equat. Guinea,2008,26.8,€252k
13485,Equat. Guinea,2009,24.4,€67k
13485,Equat. Guinea,2010,23.2,
13485,Equat. Guinea,2011,24.6,€112k
13485,Equat. Guinea,2012,26.5,€112k
13485,Equat. Guinea,2013,26.6,€248k
13485,Equat. Guinea,2014,26.5,€233k
13485,Equat. Guinea,2015,25.8,€114k
13485,Equat. Guinea,2016,25.1,€179k
13485,Equat. Guinea,2017,26.2,€268k
13485,Equat. Guinea,2018,22.7,€263k
13485,Equat. Guinea,2019,24.8,€304k
13485,Equat. Guinea,2020,,
13485,Equat. Guinea,2021,23.7,€253k
13485,Equat. Guinea,2022,24.7,€226k
13485,Equat. Guinea,2023,24.4,€205k
13485,Equat. Guinea,2024,24.9,€227k
13485,Equat. Guinea,2025,25.5,€492k
13485,Equat. Guinea,2026,26.2,€190k
6219,Armenia,1992,22.0,
6219,Armenia,1993,,
6219,Armenia,1994,25.9,
6219,Armenia,1995,24.6,
6219,Armenia,1996,26.4,
6219,Armenia,1997,,
6219,Armenia,1998,26.7,
6219,Armenia,1999,27.0,
6219,Armenia,2000,25.7,
6219,Armenia,2001,25.1,
6219,Armenia,2002,,
6219,Armenia,2003,28.1,
6219,Armenia,2004,26.6,€40k
6219,Armenia,2005,25.3,€2k
6219,Armenia,2006,25.7,€36k
6219,Armenia,2007,,
6219,Armenia,2008,27.4,€287k
6219,Armenia,2009,,
6219,Armenia,2010,26.3,€480k
6219,Armenia,2011,24.2,€342k
6219,Armenia,2012,25.5,€1.39m
6219,Armenia,2013,24.0,€866k
6219,Armenia,2014,26.0,€1.16m
6219,Armenia,2015,,
6219,Armenia,2016,,
6219,Armenia,2017,,
6219,Armenia,2018,27.2,€898k
6219,Armenia,2019,27.1,€1.11m
6219,Armenia,2020,,
6219,Armenia,2021,26.5,€1.13m
6219,Armenia,2022,27.9,€766k
6219,Armenia,2023,,
6219,Armenia,2024,27.0,€1.27m
6219,Armenia,2025,25.7,€1.14m
6219,Armenia,2026,26.0,€1.58m
3956,Kyrgyzstan,1992,22.4,
3956,Kyrgyzstan,1993,22.9,
3956,Kyrgyzstan,1994,23.3,
3956,Kyrgyzstan,1995,,
3956,Kyrgyzstan,1996,25.0,
3956,Kyrgyzstan,1997,25.8,
3956,Kyrgyzstan,1998,,
3956,Kyrgyzstan,1999,23.7,
3956,Kyrgyzstan,2000,26.5,
3956,Kyrgyzstan,2001,24.8,
3956,Kyrgyzstan,2002,,
3956,Kyrgyzstan,2003,26.9,
3956,Kyrgyzstan,2004,,
3956,Kyrgyzstan,2005,,
3956,Kyrgyzstan,2006,,
3956,Kyrgyzstan,2007,24.2,
3956,Kyrgyzstan,2008,26.7,€17k
3956,Kyrgyzstan,2009,23.6,€24k
3956,Kyrgyzstan,2010,,
3956,Kyrgyzstan,2011,25.3,€17k
3956,Kyrgyzstan,2012,21.7,€8k
3956,Kyrgyzstan,2013,24.8,€10k
3956,Kyrgyzstan,2014,27.0,€28k
3956,Kyrgyzstan,2015,25.3,€40k
3956,Kyrgyzstan,2016,26.3,€43k
3956,Kyrgyzstan,2017,25.0,€51k
3956,Kyrgyzstan,2018,25.6,€42k
3956,Kyrgyzstan,2019,27.5,€132k
3956,Kyrgyzstan,2020,,
3956,Kyrgyzstan,2021,26.6,€207k
3956,Kyrgyzstan,2022,25.5,€192k
3956,Kyrgyzstan,2023,26.9,€198k
3956,Kyrgyzstan,2024,24.6,€203k
3956,Kyrgyzstan,2025,25.1,€207k
3956,Kyrgyzstan,2026,26.1,€271k
3586,Lebanon,1992,,
3586,Lebanon,1993,,
3586,Lebanon,1994,,
3586,Lebanon,1995,27.8,
3586,Lebanon,1996,27.7,
3586,Lebanon,1997,28.8,
3586,Lebanon,1998,24.9,
3586,Lebanon,1999,,
3586,Lebanon,2000,26.6,
3586,Lebanon,2001,26.6,
3586,Lebanon,2002,23.8,
3586,Lebanon,2003,23.4,
3586,Lebanon,2004,23.7,
3586,Lebanon,2005,,
3586,Lebanon,2006,24.2,
3586,Lebanon,2007,25.5,€67k
3586,Lebanon,2008,25.5,€90k
3586,Lebanon,2009,25.1,€72k
3586,Lebanon,2010,24.8,€76k
3586,Lebanon,2011,25.9,€180k
3586,Lebanon,2012,25.9,€174k
3586,Lebanon,2013,25.5,€153k
3586,Lebanon,2014,26.5,€93k
3586,Lebanon,2015,26.6,€119k
3586,Lebanon,2016,27.5,€106k
3586,Lebanon,2017,26.3,€111k
3586,Lebanon,2018,27.0,€163k
3586,Lebanon,2019,28.5,€135k
3586,Lebanon,2020,26.2,€99k
3586,Lebanon,2021,26.2,€83k
3586,Lebanon,2022,26.6,€202k
3586,Lebanon,2023,28.3,€273k
3586,Lebanon,2024,27.8,€244k
3586,Lebanon,2025,26.7,€243k
3586,Lebanon,2026,28.7,€277k
16430,Comoros,1992,,
16430,Comoros,1993,,
16430,Comoros,1994,,
16430,Comoros,1995,,
16430,Comoros,1996,,
16430,Comoros,1997,,
16430,Comoros,1998,,
16430,Comoros,1999,,
16430,Comoros,2000,,
16430,Comoros,2001,,
16430,Comoros,2002,,
16430,Comoros,2003,,
16430,Comoros,2004,,
16430,Comoros,2005,,
16430,Comoros,2006,,
16430,Comoros,2007,23.6,
16430,Comoros,2008,,
16430,Comoros,2009,,
16430,Comoros,2010,24.7,€65k
16430,Comoros,2011,25.7,€53k
16430,Comoros,2012,,
16430,Comoros,2013,,
16430,Comoros,2014,27.0,€304k
16430,Comoros,2015,26.9,€182k
16430,Comoros,2016,26.8,€280k
16430,Comoros,2017,26.6,€278k
16430,Comoros,2018,25.9,€329k
16430,Comoros,2019,26.8,€286k
16430,Comoros,2020,26.5,€423k
16430,Comoros,2021,26.5,€274k
16430,Comoros,2022,26.3,€312k
16430,Comoros,2023,26.2,€200k
16430,Comoros,2024,25.7,€640k
16430,Comoros,2025,25.1,€463k
16430,Comoros,2026,23.6,€158k
9110,Kazakhstan,1992,25.2,
9110,Kazakhstan,1993,,
9110,Kazakhstan,1994,24.5,
9110,Kazakhstan,1995,25.6,
9110,Kazakhstan,1996,26.3,
9110,Kazakhstan,1997,25.7,
9110,Kazakhstan,1998,23.3,
9110,Kazakhstan,1999,,
9110,Kazakhstan,2000,26.3,
9110,Kazakhstan,2001,24.1,
9110,Kazakhstan,2002,24.4,
9110,Kazakhstan,2003,24.9,
9110,Kazakhstan,2004,26.6,€1k
9110,Kazakhstan,2005,24.6,€1k
9110,Kazakhstan,2006,23.7,€6k
9110,Kazakhstan,2007,26.8,€97k
9110,Kazakhstan,2008,26.2,€165k
9110,Kazakhstan,2009,,
9110,Kazakhstan,2010,26.6,€259k
9110,Kazakhstan,2011,25.8,€218k
9110,Kazakhstan,2012,26.6,€237k
9110,Kazakhstan,2013,26.5,€249k
9110,Kazakhstan,2014,27.8,€292k
9110,Kazakhstan,2015,26.8,€293k
9110,Kazakhstan,2016,27.9,€540k
9110,Kazakhstan,2017,26.2,€558k
9110,Kazakhstan,2018,26.7,€955k
9110,Kazakhstan,2019,25.8,€838k
9110,Kazakhstan,2020,28.0,€792k
9110,Kazakhstan,2021,26.9,€659k
9110,Kazakhstan,2022,28.6,€569k
9110,Kazakhstan,2023,28.6,€639k
9110,Kazakhstan,2024,28.9,€541k
9110,Kazakhstan,2025,26.8,€489k
9110,Kazakhstan,2026,,
8987,Kenya,1992,23.2,
8987,Kenya,1993,,
8987,Kenya,1994,,
8987,Kenya,1995,,
8987,Kenya,1996,24.2,
8987,Kenya,1997,23.5,
8987,Kenya,1998,,
8987,Kenya,1999,,
8987,Kenya,2000,25.0,
8987,Kenya,2001,23.9,
8987,Kenya,2002,24.7,
8987,Kenya,2003,24.7,
8987,Kenya,2004,26.3,€13k
8987,Kenya,2005,25.9,€10k
8987,Kenya,2006,25.8,€100k
8987,Kenya,2007,24.2,€52k
8987,Kenya,2008,25.6,€152k
8987,Kenya,2009,25.3,€94k
8987,Kenya,2010,26.3,€264k
8987,Kenya,2011,26.4,€225k
8987,Kenya,2012,23.6,€113k
8987,Kenya,2013,24.5,€164k
8987,Kenya,2014,26.3,€474k
8987,Kenya,2015,23.4,€305k
8987,Kenya,2016,25.9,€644k
8987,Kenya,2017,25.0,€419k
8987,Kenya,2018,24.5,€565k
8987,Kenya,2019,26.6,€229k
8987,Kenya,2020,25.5,€510k
8987,Kenya,2021,24.9,€69k
8987,Kenya,2022,,
8987,Kenya,2023,27.2,€517k
8987,Kenya,2024,26.1,€490k
8987,Kenya,2025,24.9,€273k
8987,Kenya,2026,23.8,€131k
6602,Libya,1992,,
6602,Libya,1993,,
6602,Libya,1994,,
6602,Libya,1995,,
6602,Libya,1996,,
6602,Libya,1997,,
6602,Libya,1998,,
6602,Libya,1999,,
6602,Libya,2000,27.2,
6602,Libya,2001,23.7,
6602,Libya,2002,,
6602,Libya,2003,25.6,
6602,Libya,2004,27.8,€21k
6602,Libya,2005,25.6,€17k
6602,Libya,2006,27.8,€27k
6602,Libya,2007,24.5,
6602,Libya,2008,26.7,€32k
6602,Libya,2009,26.8,
6602,Libya,2010,27.8,€163k
6602,Libya,2011,26.9,€46k
6602,Libya,2012,26.4,€111k
6602,Libya,2013,24.8,€183k
6602,Libya,2014,24.5,€48k
6602,Libya,2015,25.0,€74k
6602,Libya,2016,26.1,€130k
6602,Libya,2017,25.5,€74k
6602,Libya,2018,25.6,€136k
6602,Libya,2019,27.4,€165k
6602,Libya,2020,25.8,€94k
6602,Libya,2021,27.3,€351k
6602,Libya,2022,26.2,€398k
6602,Libya,2023,27.4,€242k
6602,Libya,2024,26.1,€44k
6602,Libya,2025,26.5,€33k
6602,Libya,2026,26.6,€533k
14666,Tanzania,1992,,
14666,Tanzania,1993,,
14666,Tanzania,1994,,
14666,Tanzania,1995,,
14666,Tanzania,1996,,
14666,Tanzania,1997,,
14666,Tanzania,1998,,
14666,Tanzania,1999,,
14666,Tanzania,2000,23.9,
14666,Tanzania,2001,24.3,
14666,Tanzania,2002,24.7,
14666,Tanzania,2003,22.4,
14666,Tanzania,2004,,
14666,Tanzania,2005,,
14666,Tanzania,2006,23.5,
14666,Tanzania,2007,23.2,
14666,Tanzania,2008,22.0,
14666,Tanzania,2009,22.2,
14666,Tanzania,2010,23.9,€17k
14666,Tanzania,2011,24.7,€20k
14666,Tanzania,2012,23.6,€6k
14666,Tanzania,2013,24.0,€32k
14666,Tanzania,2014,25.5,€27k
14666,Tanzania,2015,25.2,€35k
14666,Tanzania,2016,25.3,€103k
14666,Tanzania,2017,24.4,€163k
14666,Tanzania,2018,24.2,€87k
14666,Tanzania,2019,26.5,€263k
14666,Tanzania,2020,24.8,€460k
14666,Tanzania,2021,26.4,€109k
14666,Tanzania,2022,24.6,€145k
14666,Tanzania,2023,24.9,€109k
14666,Tanzania,2024,24.4,€99k
14666,Tanzania,2025,24.6,€83k
14666,Tanzania,2026,26.3,€361k
14163,Niger,1992,,
14163,Niger,1993,,
14163,Niger,1994,,
14163,Niger,1995,,
14163,Niger,1996,,
14163,Niger,1997,,
14163,Niger,1998,20.8,
14163,Niger,1999,,
14163,Niger,2000,,
14163,Niger,2001,,
14163,Niger,2002,23.3,
14163,Niger,2003,22.3,
14163,Niger,2004,,
14163,Niger,2005,,
14163,Niger,2006,23.4,
14163,Niger,2007,22.0,
14163,Niger,2008,24.1,€82k
14163,Niger,2009,,
14163,Niger,2010,22.9,€118k
14163,Niger,2011,23.4,€138k
14163,Niger,2012,23.7,€83k
14163,Niger,2013,24.6,€83k
14163,Niger,2014,24.6,€186k
14163,Niger,2015,23.7,€108k
14163,Niger,2016,26.2,€74k
14163,Niger,2017,25.9,€87k
14163,Niger,2018,25.5,€45k
14163,Niger,2019,27.3,€82k
14163,Niger,2020,26.4,€86k
14163,Niger,2021,26.8,€99k
14163,Niger,2022,25.3,€111k
14163,Niger,2023,26.6,€109k
14163,Niger,2024,24.7,€134k
14163,Niger,2025,24.7,€184k
14163,Niger,2026,26.4,€440k
14238,Mauritania,1992,,
14238,Mauritania,1993,,
14238,Mauritania,1994,,
14238,Mauritania,1995,,
14238,Mauritania,1996,23.3,
14238,Mauritania,1997,,
14238,Mauritania,1998,,
14238,Mauritania,1999,,
14238,Mauritania,2000,26.5,
14238,Mauritania,2001,,
14238,Mauritania,2002,24.1,
14238,Mauritania,2003,25.3,
14238,Mauritania,2004,,
14238,Mauritania,2005,,
14238,Mauritania,2006,,
14238,Mauritania,2007,24.8,€54k
14238,Mauritania,2008,25.9,€35k
14238,Mauritania,2009,,
14238,Mauritania,2010,27.0,
14238,Mauritania,2011,,
14238,Mauritania,2012,,
14238,Mauritania,2013,25.0,€67k
14238,Mauritania,2014,26.9,€125k
14238,Mauritania,2015,25.5,€88k
14238,Mauritania,2016,25.7,€123k
14238,Mauritania,2017,24.7,€118k
14238,Mauritania,2018,24.1,€104k
14238,Mauritania,2019,25.9,€139k
14238,Mauritania,2020,23.7,€111k
14238,Mauritania,2021,25.1,€216k
14238,Mauritania,2022,25.6,€311k
14238,Mauritania,2023,25.8,€216k
14238,Mauritania,2024,26.5,€356k
14238,Mauritania,2025,25.6,€222k
14238,Mauritania,2026,26.9,€1.01m
6186,The Gambia,1992,,
6186,The Gambia,1993,,
6186,The Gambia,1994,,
6186,The Gambia,1995,,
6186,The Gambia,1996,23.1,
6186,The Gambia,1997,,
6186,The Gambia,1998,,
6186,The Gambia,1999,,
6186,The Gambia,2000,23.6,
6186,The Gambia,2001,18.8,
6186,The Gambia,2002,,
6186,The Gambia,2003,24.8,
6186,The Gambia,2004,,
6186,The Gambia,2005,,
6186,The Gambia,2006,25.4,€211k
6186,The Gambia,2007,26.3,€234k
6186,The Gambia,2008,23.9,€319k
6186,The Gambia,2009,,
6186,The Gambia,2010,25.6,€388k
6186,The Gambia,2011,24.3,€320k
6186,The Gambia,2012,23.3,€227k
6186,The Gambia,2013,23.4,€172k
6186,The Gambia,2014,,
6186,The Gambia,2015,25.9,€329k
6186,The Gambia,2016,24.1,€331k
6186,The Gambia,2017,26.6,€1.01m
6186,The Gambia,2018,25.1,€899k
6186,The Gambia,2019,25.7,€739k
6186,The Gambia,2020,25.5,€1.31m
6186,The Gambia,2021,24.8,€1.04m
6186,The Gambia,2022,25.2,€1.09m
6186,The Gambia,2023,25.5,€1.10m
6186,The Gambia,2024,26.9,€1.45m
6186,The Gambia,2025,25.6,€2.10m
6186,The Gambia,2026,25.2,€3.40m
13313,Sudan,1992,,
13313,Sudan,1993,,
13313,Sudan,1994,,
13313,Sudan,1995,,
13313,Sudan,1996,20.3,
13313,Sudan,1997,,
13313,Sudan,1998,21.2,
13313,Sudan,1999,,
13313,Sudan,2000,24.7,
13313,Sudan,2001,24.8,
13313,Sudan,2002,24.5,
13313,Sudan,2003,23.8,
13313,Sudan,2004,25.7,
13313,Sudan,2005,24.9,
13313,Sudan,2006,26.2,
13313,Sudan,2007,25.6,
13313,Sudan,2008,27.2,€133k
13313,Sudan,2009,25.4,€62k
13313,Sudan,2010,25.6,€52k
13313,Sudan,2011,26.1,€49k
13313,Sudan,2012,26.2,€66k
13313,Sudan,2013,26.7,€63k
13313,Sudan,2014,29.0,€118k
13313,Sudan,2015,27.7,€95k
13313,Sudan,2016,28.0,€89k
13313,Sudan,2017,26.4,€25k
13313,Sudan,2018,26.1,€29k
13313,Sudan,2019,26.9,€35k
13313,Sudan,2020,26.1,€33k
13313,Sudan,2021,25.8,€23k
13313,Sudan,2022,25.6,€70k
13313,Sudan,2023,27.5,€31k
13313,Sudan,2024,27.8,€63k
13313,Sudan,2025,27.5,€32k
13313,Sudan,2026,29.2,€121k
15457,North Korea,1992,24.0,
15457,North Korea,1993,24.2,
15457,North Korea,1994,,
15457,North Korea,1995,,
15457,North Korea,1996,,
15457,North Korea,1997,,
15457,North Korea,1998,25.4,
15457,North Korea,1999,,
15457,North Korea,2000,,
15457,North Korea,2001,,
15457,North Korea,2002,,
15457,North Korea,2003,22.4,
15457,North Korea,2004,22.6,
15457,North Korea,2005,22.3,
15457,North Korea,2006,,
15457,North Korea,2007,21.4,
15457,North Korea,2008,23.6,€109k
15457,North Korea,2009,23.2,€35k
15457,North Korea,2010,23.8,€269k
15457,North Korea,2011,23.5,€235k
15457,North Korea,2012,22.6,€131k
15457,North Korea,2013,20.5,€28k
15457,North Korea,2014,22.5,€21k
15457,North Korea,2015,24.4,€67k
15457,North Korea,2016,24.0,€59k
15457,North Korea,2017,24.3,€77k
15457,North Korea,2018,25.7,€99k
15457,North Korea,2019,27.1,€98k
15457,North Korea,2020,,
15457,North Korea,2021,,
15457,North Korea,2022,,
15457,North Korea,2023,26.4,€238k
15457,North Korea,2024,26.1,€238k
15457,North Korea,2025,24.8,€211k
15457,North Korea,2026,25.8,€236k
6187,Sierra Leone,1992,,
6187,Sierra Leone,1993,,
6187,Sierra Leone,1994,21.8,
6187,Sierra Leone,1995,,
6187,Sierra Leone,1996,21.6,
6187,Sierra Leone,1997,22.5,
6187,Sierra Leone,1998,24.1,
6187,Sierra Leone,1999,,
6187,Sierra Leone,2000,23.5,
6187,Sierra Leone,2001,23.7,
6187,Sierra Leone,2002,,
6187,Sierra Leone,2003,23.0,
6187,Sierra Leone,2004,,
6187,Sierra Leone,2005,,
6187,Sierra Leone,2006,,
6187,Sierra Leone,2007,25.2,€374k
6187,Sierra Leone,2008,25.5,€312k
6187,Sierra Leone,2009,,
6187,Sierra Leone,2010,24.1,€568k
6187,Sierra Leone,2011,25.1,€496k
6187,Sierra Leone,2012,26.1,€505k
6187,Sierra Leone,2013,25.7,€396k
6187,Sierra Leone,2014,24.9,€249k
6187,Sierra Leone,2015,24.6,€187k
6187,Sierra Leone,2016,25.9,€187k
6187,Sierra Leone,2017,28.0,€279k
6187,Sierra Leone,2018,27.4,€143k
6187,Sierra Leone,2019,25.6,€173k
6187,Sierra Leone,2020,25.5,€182k
6187,Sierra Leone,2021,23.6,€153k
6187,Sierra Leone,2022,24.1,€283k
6187,Sierra Leone,2023,24.7,€150k
6187,Sierra Leone,2024,25.6,€247k
6187,Sierra Leone,2025,25.8,€382k
6187,Sierra Leone,2026,24.3,€555k
3573,Namibia,1992,,
3573,Namibia,1993,,
3573,Namibia,1994,,
3573,Namibia,1995,,
3573,Namibia,1996,24.1,
3573,Namibia,1997,,
3573,Namibia,1998,24.6,
3573,Namibia,1999,,
3573,Namibia,2000,24.5,
3573,Namibia,2001,24.6,
3573,Namibia,2002,25.2,
3573,Namibia,2003,24.5,
3573,Namibia,2004,,
3573,Namibia,2005,,
3573,Namibia,2006,26.0,€127k
3573,Namibia,2007,24.1,
3573,Namibia,2008,26.9,€139k
3573,Namibia,2009,29.0,€212k
3573,Namibia,2010,27.7,€121k
3573,Namibia,2011,26.1,€62k
3573,Namibia,2012,25.0,€58k
3573,Namibia,2013,26.3,€58k
3573,Namibia,2014,27.2,€61k
3573,Namibia,2015,25.9,€58k
3573,Namibia,2016,26.8,€84k
3573,Namibia,2017,26.0,€73k
3573,Namibia,2018,25.5,€50k
3573,Namibia,2019,28.1,€119k
3573,Namibia,2020,27.6,€129k
3573,Namibia,2021,29.1,€191k
3573,Namibia,2022,30.5,€208k
3573,Namibia,2023,27.0,€165k
3573,Namibia,2024,28.3,€108k
3573,Namibia,2025,28.2,€95k
3573,Namibia,2026,27.3,€90k
3815,Togo,1992,,
3815,Togo,1993,,
3815,Togo,1994,,
3815,Togo,1995,,
3815,Togo,1996,,
3815,Togo,1997,22.9,
3815,Togo,1998,22.4,
3815,Togo,1999,22.3,
3815,Togo,2000,22.6,
3815,Togo,2001,21.4,
3815,Togo,2002,24.1,
3815,Togo,2003,23.8,
3815,Togo,2004,24.1,€520k
3815,Togo,2005,24.0,€413k
3815,Togo,2006,26.0,€605k
3815,Togo,2007,26.5,€1.46m
3815,Togo,2008,25.9,€1.34m
3815,Togo,2009,26.0,€1.04m
3815,Togo,2010,25.5,€533k
3815,Togo,2011,24.4,€1.17m
3815,Togo,2012,24.2,€971k
3815,Togo,2013,25.0,€904k
3815,Togo,2014,26.9,€802k
3815,Togo,2015,27.0,€585k
3815,Togo,2016,26.4,€597k
3815,Togo,2017,26.9,€863k
3815,Togo,2018,25.9,€1.36m
3815,Togo,2019,26.6,€1.14m
3815,Togo,2020,24.9,€2.30m
3815,Togo,2021,27.4,€684k
3815,Togo,2022,26.6,€561k
3815,Togo,2023,27.6,€966k
3815,Togo,2024,27.7,€961k
3815,Togo,2025,28.0,€981k
3815,Togo,2026,25.6,€1.11m
13958,Indonesia,1992,,
13958,Indonesia,1993,18.9,
13958,Indonesia,1994,,
13958,Indonesia,1995,,
13958,Indonesia,1996,23.4,
13958,Indonesia,1997,26.5,
13958,Indonesia,1998,,
13958,Indonesia,1999,,
13958,Indonesia,2000,26.1,
13958,Indonesia,2001,,
13958,Indonesia,2002,,
13958,Indonesia,2003,25.3,
13958,Indonesia,2004,25.7,
13958,Indonesia,2005,24.9,
13958,Indonesia,2006,,
13958,Indonesia,2007,25.4,€22k
13958,Indonesia,2008,,
13958,Indonesia,2009,27.5,€8k
13958,Indonesia,2010,26.3,€10k
13958,Indonesia,2011,28.3,€3k
13958,Indonesia,2012,26.1,€3k
13958,Indonesia,2013,26.7,€13k
13958,Indonesia,2014,27.3,€13k
13958,Indonesia,2015,28.2,
13958,Indonesia,2016,24.6,€6k
13958,Indonesia,2017,22.9,€5k
13958,Indonesia,2018,24.6,€123k
13958,Indonesia,2019,28.7,€208k
13958,Indonesia,2020,,
13958,Indonesia,2021,23.2,€111k
13958,Indonesia,2022,23.8,€226k
13958,Indonesia,2023,24.2,€254k
13958,Indonesia,2024,23.1,€474k
13958,Indonesia,2025,25.7,€1.10m
13958,Indonesia,2026,25.8,€884k
9173,Faroe Islands,1992,25.6,
9173,Faroe Islands,1993,25.1,
9173,Faroe Islands,1994,26.3,
9173,Faroe Islands,1995,25.1,
9173,Faroe Islands,1996,26.3,
9173,Faroe Islands,1997,25.3,
9173,Faroe Islands,1998,27.2,
9173,Faroe Islands,1999,25.4,
9173,Faroe Islands,2000,27.5,
9173,Faroe Islands,2001,25.6,
9173,Faroe Islands,2002,27.2,
9173,Faroe Islands,2003,26.3,
9173,Faroe Islands,2004,27.6,€30k
9173,Faroe Islands,2005,26.2,€46k
9173,Faroe Islands,2006,25.3,€27k
9173,Faroe Islands,2007,27.2,€71k
9173,Faroe Islands,2008,26.8,€72k
9173,Faroe Islands,2009,25.5,€78k
9173,Faroe Islands,2010,27.4,€77k
9173,Faroe Islands,2011,25.6,€80k
9173,Faroe Islands,2012,26.1,€72k
9173,Faroe Islands,2013,24.9,€67k
9173,Faroe Islands,2014,26.5,€63k
9173,Faroe Islands,2015,25.6,€63k
9173,Faroe Islands,2016,27.5,€102k
9173,Faroe Islands,2017,26.6,€90k
9173,Faroe Islands,2018,27.7,€168k
9173,Faroe Islands,2019,25.7,€117k
9173,Faroe Islands,2020,27.7,€157k
9173,Faroe Islands,2021,27.1,€134k
9173,Faroe Islands,2022,27.7,€126k
9173,Faroe Islands,2023,27.0,€129k
9173,Faroe Islands,2024,28.2,€150k
9173,Faroe Islands,2025,27.0,€192k
9173,Faroe Islands,2026,27.5,€222k
8605,Azerbaijan,1992,21.6,
8605,Azerbaijan,1993,24.4,
8605,Azerbaijan,1994,26.7,
8605,Azerbaijan,1995,25.3,
8605,Azerbaijan,1996,28.3,
8605,Azerbaijan,1997,25.4,
8605,Azerbaijan,1998,25.9,
8605,Azerbaijan,1999,25.2,
8605,Azerbaijan,2000,27.2,
8605,Azerbaijan,2001,25.9,
8605,Azerbaijan,2002,27.6,
8605,Azerbaijan,2003,27.3,
8605,Azerbaijan,2004,26.7,€11k
8605,Azerbaijan,2005,25.8,€10k
8605,Azerbaijan,2006,24.9,€55k
8605,Azerbaijan,2007,27.3,€74k
8605,Azerbaijan,2008,26.6,€198k
8605,Azerbaijan,2009,25.1,€87k
8605,Azerbaijan,2010,25.4,€275k
8605,Azerbaijan,2011,25.0,€247k
8605,Azerbaijan,2012,26.0,€224k
8605,Azerbaijan,2013,24.4,€207k
8605,Azerbaijan,2014,25.9,€314k
8605,Azerbaijan,2015,24.5,€244k
8605,Azerbaijan,2016,26.2,€342k
8605,Azerbaijan,2017,25.9,€417k
8605,Azerbaijan,2018,28.0,€533k
8605,Azerbaijan,2019,25.5,€507k
8605,Azerbaijan,2020,26.1,€467k
8605,Azerbaijan,2021,25.5,€426k
8605,Azerbaijan,2022,27.8,€538k
8605,Azerbaijan,2023,26.4,€476k
8605,Azerbaijan,2024,28.0,€584k
8605,Azerbaijan,2025,25.7,€570k
8605,Azerbaijan,2026,27.5,€697k
15359,Suriname,1992,26.2,
15359,Suriname,1993,,
15359,Suriname,1994,23.9,
15359,Suriname,1995,22.4,
15359,Suriname,1996,26.5,
15359,Suriname,1997,,
15359,Suriname,1998,,
15359,Suriname,1999,,
15359,Suriname,2000,23.9,
15359,Suriname,2001,25.2,
15359,Suriname,2002,25.9,
15359,Suriname,2003,,
15359,Suriname,2004,27.8,
15359,Suriname,2005,,
15359,Suriname,2006,27.4,
15359,Suriname,2007,,
15359,Suriname,2008,26.6,€12k
15359,Suriname,2009,25.9,€18k
15359,Suriname,2010,25.2,€7k
15359,Suriname,2011,24.1,€2k
15359,Suriname,2012,25.6,
15359,Suriname,2013,24.8,€6k
15359,Suriname,2014,25.8,
15359,Suriname,2015,26.8,
15359,Suriname,2016,25.5,
15359,Suriname,2017,26.3,
15359,Suriname,2018,24.0,
15359,Suriname,2019,24.7,€33k
15359,Suriname,2020,,
15359,Suriname,2021,27.6,€712k
15359,Suriname,2022,28.2,€178k
15359,Suriname,2023,28.6,€663k
15359,Suriname,2024,26.0,€1.10m
15359,Suriname,2025,28.0,€745k
15359,Suriname,2026,29.1,€1.38m
3668,Cyprus,1992,26.6,
3668,Cyprus,1993,25.7,
3668,Cyprus,1994,27.1,
3668,Cyprus,1995,26.0,
3668,Cyprus,1996,27.5,
3668,Cyprus,1997,26.0,
3668,Cyprus,1998,27.2,
3668,Cyprus,1999,26.5,
3668,Cyprus,2000,27.3,
3668,Cyprus,2001,26.6,
3668,Cyprus,2002,28.3,
3668,Cyprus,2003,28.3,
3668,Cyprus,2004,28.0,€368k
3668,Cyprus,2005,26.0,€395k
3668,Cyprus,2006,26.3,€572k
3668,Cyprus,2007,28.1,€627k
3668,Cyprus,2008,28.5,€535k
3668,Cyprus,2009,26.9,€571k
3668,Cyprus,2010,29.0,€502k
3668,Cyprus,2011,27.2,€395k
3668,Cyprus,2012,28.0,€455k
3668,Cyprus,2013,26.9,€414k
3668,Cyprus,2014,27.3,€353k
3668,Cyprus,2015,26.3,€414k
3668,Cyprus,2016,28.5,€611k
3668,Cyprus,2017,26.8,€468k
3668,Cyprus,2018,27.8,€548k
3668,Cyprus,2019,25.9,€477k
3668,Cyprus,2020,25.6,€654k
3668,Cyprus,2021,24.5,€483k
3668,Cyprus,2022,27.2,€600k
3668,Cyprus,2023,26.3,€666k
3668,Cyprus,2024,28.0,€649k
3668,Cyprus,2025,26.1,€677k
3668,Cyprus,2026,26.8,€715k
8988,Malawi,1992,,
8988,Malawi,1993,,
8988,Malawi,1994,,
8988,Malawi,1995,,
8988,Malawi,1996,25.9,
8988,Malawi,1997,,
8988,Malawi,1998,,
8988,Malawi,1999,,
8988,Malawi,2000,24.4,
8988,Malawi,2001,24.9,
8988,Malawi,2002,,
8988,Malawi,2003,24.4,
8988,Malawi,2004,24.4,
8988,Malawi,2005,23.6,€19k
8988,Malawi,2006,23.1,€50k
8988,Malawi,2007,23.1,€57k
8988,Malawi,2008,24.4,€46k
8988,Malawi,2009,25.2,€48k
8988,Malawi,2010,26.3,€80k
8988,Malawi,2011,25.5,€56k
8988,Malawi,2012,25.1,€74k
8988,Malawi,2013,25.5,€73k
8988,Malawi,2014,25.6,€63k
8988,Malawi,2015,24.5,€65k
8988,Malawi,2016,25.4,€93k
8988,Malawi,2017,25.4,€89k
8988,Malawi,2018,25.7,€64k
8988,Malawi,2019,25.0,€57k
8988,Malawi,2020,25.4,€95k
8988,Malawi,2021,24.9,€70k
8988,Malawi,2022,25.6,€160k
8988,Malawi,2023,26.1,€33k
8988,Malawi,2024,26.3,€28k
8988,Malawi,2025,26.7,€65k
8988,Malawi,2026,26.4,€79k
3855,Rwanda,1992,,
3855,Rwanda,1993,,
3855,Rwanda,1994,,
3855,Rwanda,1995,,
3855,Rwanda,1996,,
3855,Rwanda,1997,,
3855,Rwanda,1998,,
3855,Rwanda,1999,,
3855,Rwanda,2000,22.5,
3855,Rwanda,2001,,
3855,Rwanda,2002,,
3855,Rwanda,2003,23.5,
3855,Rwanda,2004,24.2,€74k
3855,Rwanda,2005,24.6,€117k
3855,Rwanda,2006,25.1,€89k
3855,Rwanda,2007,26.2,€61k
3855,Rwanda,2008,24.1,€82k
3855,Rwanda,2009,25.6,€78k
3855,Rwanda,2010,22.0,€13k
3855,Rwanda,2011,24.3,€32k
3855,Rwanda,2012,23.7,€32k
3855,Rwanda,2013,24.3,€37k
3855,Rwanda,2014,25.3,€37k
3855,Rwanda,2015,22.0,€21k
3855,Rwanda,2016,23.9,€18k
3855,Rwanda,2017,23.1,€38k
3855,Rwanda,2018,23.5,€24k
3855,Rwanda,2019,25.8,€34k
3855,Rwanda,2020,25.1,€49k
3855,Rwanda,2021,26.9,€47k
3855,Rwanda,2022,26.6,€51k
3855,Rwanda,2023,26.6,€109k
3855,Rwanda,2024,26.7,€121k
3855,Rwanda,2025,27.0,€149k
3855,Rwanda,2026,27.1,€233k
6133,Estonia,1992,24.6,
6133,Estonia,1993,24.8,
6133,Estonia,1994,24.2,
6133,Estonia,1995,21.4,
6133,Estonia,1996,24.1,
6133,Estonia,1997,22.0,
6133,Estonia,1998,24.5,
6133,Estonia,1999,23.5,
6133,Estonia,2000,25.2,
6133,Estonia,2001,23.5,
6133,Estonia,2002,25.8,
6133,Estonia,2003,26.5,
6133,Estonia,2004,25.4,€85k
6133,Estonia,2005,24.8,€92k
6133,Estonia,2006,24.2,€113k
6133,Estonia,2007,27.1,€235k
6133,Estonia,2008,26.8,€346k
6133,Estonia,2009,25.4,€280k
6133,Estonia,2010,26.9,€393k
6133,Estonia,2011,26.8,€426k
6133,Estonia,2012,27.5,€386k
6133,Estonia,2013,27.6,€401k
6133,Estonia,2014,27.3,€301k
6133,Estonia,2015,26.9,€398k
6133,Estonia,2016,26.7,€297k
6133,Estonia,2017,25.3,€324k
6133,Estonia,2018,28.1,€265k
6133,Estonia,2019,26.1,€317k
6133,Estonia,2020,26.5,€263k
6133,Estonia,2021,25.9,€223k
6133,Estonia,2022,28.0,€289k
6133,Estonia,2023,27.3,€308k
6133,Estonia,2024,26.7,€325k
6133,Estonia,2025,25.8,€363k
6133,Estonia,2026,25.4,€512k
3583,Zimbabwe,1992,,
3583,Zimbabwe,1993,,
3583,Zimbabwe,1994,,
3583,Zimbabwe,1995,,
3583,Zimbabwe,1996,,
3583,Zimbabwe,1997,,
3583,Zimbabwe,1998,26.5,
3583,Zimbabwe,1999,24.5,
3583,Zimbabwe,2000,27.2,
3583,Zimbabwe,2001,25.7,
3583,Zimbabwe,2002,,
3583,Zimbabwe,2003,26.5,
3583,Zimbabwe,2004,26.7,€128k
3583,Zimbabwe,2005,25.8,€148k
3583,Zimbabwe,2006,29.7,€286k
3583,Zimbabwe,2007,22.5,€19k
3583,Zimbabwe,2008,25.7,€283k
3583,Zimbabwe,2009,,
3583,Zimbabwe,2010,24.9,€223k
3583,Zimbabwe,2011,26.0,€248k
3583,Zimbabwe,2012,25.9,€178k
3583,Zimbabwe,2013,24.5,€97k
3583,Zimbabwe,2014,26.0,€71k
3583,Zimbabwe,2015,24.0,€189k
3583,Zimbabwe,2016,25.1,€161k
3583,Zimbabwe,2017,27.7,€487k
3583,Zimbabwe,2018,25.6,€306k
3583,Zimbabwe,2019,27.7,€603k
3583,Zimbabwe,2020,27.0,€636k
3583,Zimbabwe,2021,27.3,€345k
3583,Zimbabwe,2022,28.6,€682k
3583,Zimbabwe,2023,28.6,€876k
3583,Zimbabwe,2024,26.5,€849k
3583,Zimbabwe,2025,27.0,€723k
3583,Zimbabwe,2026,26.0,€1.21m
15351,Nicaragua,1992,23.5,
15351,Nicaragua,1993,24.1,
15351,Nicaragua,1994,,
15351,Nicaragua,1995,23.2,
15351,Nicaragua,1996,24.1,
15351,Nicaragua,1997,24.5,
15351,Nicaragua,1998,,
15351,Nicaragua,1999,23.8,
15351,Nicaragua,2000,24.6,
15351,Nicaragua,2001,20.8,
15351,Nicaragua,2002,,
15351,Nicaragua,2003,24.8,
15351,Nicaragua,2004,24.1,
15351,Nicaragua,2005,25.2,
15351,Nicaragua,2006,,
15351,Nicaragua,2007,25.1,
15351,Nicaragua,2008,26.1,
15351,Nicaragua,2009,25.8,€10k
15351,Nicaragua,2010,25.4,€9k
15351,Nicaragua,2011,25.8,€4k
15351,Nicaragua,2012,24.9,€2k
15351,Nicaragua,2013,26.3,€5k
15351,Nicaragua,2014,25.0,€2k
15351,Nicaragua,2015,26.6,€22k
15351,Nicaragua,2016,25.1,€13k
15351,Nicaragua,2017,24.9,€26k
15351,Nicaragua,2018,25.0,€33k
15351,Nicaragua,2019,26.0,€44k
15351,Nicaragua,2020,26.8,€29k
15351,Nicaragua,2021,28.5,€57k
15351,Nicaragua,2022,27.2,€50k
15351,Nicaragua,2023,27.6,€141k
15351,Nicaragua,2024,26.9,€125k
15351,Nicaragua,2025,28.5,€152k
15351,Nicaragua,2026,25.6,€172k
3701,Guinea-Bissau,1992,,
3701,Guinea-Bissau,1993,,
3701,Guinea-Bissau,1994,,
3701,Guinea-Bissau,1995,,
3701,Guinea-Bissau,1996,26.6,
3701,Guinea-Bissau,1997,,
3701,Guinea-Bissau,1998,,
3701,Guinea-Bissau,1999,,
3701,Guinea-Bissau,2000,23.7,
3701,Guinea-Bissau,2001,,
3701,Guinea-Bissau,2002,,
3701,Guinea-Bissau,2003,25.0,
3701,Guinea-Bissau,2004,,
3701,Guinea-Bissau,2005,,
3701,Guinea-Bissau,2006,,
3701,Guinea-Bissau,2007,26.5,€64k
3701,Guinea-Bissau,2008,,
3701,Guinea-Bissau,2009,,
3701,Guinea-Bissau,2010,27.4,€380k
3701,Guinea-Bissau,2011,26.4,€349k
3701,Guinea-Bissau,2012,26.9,€539k
3701,Guinea-Bissau,2013,,
3701,Guinea-Bissau,2014,26.3,€436k
3701,Guinea-Bissau,2015,27.4,€299k
3701,Guinea-Bissau,2016,24.8,€386k
3701,Guinea-Bissau,2017,27.1,€362k
3701,Guinea-Bissau,2018,24.8,€423k
3701,Guinea-Bissau,2019,26.5,€499k
3701,Guinea-Bissau,2020,26.7,€797k
3701,Guinea-Bissau,2021,25.9,€680k
3701,Guinea-Bissau,2022,25.5,€623k
3701,Guinea-Bissau,2023,25.1,€687k
3701,Guinea-Bissau,2024,27.2,€1.33m
3701,Guinea-Bissau,2025,26.7,€1.56m
3701,Guinea-Bissau,2026,26.6,€1.65m
3702,Congo,1992,26.0,
3702,Congo,1993,,
3702,Congo,1994,,
3702,Congo,1995,,
3702,Congo,1996,,
3702,Congo,1997,,
3702,Congo,1998,,
3702,Congo,1999,,
3702,Congo,2000,24.8,
3702,Congo,2001,21.9,
3702,Congo,2002,,
3702,Congo,2003,21.2,
3702,Congo,2004,25.9,€25k
3702,Congo,2005,22.3,
3702,Congo,2006,24.9,€89k
3702,Congo,2007,,
3702,Congo,2008,25.7,€435k
3702,Congo,2009,23.9,€442k
3702,Congo,2010,25.5,€480k
3702,Congo,2011,25.2,€338k
3702,Congo,2012,24.7,€502k
3702,Congo,2013,25.0,€733k
3702,Congo,2014,23.4,€335k
3702,Congo,2015,25.0,€474k
3702,Congo,2016,25.3,€381k
3702,Congo,2017,23.8,€357k
3702,Congo,2018,23.4,€222k
3702,Congo,2019,25.6,€281k
3702,Congo,2020,23.4,€328k
3702,Congo,2021,26.2,€290k
3702,Congo,2022,25.2,€359k
3702,Congo,2023,25.9,€428k
3702,Congo,2024,24.3,€458k
3702,Congo,2025,22.4,€70k
3702,Congo,2026,24.6,€115k
3432,Kuwait,1992,23.1,
3432,Kuwait,1993,23.3,
3432,Kuwait,1994,,
3432,Kuwait,1995,20.8,
3432,Kuwait,1996,26.6,
3432,Kuwait,1997,25.8,
3432,Kuwait,1998,26.0,
3432,Kuwait,1999,25.2,
3432,Kuwait,2000,26.8,
3432,Kuwait,2001,24.7,
3432,Kuwait,2002,24.0,
3432,Kuwait,2003,23.5,
3432,Kuwait,2004,23.5,
3432,Kuwait,2005,25.5,
3432,Kuwait,2006,23.6,
3432,Kuwait,2007,25.6,€47k
3432,Kuwait,2008,24.7,
3432,Kuwait,2009,25.0,€48k
3432,Kuwait,2010,25.3,€7k
3432,Kuwait,2011,25.3,€21k
3432,Kuwait,2012,27.3,€21k
3432,Kuwait,2013,26.7,€17k
3432,Kuwait,2014,24.5,€8k
3432,Kuwait,2015,26.9,€19k
3432,Kuwait,2016,,
3432,Kuwait,2017,29.3,€135k
3432,Kuwait,2018,29.0,€61k
3432,Kuwait,2019,28.6,€58k
3432,Kuwait,2020,,
3432,Kuwait,2021,26.3,€196k
3432,Kuwait,2022,27.8,€165k
3432,Kuwait,2023,26.8,€186k
3432,Kuwait,2024,27.5,€156k
3432,Kuwait,2025,26.7,€150k
3432,Kuwait,2026,28.6,€184k
15234,Philippines,1992,,
15234,Philippines,1993,,
15234,Philippines,1994,,
15234,Philippines,1995,,
15234,Philippines,1996,,
15234,Philippines,1997,26.3,
15234,Philippines,1998,,
15234,Philippines,1999,,
15234,Philippines,2000,,
15234,Philippines,2001,24.3,
15234,Philippines,2002,,
15234,Philippines,2003,,
15234,Philippines,2004,,
15234,Philippines,2005,,
15234,Philippines,2006,24.5,
15234,Philippines,2007,,
15234,Philippines,2008,24.5,€10k
15234,Philippines,2009,23.8,€10k
15234,Philippines,2010,26.2,€13k
15234,Philippines,2011,25.7,€73k
15234,Philippines,2012,25.9,€89k
15234,Philippines,2013,26.3,€119k
15234,Philippines,2014,27.5,€106k
15234,Philippines,2015,26.0,€152k
15234,Philippines,2016,26.4,€82k
15234,Philippines,2017,24.8,€58k
15234,Philippines,2018,27.2,€99k
15234,Philippines,2019,28.2,€166k
15234,Philippines,2020,,
15234,Philippines,2021,26.5,€86k
15234,Philippines,2022,25.9,€190k
15234,Philippines,2023,26.2,€129k
15234,Philippines,2024,26.6,€135k
15234,Philippines,2025,24.5,€180k
15234,Philippines,2026,26.3,€139k
13957,India,1992,,
13957,India,1993,,
13957,India,1994,,
13957,India,1995,23.9,
13957,India,1996,,
13957,India,1997,,
13957,India,1998,25.2,
13957,India,1999,,
13957,India,2000,,
13957,India,2001,23.8,
13957,India,2002,22.4,
13957,India,2003,25.5,
13957,India,2004,22.8,
13957,India,2005,24.8,
13957,India,2006,23.6,
13957,India,2007,24.3,
13957,India,2008,25.9,€13k
13957,India,2009,25.8,€17k
13957,India,2010,26.2,€15k
13957,India,2011,25.3,€34k
13957,India,2012,24.6,€21k
13957,India,2013,25.1,€38k
13957,India,2014,25.8,€59k
13957,India,2015,24.5,€27k
13957,India,2016,25.8,€86k
13957,India,2017,24.0,€80k
13957,India,2018,23.5,€59k
13957,India,2019,25.8,€173k
13957,India,2020,,
13957,India,2021,26.7,€185k
13957,India,2022,25.4,€165k
13957,India,2023,27.5,€243k
13957,India,2024,25.8,€215k
13957,India,2025,25.7,€204k
13957,India,2026,26.7,€182k
3555,Latvia,1992,26.7,
3555,Latvia,1993,25.3,
3555,Latvia,1994,27.4,
3555,Latvia,1995,25.3,
3555,Latvia,1996,27.5,
3555,Latvia,1997,26.0,
3555,Latvia,1998,27.1,
3555,Latvia,1999,25.6,
3555,Latvia,2000,26.3,
3555,Latvia,2001,26.9,
3555,Latvia,2002,28.4,
3555,Latvia,2003,26.7,
3555,Latvia,2004,28.4,€714k
3555,Latvia,2005,26.8,€487k
3555,Latvia,2006,27.3,€613k
3555,Latvia,2007,28.6,€355k
3555,Latvia,2008,27.9,€329k
3555,Latvia,2009,27.4,€313k
3555,Latvia,2010,27.1,€417k
3555,Latvia,2011,26.6,€352k
3555,Latvia,2012,27.6,€623k
3555,Latvia,2013,25.8,€431k
3555,Latvia,2014,27.9,€413k
3555,Latvia,2015,26.6,€463k
3555,Latvia,2016,28.1,€325k
3555,Latvia,2017,26.7,€264k
3555,Latvia,2018,27.9,€246k
3555,Latvia,2019,26.1,€195k
3555,Latvia,2020,26.7,€284k
3555,Latvia,2021,25.5,€261k
3555,Latvia,2022,27.3,€380k
3555,Latvia,2023,25.4,€366k
3555,Latvia,2024,27.9,€349k
3555,Latvia,2025,25.2,€361k
3555,Latvia,2026,27.0,€329k
15738,Malaysia,1992,,
15738,Malaysia,1993,,
15738,Malaysia,1994,,
15738,Malaysia,1995,,
15738,Malaysia,1996,,
15738,Malaysia,1997,26.4,
15738,Malaysia,1998,,
15738,Malaysia,1999,22.5,
15738,Malaysia,2000,27.1,
15738,Malaysia,2001,19.8,
15738,Malaysia,2002,22.5,
15738,Malaysia,2003,24.6,
15738,Malaysia,2004,24.4,
15738,Malaysia,2005,,
15738,Malaysia,2006,23.9,
15738,Malaysia,2007,25.9,€10k
15738,Malaysia,2008,26.0,€7k
15738,Malaysia,2009,21.9,€3k
15738,Malaysia,2010,22.7,€4k
15738,Malaysia,2011,26.0,€4k
15738,Malaysia,2012,25.4,
15738,Malaysia,2013,25.8,€1k
15738,Malaysia,2014,28.3,€3k
15738,Malaysia,2015,25.9,€3k
15738,Malaysia,2016,27.3,€86k
15738,Malaysia,2017,26.3,€7k
15738,Malaysia,2018,24.7,€90k
15738,Malaysia,2019,26.9,€172k
15738,Malaysia,2020,,
15738,Malaysia,2021,26.3,€168k
15738,Malaysia,2022,26.5,€155k
15738,Malaysia,2023,26.5,€195k
15738,Malaysia,2024,27.5,€212k
15738,Malaysia,2025,27.4,€417k
15738,Malaysia,2026,28.6,€251k
12933,Central Africa,1992,,
12933,Central Africa,1993,,
12933,Central Africa,1994,,
12933,Central Africa,1995,,
12933,Central Africa,1996,,
12933,Central Africa,1997,,
12933,Central Africa,1998,,
12933,Central Africa,1999,,
12933,Central Africa,2000,25.5,
12933,Central Africa,2001,,
12933,Central Africa,2002,,
12933,Central Africa,2003,,
12933,Central Africa,2004,,
12933,Central Africa,2005,,
12933,Central Africa,2006,,
12933,Central Africa,2007,,
12933,Central Africa,2008,,
12933,Central Africa,2009,,
12933,Central Africa,2010,23.2,€97k
12933,Central Africa,2011,25.3,€107k
12933,Central Africa,2012,23.7,€153k
12933,Central Africa,2013,24.2,€171k
12933,Central Africa,2014,26.1,€236k
12933,Central Africa,2015,27.0,€209k
12933,Central Africa,2016,27.7,€221k
12933,Central Africa,2017,26.9,€204k
12933,Central Africa,2018,26.5,€644k
12933,Central Africa,2019,28.2,€880k
12933,Central Africa,2020,26.8,€1.33m
12933,Central Africa,2021,25.9,€422k
12933,Central Africa,2022,24.8,€13k
12933,Central Africa,2023,26.6,€432k
12933,Central Africa,2024,24.6,€469k
12933,Central Africa,2025,25.2,€241k
12933,Central Africa,2026,25.8,€342k
9172,Liberia,1992,,
9172,Liberia,1993,,
9172,Liberia,1994,,
9172,Liberia,1995,,
9172,Liberia,1996,22.7,
9172,Liberia,1997,,
9172,Liberia,1998,,
9172,Liberia,1999,,
9172,Liberia,2000,25.8,
9172,Liberia,2001,24.3,
9172,Liberia,2002,26.5,
9172,Liberia,2003,21.9,
9172,Liberia,2004,24.7,€3k
9172,Liberia,2005,23.1,€53k
9172,Liberia,2006,22.9,€79k
9172,Liberia,2007,25.7,€186k
9172,Liberia,2008,24.9,€286k
9172,Liberia,2009,,
9172,Liberia,2010,25.4,€429k
9172,Liberia,2011,25.6,€188k
9172,Liberia,2012,25.9,€248k
9172,Liberia,2013,24.2,€139k
9172,Liberia,2014,24.6,€100k
9172,Liberia,2015,26.0,€174k
9172,Liberia,2016,25.7,€143k
9172,Liberia,2017,24.2,€82k
9172,Liberia,2018,24.1,€150k
9172,Liberia,2019,23.8,€132k
9172,Liberia,2020,,
9172,Liberia,2021,24.6,€203k
9172,Liberia,2022,25.1,€195k
9172,Liberia,2023,26.2,€343k
9172,Liberia,2024,24.8,€515k
9172,Liberia,2025,24.6,€380k
9172,Liberia,2026,24.5,€551k
14248,Turkmenistan,1992,23.7,
14248,Turkmenistan,1993,23.6,
14248,Turkmenistan,1994,25.1,
14248,Turkmenistan,1995,,
14248,Turkmenistan,1996,25.5,
14248,Turkmenistan,1997,26.1,
14248,Turkmenistan,1998,26.9,
14248,Turkmenistan,1999,26.3,
14248,Turkmenistan,2000,27.4,
14248,Turkmenistan,2001,27.2,
14248,Turkmenistan,2002,,
14248,Turkmenistan,2003,26.1,
14248,Turkmenistan,2004,25.7,
14248,Turkmenistan,2005,25.3,
14248,Turkmenistan,2006,,
14248,Turkmenistan,2007,25.3,€2k
14248,Turkmenistan,2008,26.7,€29k
14248,Turkmenistan,2009,25.6,€19k
14248,Turkmenistan,2010,26.7,€20k
14248,Turkmenistan,2011,25.3,€24k
14248,Turkmenistan,2012,24.6,€13k
14248,Turkmenistan,2013,24.5,€11k
14248,Turkmenistan,2014,26.9,€18k
14248,Turkmenistan,2015,27.2,€29k
14248,Turkmenistan,2016,28.5,€24k
14248,Turkmenistan,2017,26.6,€28k
14248,Turkmenistan,2018,26.1,€33k
14248,Turkmenistan,2019,27.9,€89k
14248,Turkmenistan,2020,,
14248,Turkmenistan,2021,28.3,€78k
14248,Turkmenistan,2022,27.8,€87k
14248,Turkmenistan,2023,28.3,€110k
14248,Turkmenistan,2024,27.6,€102k
14248,Turkmenistan,2025,27.1,€81k
14248,Turkmenistan,2026,27.6,€134k
13943,Burundi,1992,,
13943,Burundi,1993,,
13943,Burundi,1994,,
13943,Burundi,1995,,
13943,Burundi,1996,,
13943,Burundi,1997,,
13943,Burundi,1998,,
13943,Burundi,1999,,
13943,Burundi,2000,,
13943,Burundi,2001,,
13943,Burundi,2002,23.7,
13943,Burundi,2003,22.5,
13943,Burundi,2004,,
13943,Burundi,2005,,
13943,Burundi,2006,21.0,
13943,Burundi,2007,21.4,€4k
13943,Burundi,2008,21.9,€51k
13943,Burundi,2009,,
13943,Burundi,2010,,
13943,Burundi,2011,23.9,€88k
13943,Burundi,2012,24.3,€67k
13943,Burundi,2013,20.7,
13943,Burundi,2014,23.9,€89k
13943,Burundi,2015,24.6,€56k
13943,Burundi,2016,25.3,€79k
13943,Burundi,2017,23.8,€36k
13943,Burundi,2018,,
13943,Burundi,2019,,
13943,Burundi,2020,24.2,€161k
13943,Burundi,2021,25.8,€236k
13943,Burundi,2022,26.2,€450k
13943,Burundi,2023,,
13943,Burundi,2024,26.1,€337k
13943,Burundi,2025,,
13943,Burundi,2026,,
15232,Dominican Rep.,1992,20.0,
15232,Dominican Rep.,1993,,
15232,Dominican Rep.,1994,,
15232,Dominican Rep.,1995,21.1,
15232,Dominican Rep.,1996,24.5,
15232,Dominican Rep.,1997,,
15232,Dominican Rep.,1998,23.4,
15232,Dominican Rep.,1999,,
15232,Dominican Rep.,2000,,
15232,Dominican Rep.,2001,,
15232,Dominican Rep.,2002,23.3,
15232,Dominican Rep.,2003,,
15232,Dominican Rep.,2004,23.8,€2k
15232,Dominican Rep.,2005,,
15232,Dominican Rep.,2006,23.7,
15232,Dominican Rep.,2007,,
15232,Dominican Rep.,2008,21.7,
15232,Dominican Rep.,2009,,
15232,Dominican Rep.,2010,24.8,€3k
15232,Dominican Rep.,2011,24.6,€19k
15232,Dominican Rep.,2012,23.0,€30k
15232,Dominican Rep.,2013,23.9,€47k
15232,Dominican Rep.,2014,25.7,€31k
15232,Dominican Rep.,2015,23.8,€24k
15232,Dominican Rep.,2016,25.1,€36k
15232,Dominican Rep.,2017,,
15232,Dominican Rep.,2018,26.0,€22k
15232,Dominican Rep.,2019,,
15232,Dominican Rep.,2020,,
15232,Dominican Rep.,2021,,
15232,Dominican Rep.,2022,25.7,€94k
15232,Dominican Rep.,2023,,
15232,Dominican Rep.,2024,24.4,€236k
15232,Dominican Rep.,2025,24.3,€551k
15232,Dominican Rep.,2026,,
13941,Ethiopia,1992,,
13941,Ethiopia,1993,,
13941,Ethiopia,1994,,
13941,Ethiopia,1995,,
13941,Ethiopia,1996,,
13941,Ethiopia,1997,,
13941,Ethiopia,1998,,
13941,Ethiopia,1999,,
13941,Ethiopia,2000,20.1,
13941,Ethiopia,2001,,
13941,Ethiopia,2002,,
13941,Ethiopia,2003,21.2,
13941,Ethiopia,2004,,
13941,Ethiopia,2005,,
13941,Ethiopia,2006,,
13941,Ethiopia,2007,,
13941,Ethiopia,2008,23.5,
13941,Ethiopia,2009,,
13941,Ethiopia,2010,24.6,€23k
13941,Ethiopia,2011,24.3,€6k
13941,Ethiopia,2012,23.5,€15k
13941,Ethiopia,2013,23.9,€16k
13941,Ethiopia,2014,25.3,€47k
13941,Ethiopia,2015,23.4,€40k
13941,Ethiopia,2016,25.5,€28k
13941,Ethiopia,2017,25.7,€54k
13941,Ethiopia,2018,24.7,€35k
13941,Ethiopia,2019,24.9,€28k
13941,Ethiopia,2020,25.7,€22k
13941,Ethiopia,2021,24.7,€17k
13941,Ethiopia,2022,25.5,€70k
13941,Ethiopia,2023,26.2,€4k
13941,Ethiopia,2024,27.0,€2k
13941,Ethiopia,2025,27.4,€105k
13941,Ethiopia,2026,27.6,€120k
13962,Lesotho,1992,,
13962,Lesotho,1993,,
13962,Lesotho,1994,,
13962,Lesotho,1995,,
13962,Lesotho,1996,,
13962,Lesotho,1997,,
13962,Lesotho,1998,,
13962,Lesotho,1999,,
13962,Lesotho,2000,24.6,
13962,Lesotho,2001,,
13962,Lesotho,2002,,
13962,Lesotho,2003,25.6,
13962,Lesotho,2004,,
13962,Lesotho,2005,,
13962,Lesotho,2006,24.9,
13962,Lesotho,2007,24.7,€7k
13962,Lesotho,2008,26.7,€3k
13962,Lesotho,2009,,
13962,Lesotho,2010,,
13962,Lesotho,2011,25.6,€8k
13962,Lesotho,2012,26.2,€9k
13962,Lesotho,2013,27.1,€2k
13962,Lesotho,2014,26.6,€6k
13962,Lesotho,2015,27.0,€6k
13962,Lesotho,2016,24.7,
13962,Lesotho,2017,26.9,€6k
13962,Lesotho,2018,27.5,€29k
13962,Lesotho,2019,27.0,€17k
13962,Lesotho,2020,27.1,€20k
13962,Lesotho,2021,27.4,€18k
13962,Lesotho,2022,27.9,€22k
13962,Lesotho,2023,28.2,€16k
13962,Lesotho,2024,28.7,€25k
13962,Lesotho,2025,29.1,€21k
13962,Lesotho,2026,28.3,€26k
15229,Botswana,1992,,
15229,Botswana,1993,,
15229,Botswana,1994,,
15229,Botswana,1995,,
15229,Botswana,1996,,
15229,Botswana,1997,,
15229,Botswana,1998,,
15229,Botswana,1999,,
15229,Botswana,2000,23.8,
15229,Botswana,2001,,
15229,Botswana,2002,,
15229,Botswana,2003,24.6,
15229,Botswana,2004,26.3,€9k
15229,Botswana,2005,25.1,
15229,Botswana,2006,,
15229,Botswana,2007,,
15229,Botswana,2008,27.3,€52k
15229,Botswana,2009,26.6,€58k
15229,Botswana,2010,27.8,€63k
15229,Botswana,2011,27.0,€61k
15229,Botswana,2012,26.8,€48k
15229,Botswana,2013,26.5,€77k
15229,Botswana,2014,28.5,€59k
15229,Botswana,2015,25.9,€38k
15229,Botswana,2016,26.2,€40k
15229,Botswana,2017,26.8,€28k
15229,Botswana,2018,25.8,€26k
15229,Botswana,2019,26.5,€38k
15229,Botswana,2020,25.5,€39k
15229,Botswana,2021,28.0,€67k
15229,Botswana,2022,25.3,€48k
15229,Botswana,2023,27.5,€38k
15229,Botswana,2024,27.5,€45k
15229,Botswana,2025,28.3,€45k
15229,Botswana,2026,30.1,€119k
15357,Singapore,1992,,
15357,Singapore,1993,25.4,
15357,Singapore,1994,,
15357,Singapore,1995,,
15357,Singapore,1996,,
15357,Singapore,1997,,
15357,Singapore,1998,,
15357,Singapore,1999,,
15357,Singapore,2000,,
15357,Singapore,2001,25.3,
15357,Singapore,2002,25.6,
15357,Singapore,2003,,
15357,Singapore,2004,24.2,
15357,Singapore,2005,24.2,
15357,Singapore,2006,24.9,
15357,Singapore,2007,26.0,€33k
15357,Singapore,2008,26.0,€33k
15357,Singapore,2009,25.8,€31k
15357,Singapore,2010,24.6,€23k
15357,Singapore,2011,26.3,€117k
15357,Singapore,2012,26.4,
15357,Singapore,2013,25.1,€133k
15357,Singapore,2014,25.5,€5k
15357,Singapore,2015,24.8,€3k
15357,Singapore,2016,28.0,€67k
15357,Singapore,2017,26.6,€10k
15357,Singapore,2018,25.6,€62k
15357,Singapore,2019,27.9,€95k
15357,Singapore,2020,,
15357,Singapore,2021,27.4,€103k
15357,Singapore,2022,27.1,€96k
15357,Singapore,2023,27.3,€101k
15357,Singapore,2024,28.6,€110k
15357,Singapore,2025,26.7,€122k
15357,Singapore,2026,28.2,€156k
3851,Lithuania,1992,25.8,
3851,Lithuania,1993,23.5,
3851,Lithuania,1994,26.4,
3851,Lithuania,1995,24.8,
3851,Lithuania,1996,25.8,
3851,Lithuania,1997,23.7,
3851,Lithuania,1998,24.9,
3851,Lithuania,1999,23.7,
3851,Lithuania,2000,26.4,
3851,Lithuania,2001,24.5,
3851,Lithuania,2002,25.4,
3851,Lithuania,2003,26.7,
3851,Lithuania,2004,27.1,€253k
3851,Lithuania,2005,26.6,€194k
3851,Lithuania,2006,25.5,€138k
3851,Lithuania,2007,27.9,€615k
3851,Lithuania,2008,27.2,€513k
3851,Lithuania,2009,27.0,€591k
3851,Lithuania,2010,27.8,€620k
3851,Lithuania,2011,27.4,€583k
3851,Lithuania,2012,28.0,€485k
3851,Lithuania,2013,25.8,€464k
3851,Lithuania,2014,27.3,€369k
3851,Lithuania,2015,26.1,€379k
3851,Lithuania,2016,28.2,€274k
3851,Lithuania,2017,27.3,€286k
3851,Lithuania,2018,28.1,€338k
3851,Lithuania,2019,26.7,€347k
3851,Lithuania,2020,27.3,€266k
3851,Lithuania,2021,26.0,€229k
3851,Lithuania,2022,26.8,€285k
3851,Lithuania,2023,26.1,€285k
3851,Lithuania,2024,27.7,€568k
3851,Lithuania,2025,26.2,€499k
3851,Lithuania,2026,26.3,€640k
15922,Yemen,1992,,
15922,Yemen,1993,,
15922,Yemen,1994,,
15922,Yemen,1995,,
15922,Yemen,1996,23.9,
15922,Yemen,1997,,
15922,Yemen,1998,,
15922,Yemen,1999,,
15922,Yemen,2000,,
15922,Yemen,2001,,
15922,Yemen,2002,21.4,
15922,Yemen,2003,22.0,
15922,Yemen,2004,20.9,
15922,Yemen,2005,,
15922,Yemen,2006,22.9,
15922,Yemen,2007,24.6,€29k
15922,Yemen,2008,,
15922,Yemen,2009,22.3,€18k
15922,Yemen,2010,24.6,€14k
15922,Yemen,2011,22.8,€8k
15922,Yemen,2012,24.2,€5k
15922,Yemen,2013,24.8,€7k
15922,Yemen,2014,24.9,€1k
15922,Yemen,2015,22.3,€3k
15922,Yemen,2016,24.7,€2k
15922,Yemen,2017,26.9,€9k
15922,Yemen,2018,26.8,€10k
15922,Yemen,2019,26.7,€5k
15922,Yemen,2020,,
15922,Yemen,2021,26.3,€52k
15922,Yemen,2022,26.4,€16k
15922,Yemen,2023,25.0,€42k
15922,Yemen,2024,25.0,€55k
15922,Yemen,2025,24.6,€59k
15922,Yemen,2026,26.8,€95k
15736,Guyana,1992,27.7,
15736,Guyana,1993,,
15736,Guyana,1994,26.3,
15736,Guyana,1995,,
15736,Guyana,1996,26.2,
15736,Guyana,1997,22.0,
15736,Guyana,1998,24.2,
15736,Guyana,1999,,
15736,Guyana,2000,,
15736,Guyana,2001,,
15736,Guyana,2002,25.8,
15736,Guyana,2003,,
15736,Guyana,2004,24.8,
15736,Guyana,2005,,
15736,Guyana,2006,25.5,
15736,Guyana,2007,27.5,
15736,Guyana,2008,26.2,€15k
15736,Guyana,2009,24.9,
15736,Guyana,2010,25.4,€16k
15736,Guyana,2011,25.4,€37k
15736,Guyana,2012,26.9,€21k
15736,Guyana,2013,,
15736,Guyana,2014,24.6,€10k
15736,Guyana,2015,26.4,€30k
15736,Guyana,2016,27.6,€31k
15736,Guyana,2017,26.4,€21k
15736,Guyana,2018,24.9,€17k
15736,Guyana,2019,27.1,€53k
15736,Guyana,2020,,
15736,Guyana,2021,24.7,€24k
15736,Guyana,2022,26.8,€17k
15736,Guyana,2023,27.1,€47k
15736,Guyana,2024,26.8,€135k
15736,Guyana,2025,26.9,€170k
15736,Guyana,2026,26.3,€58k
17755,New Caledonia,1992,,
17755,New Caledonia,1993,,
17755,New Caledonia,1994,,
17755,New Caledonia,1995,,
17755,New Caledonia,1996,,
17755,New Caledonia,1997,,
17755,New Caledonia,1998,,
17755,New Caledonia,1999,,
17755,New Caledonia,2000,,
17755,New Caledonia,2001,,
17755,New Caledonia,2002,24.5,
17755,New Caledonia,2003,26.3,
17755,New Caledonia,2004,27.4,
17755,New Caledonia,2005,,
17755,New Caledonia,2006,,
17755,New Caledonia,2007,27.0,€50k
17755,New Caledonia,2008,27.3,€23k
17755,New Caledonia,2009,,
17755,New Caledonia,2010,28.3,€33k
17755,New Caledonia,2011,27.4,€49k
17755,New Caledonia,2012,27.9,€57k
17755,New Caledonia,2013,28.1,€75k
17755,New Caledonia,2014,,
17755,New Caledonia,2015,,
17755,New Caledonia,2016,27.2,€52k
17755,New Caledonia,2017,23.2,€16k
17755,New Caledonia,2018,25.5,€16k
17755,New Caledonia,2019,27.2,€25k
17755,New Caledonia,2020,,
17755,New Caledonia,2021,,
17755,New Caledonia,2022,28.4,€16k
17755,New Caledonia,2023,24.2,€8k
17755,New Caledonia,2024,27.3,€10k
17755,New Caledonia,2025,28.8,€13k
17755,New Caledonia,2026,28.8,€208k
17760,St. Kitts/Nevis,1992,,
17760,St. Kitts/Nevis,1993,23.7,
17760,St. Kitts/Nevis,1994,,
17760,St. Kitts/Nevis,1995,24.8,
17760,St. Kitts/Nevis,1996,24.9,
17760,St. Kitts/Nevis,1997,26.2,
17760,St. Kitts/Nevis,1998,26.6,
17760,St. Kitts/Nevis,1999,,
17760,St. Kitts/Nevis,2000,25.0,
17760,St. Kitts/Nevis,2001,26.0,
17760,St. Kitts/Nevis,2002,26.1,
17760,St. Kitts/Nevis,2003,24.8,
17760,St. Kitts/Nevis,2004,26.0,€5k
17760,St. Kitts/Nevis,2005,,
17760,St. Kitts/Nevis,2006,25.4,
17760,St. Kitts/Nevis,2007,23.3,
17760,St. Kitts/Nevis,2008,24.1,
17760,St. Kitts/Nevis,2009,25.9,€2k
17760,St. Kitts/Nevis,2010,26.4,€10k
17760,St. Kitts/Nevis,2011,26.0,€2k
17760,St. Kitts/Nevis,2012,25.2,€12k
17760,St. Kitts/Nevis,2013,,
17760,St. Kitts/Nevis,2014,26.4,€41k
17760,St. Kitts/Nevis,2015,25.6,€34k
17760,St. Kitts/Nevis,2016,24.8,€36k
17760,St. Kitts/Nevis,2017,25.1,€24k
17760,St. Kitts/Nevis,2018,26.6,€99k
17760,St. Kitts/Nevis,2019,26.0,€97k
17760,St. Kitts/Nevis,2020,,
17760,St. Kitts/Nevis,2021,27.1,€59k
17760,St. Kitts/Nevis,2022,26.0,€66k
17760,St. Kitts/Nevis,2023,26.8,€34k
17760,St. Kitts/Nevis,2024,26.0,€17k
17760,St. Kitts/Nevis,2025,27.2,€7k
17760,St. Kitts/Nevis,2026,27.4,€25k
15740,Solomons,1992,26.6,
15740,Solomons,1993,,
15740,Solomons,1994,,
15740,Solomons,1995,25.6,
15740,Solomons,1996,26.7,
15740,Solomons,1997,24.3,
15740,Solomons,1998,,
15740,Solomons,1999,,
15740,Solomons,2000,25.6,
15740,Solomons,2001,25.2,
15740,Solomons,2002,25.2,
15740,Solomons,2003,27.4,
15740,Solomons,2004,26.4,
15740,Solomons,2005,25.9,
15740,Solomons,2006,,
15740,Solomons,2007,26.3,€70k
15740,Solomons,2008,,
15740,Solomons,2009,,
15740,Solomons,2010,,
15740,Solomons,2011,27.4,€60k
15740,Solomons,2012,26.1,€34k
15740,Solomons,2013,25.7,€23k
15740,Solomons,2014,,
15740,Solomons,2015,,
15740,Solomons,2016,27.0,€42k
15740,Solomons,2017,26.2,€33k
15740,Solomons,2018,26.4,€51k
15740,Solomons,2019,26.7,€34k
15740,Solomons,2020,,
15740,Solomons,2021,,
15740,Solomons,2022,26.3,€37k
15740,Solomons,2023,24.3,€45k
15740,Solomons,2024,26.8,€35k
15740,Solomons,2025,25.4,€19k
15740,Solomons,2026,25.6,€20k
13955,Fiji,1992,26.3,
13955,Fiji,1993,,
13955,Fiji,1994,,
13955,Fiji,1995,,
13955,Fiji,1996,,
13955,Fiji,1997,28.0,
13955,Fiji,1998,25.9,
13955,Fiji,1999,,
13955,Fiji,2000,,
13955,Fiji,2001,27.4,
13955,Fiji,2002,26.0,
13955,Fiji,2003,24.9,
13955,Fiji,2004,25.7,
13955,Fiji,2005,23.8,
13955,Fiji,2006,,
13955,Fiji,2007,24.7,€27k
13955,Fiji,2008,24.8,€26k
13955,Fiji,2009,,
13955,Fiji,2010,,
13955,Fiji,2011,27.2,€51k
13955,Fiji,2012,26.9,€70k
13955,Fiji,2013,,
13955,Fiji,2014,,
13955,Fiji,2015,26.1,€63k
13955,Fiji,2016,26.3,€71k
13955,Fiji,2017,26.8,€82k
13955,Fiji,2018,25.6,€89k
13955,Fiji,2019,27.3,€98k
13955,Fiji,2020,,
13955,Fiji,2021,,
13955,Fiji,2022,26.7,€118k
13955,Fiji,2023,26.2,€120k
13955,Fiji,2024,27.8,€98k
13955,Fiji,2025,27.4,€88k
13955,Fiji,2026,28.3,€94k
15977,Hong Kong,1992,26.1,
15977,Hong Kong,1993,,
15977,Hong Kong,1994,,
15977,Hong Kong,1995,25.7,
15977,Hong Kong,1996,,
15977,Hong Kong,1997,27.9,
15977,Hong Kong,1998,,
15977,Hong Kong,1999,,
15977,Hong Kong,2000,26.9,
15977,Hong Kong,2001,25.5,
15977,Hong Kong,2002,,
15977,Hong Kong,2003,26.9,
15977,Hong Kong,2004,25.6,
15977,Hong Kong,2005,27.4,
15977,Hong Kong,2006,25.8,
15977,Hong Kong,2007,25.3,
15977,Hong Kong,2008,26.7,€30k
15977,Hong Kong,2009,25.8,€24k
15977,Hong Kong,2010,24.5,€18k
15977,Hong Kong,2011,27.7,€103k
15977,Hong Kong,2012,25.3,€99k
15977,Hong Kong,2013,27.1,€112k
15977,Hong Kong,2014,27.9,€98k
15977,Hong Kong,2015,28.3,€162k
15977,Hong Kong,2016,28.6,€132k
15977,Hong Kong,2017,28.8,€113k
15977,Hong Kong,2018,28.9,€114k
15977,Hong Kong,2019,29.3,€88k
15977,Hong Kong,2020,,
15977,Hong Kong,2021,28.4,€100k
15977,Hong Kong,2022,27.7,€150k
15977,Hong Kong,2023,29.2,€189k
15977,Hong Kong,2024,26.7,€190k
15977,Hong Kong,2025,28.4,€173k
15977,Hong Kong,2026,27.4,€158k
17759,Puerto Rico,1992,28.3,
17759,Puerto Rico,1993,25.9,
17759,Puerto Rico,1994,26.4,
17759,Puerto Rico,1995,23.3,
17759,Puerto Rico,1996,22.9,
17759,Puerto Rico,1997,,
17759,Puerto Rico,1998,26.9,
17759,Puerto Rico,1999,,
17759,Puerto Rico,2000,23.5,
17759,Puerto Rico,2001,,
17759,Puerto Rico,2002,23.5,
17759,Puerto Rico,2003,,
17759,Puerto Rico,2004,26.6,
17759,Puerto Rico,2005,,
17759,Puerto Rico,2006,,
17759,Puerto Rico,2007,,
17759,Puerto Rico,2008,25.9,
17759,Puerto Rico,2009,,
17759,Puerto Rico,2010,26.6,€38k
17759,Puerto Rico,2011,24.8,€31k
17759,Puerto Rico,2012,24.4,€28k
17759,Puerto Rico,2013,,
17759,Puerto Rico,2014,23.4,€11k
17759,Puerto Rico,2015,25.0,€22k
17759,Puerto Rico,2016,24.7,€32k
17759,Puerto Rico,2017,24.4,€32k
17759,Puerto Rico,2018,24.1,€32k
17759,Puerto Rico,2019,23.7,€14k
17759,Puerto Rico,2020,,
17759,Puerto Rico,2021,23.7,€57k
17759,Puerto Rico,2022,23.2,€52k
17759,Puerto Rico,2023,22.4,€24k
17759,Puerto Rico,2024,23.1,€43k
17759,Puerto Rico,2025,23.7,€45k
17759,Puerto Rico,2026,23.0,€38k
17763,Tahiti,1992,23.2,
17763,Tahiti,1993,,
17763,Tahiti,1994,,
17763,Tahiti,1995,24.6,
17763,Tahiti,1996,26.3,
17763,Tahiti,1997,26.1,
17763,Tahiti,1998,27.2,
17763,Tahiti,1999,,
17763,Tahiti,2000,27.6,
17763,Tahiti,2001,27.0,
17763,Tahiti,2002,26.5,
17763,Tahiti,2003,28.1,
17763,Tahiti,2004,26.2,
17763,Tahiti,2005,,
17763,Tahiti,2006,,
17763,Tahiti,2007,27.6,€11k
17763,Tahiti,2008,,
17763,Tahiti,2009,,
17763,Tahiti,2010,25.5,
17763,Tahiti,2011,27.1,€31k
17763,Tahiti,2012,25.8,€2k
17763,Tahiti,2013,25.8,€58k
17763,Tahiti,2014,,
17763,Tahiti,2015,,
17763,Tahiti,2016,27.1,€41k
17763,Tahiti,2017,27.4,€41k
17763,Tahiti,2018,29.0,€14k
17763,Tahiti,2019,26.5,€7k
17763,Tahiti,2020,,
17763,Tahiti,2021,,
17763,Tahiti,2022,28.4,€45k
17763,Tahiti,2023,24.5,€23k
17763,Tahiti,2024,27.7,€3k
17763,Tahiti,2025,28.7,€3k
17763,Tahiti,2026,29.1,€3k
16423,Myanmar,1992,,
16423,Myanmar,1993,,
16423,Myanmar,1994,,
16423,Myanmar,1995,,
16423,Myanmar,1996,,
16423,Myanmar,1997,,
16423,Myanmar,1998,,
16423,Myanmar,1999,,
16423,Myanmar,2000,,
16423,Myanmar,2001,,
16423,Myanmar,2002,,
16423,Myanmar,2003,19.4,
16423,Myanmar,2004,,
16423,Myanmar,2005,,
16423,Myanmar,2006,,
16423,Myanmar,2007,20.5,
16423,Myanmar,2008,23.3,€18k
16423,Myanmar,2009,21.1,€5k
16423,Myanmar,2010,23.2,€12k
16423,Myanmar,2011,23.3,€3k
16423,Myanmar,2012,21.9,€3k
16423,Myanmar,2013,21.6,
16423,Myanmar,2014,24.2,€5k
16423,Myanmar,2015,22.2,€1k
16423,Myanmar,2016,24.3,€83k
16423,Myanmar,2017,23.6,€6k
16423,Myanmar,2018,23.8,€65k
16423,Myanmar,2019,26.4,€57k
16423,Myanmar,2020,,
16423,Myanmar,2021,24.5,€76k
16423,Myanmar,2022,24.2,€61k
16423,Myanmar,2023,24.6,€119k
16423,Myanmar,2024,27.4,€128k
16423,Myanmar,2025,25.4,€136k
16423,Myanmar,2026,26.5,€125k
6090,Moldova,1992,23.7,
6090,Moldova,1993,,
6090,Moldova,1994,25.0,
6090,Moldova,1995,24.3,
6090,Moldova,1996,24.8,
6090,Moldova,1997,23.8,
6090,Moldova,1998,27.1,
6090,Moldova,1999,26.5,
6090,Moldova,2000,26.6,
6090,Moldova,2001,24.6,
6090,Moldova,2002,25.1,
6090,Moldova,2003,26.2,
6090,Moldova,2004,26.1,€23k
6090,Moldova,2005,25.9,€2k
6090,Moldova,2006,26.4,€93k
6090,Moldova,2007,26.2,€317k
6090,Moldova,2008,25.4,€289k
6090,Moldova,2009,24.8,€180k
6090,Moldova,2010,27.0,€416k
6090,Moldova,2011,25.0,€390k
6090,Moldova,2012,27.0,€383k
6090,Moldova,2013,25.6,€265k
6090,Moldova,2014,26.6,€387k
6090,Moldova,2015,26.0,€312k
6090,Moldova,2016,28.9,€455k
6090,Moldova,2017,27.6,€454k
6090,Moldova,2018,27.7,€464k
6090,Moldova,2019,25.8,€374k
6090,Moldova,2020,28.2,€374k
6090,Moldova,2021,26.2,€376k
6090,Moldova,2022,27.4,€396k
6090,Moldova,2023,26.0,€404k
6090,Moldova,2024,27.9,€469k
6090,Moldova,2025,25.5,€432k
6090,Moldova,2026,25.1,€400k
15238,Vanuatu,1992,22.8,
15238,Vanuatu,1993,,
15238,Vanuatu,1994,,
15238,Vanuatu,1995,,
15238,Vanuatu,1996,27.2,
15238,Vanuatu,1997,,
15238,Vanuatu,1998,24.0,
15238,Vanuatu,1999,,
15238,Vanuatu,2000,22.7,
15238,Vanuatu,2001,25.0,
15238,Vanuatu,2002,24.3,
15238,Vanuatu,2003,23.5,
15238,Vanuatu,2004,24.3,
15238,Vanuatu,2005,,
15238,Vanuatu,2006,,
15238,Vanuatu,2007,26.0,€19k
15238,Vanuatu,2008,26.3,€12k
15238,Vanuatu,2009,,
15238,Vanuatu,2010,,
15238,Vanuatu,2011,24.9,€32k
15238,Vanuatu,2012,25.0,€54k
15238,Vanuatu,2013,,
15238,Vanuatu,2014,,
15238,Vanuatu,2015,24.3,€58k
15238,Vanuatu,2016,24.7,€39k
15238,Vanuatu,2017,23.0,€24k
15238,Vanuatu,2018,24.5,€28k
15238,Vanuatu,2019,25.0,€33k
15238,Vanuatu,2020,,
15238,Vanuatu,2021,,
15238,Vanuatu,2022,24.9,€30k
15238,Vanuatu,2023,25.7,€20k
15238,Vanuatu,2024,28.2,€19k
15238,Vanuatu,2025,,
15238,Vanuatu,2026,29.7,€22k
3587,Malta,1992,26.8,
3587,Malta,1993,26.5,
3587,Malta,1994,,
3587,Malta,1995,27.1,
3587,Malta,1996,27.1,
3587,Malta,1997,24.6,
3587,Malta,1998,27.5,
3587,Malta,1999,25.7,
3587,Malta,2000,26.9,
3587,Malta,2001,26.5,
3587,Malta,2002,27.1,
3587,Malta,2003,27.0,
3587,Malta,2004,26.9,€8k
3587,Malta,2005,26.3,€9k
3587,Malta,2006,25.4,€9k
3587,Malta,2007,27.9,€71k
3587,Malta,2008,28.0,€69k
3587,Malta,2009,27.0,€42k
3587,Malta,2010,28.6,€104k
3587,Malta,2011,27.4,€100k
3587,Malta,2012,27.6,€127k
3587,Malta,2013,27.4,€113k
3587,Malta,2014,27.6,€102k
3587,Malta,2015,26.8,€87k
3587,Malta,2016,28.5,€159k
3587,Malta,2017,26.2,€132k
3587,Malta,2018,28.5,€161k
3587,Malta,2019,26.9,€152k
3587,Malta,2020,26.5,€222k
3587,Malta,2021,25.5,€204k
3587,Malta,2022,27.4,€340k
3587,Malta,2023,26.4,€331k
3587,Malta,2024,28.1,€313k
3587,Malta,2025,26.3,€490k
3587,Malta,2026,27.1,€554k
16028,Antigua and B.,1992,27.0,
16028,Antigua and B.,1993,24.0,
16028,Antigua and B.,1994,,
16028,Antigua and B.,1995,24.5,
16028,Antigua and B.,1996,23.8,
16028,Antigua and B.,1997,28.6,
16028,Antigua and B.,1998,26.8,
16028,Antigua and B.,1999,,
16028,Antigua and B.,2000,25.1,
16028,Antigua and B.,2001,,
16028,Antigua and B.,2002,24.1,
16028,Antigua and B.,2003,26.2,
16028,Antigua and B.,2004,26.3,
16028,Antigua and B.,2005,26.2,
16028,Antigua and B.,2006,24.8,
16028,Antigua and B.,2007,,
16028,Antigua and B.,2008,25.4,€38k
16028,Antigua and B.,2009,22.8,€38k
16028,Antigua and B.,2010,24.9,€54k
16028,Antigua and B.,2011,26.7,€73k
16028,Antigua and B.,2012,25.3,€102k
16028,Antigua and B.,2013,,
16028,Antigua and B.,2014,24.9,€49k
16028,Antigua and B.,2015,22.3,€30k
16028,Antigua and B.,2016,24.3,€51k
16028,Antigua and B.,2017,,
16028,Antigua and B.,2018,25.6,€44k
16028,Antigua and B.,2019,24.5,€1k
16028,Antigua and B.,2020,,
16028,Antigua and B.,2021,27.4,€23k
16028,Antigua and B.,2022,27.1,€9k
16028,Antigua and B.,2023,25.6,€30k
16028,Antigua and B.,2024,24.6,€13k
16028,Antigua and B.,2025,23.2,€28k
16028,Antigua and B.,2026,23.2,€28k
14175,Grenada,1992,,
14175,Grenada,1993,,
14175,Grenada,1994,,
14175,Grenada,1995,,
14175,Grenada,1996,22.6,
14175,Grenada,1997,24.1,
14175,Grenada,1998,23.4,
14175,Grenada,1999,,
14175,Grenada,2000,28.0,
14175,Grenada,2001,26.5,
14175,Grenada,2002,25.4,
14175,Grenada,2003,,
14175,Grenada,2004,25.9,€71k
14175,Grenada,2005,25.7,
14175,Grenada,2006,25.7,
14175,Grenada,2007,,
14175,Grenada,2008,26.2,€91k
14175,Grenada,2009,26.0,€4k
14175,Grenada,2010,26.7,€11k
14175,Grenada,2011,26.9,€13k
14175,Grenada,2012,26.7,€3k
14175,Grenada,2013,26.8,
14175,Grenada,2014,26.7,
14175,Grenada,2015,26.7,€2k
14175,Grenada,2016,25.7,
14175,Grenada,2017,25.2,€7k
14175,Grenada,2018,25.6,€5k
14175,Grenada,2019,25.2,€16k
14175,Grenada,2020,,
14175,Grenada,2021,24.7,€30k
14175,Grenada,2022,25.3,€40k
14175,Grenada,2023,25.6,€46k
14175,Grenada,2024,26.3,€54k
14175,Grenada,2025,26.1,€34k
14175,Grenada,2026,25.4,€43k
3808,Cuba,1992,,
3808,Cuba,1993,,
3808,Cuba,1994,,
3808,Cuba,1995,22.9,
3808,Cuba,1996,25.2,
3808,Cuba,1997,24.1,
3808,Cuba,1998,25.2,
3808,Cuba,1999,27.4,
3808,Cuba,2000,25.3,
3808,Cuba,2001,25.9,
3808,Cuba,2002,24.9,
3808,Cuba,2003,23.9,
3808,Cuba,2004,25.5,
3808,Cuba,2005,25.3,
3808,Cuba,2006,24.2,
3808,Cuba,2007,24.4,
3808,Cuba,2008,23.5,
3808,Cuba,2009,,
3808,Cuba,2010,26.2,€32k
3808,Cuba,2011,27.0,€21k
3808,Cuba,2012,23.6,€15k
3808,Cuba,2013,26.8,€21k
3808,Cuba,2014,24.7,€4k
3808,Cuba,2015,24.8,€7k
3808,Cuba,2016,26.0,
3808,Cuba,2017,,
3808,Cuba,2018,23.8,
3808,Cuba,2019,24.8,€2k
3808,Cuba,2020,,
3808,Cuba,2021,26.3,€99k
3808,Cuba,2022,24.6,€100k
3808,Cuba,2023,24.1,€50k
3808,Cuba,2024,24.2,€69k
3808,Cuba,2025,23.7,€89k
3808,Cuba,2026,23.9,€108k
13675,Eswatini,1992,,
13675,Eswatini,1993,,
13675,Eswatini,1994,,
13675,Eswatini,1995,,
13675,Eswatini,1996,,
13675,Eswatini,1997,,
13675,Eswatini,1998,,
13675,Eswatini,1999,,
13675,Eswatini,2000,,
13675,Eswatini,2001,,
13675,Eswatini,2002,,
13675,Eswatini,2003,26.7,
13675,Eswatini,2004,,
13675,Eswatini,2005,,
13675,Eswatini,2006,,
13675,Eswatini,2007,26.3,€16k
13675,Eswatini,2008,26.7,€17k
13675,Eswatini,2009,,
13675,Eswatini,2010,28.0,€25k
13675,Eswatini,2011,26.0,€10k
13675,Eswatini,2012,,
13675,Eswatini,2013,26.8,€14k
13675,Eswatini,2014,27.6,€12k
13675,Eswatini,2015,28.1,€6k
13675,Eswatini,2016,28.4,€11k
13675,Eswatini,2017,28.9,€13k
13675,Eswatini,2018,28.1,€13k
13675,Eswatini,2019,27.3,€5k
13675,Eswatini,2020,29.8,€2k
13675,Eswatini,2021,30.0,€8k
13675,Eswatini,2022,28.7,€6k
13675,Eswatini,2023,28.7,€10k
13675,Eswatini,2024,28.7,€12k
13675,Eswatini,2025,28.9,€31k
13675,Eswatini,2026,26.5,€45k
15735,Bermuda,1992,26.1,
15735,Bermuda,1993,,
15735,Bermuda,1994,,
15735,Bermuda,1995,,
15735,Bermuda,1996,,
15735,Bermuda,1997,,
15735,Bermuda,1998,,
15735,Bermuda,1999,,
15735,Bermuda,2000,27.2,
15735,Bermuda,2001,,
15735,Bermuda,2002,,
15735,Bermuda,2003,,
15735,Bermuda,2004,28.7,€26k
15735,Bermuda,2005,24.8,
15735,Bermuda,2006,27.2,
15735,Bermuda,2007,26.0,€13k
15735,Bermuda,2008,26.3,€10k
15735,Bermuda,2009,,
15735,Bermuda,2010,,
15735,Bermuda,2011,25.6,€25k
15735,Bermuda,2012,26.5,€25k
15735,Bermuda,2013,,
15735,Bermuda,2014,,
15735,Bermuda,2015,24.9,€62k
15735,Bermuda,2016,24.6,€8k
15735,Bermuda,2017,23.4,€13k
15735,Bermuda,2018,22.7,€170k
15735,Bermuda,2019,24.9,€99k
15735,Bermuda,2020,25.4,€18k
15735,Bermuda,2021,25.9,€61k
15735,Bermuda,2022,25.5,€41k
15735,Bermuda,2023,25.8,€22k
15735,Bermuda,2024,26.5,€14k
15735,Bermuda,2025,26.5,€10k
15735,Bermuda,2026,27.4,€13k
17761,Saint Lucia,1992,25.3,
17761,Saint Lucia,1993,24.9,
17761,Saint Lucia,1994,,
17761,Saint Lucia,1995,24.7,
17761,Saint Lucia,1996,25.0,
17761,Saint Lucia,1997,,
17761,Saint Lucia,1998,,
17761,Saint Lucia,1999,,
17761,Saint Lucia,2000,26.8,
17761,Saint Lucia,2001,,
17761,Saint Lucia,2002,28.2,
17761,Saint Lucia,2003,28.3,
17761,Saint Lucia,2004,27.1,
17761,Saint Lucia,2005,,
17761,Saint Lucia,2006,27.5,
17761,Saint Lucia,2007,,
17761,Saint Lucia,2008,27.1,
17761,Saint Lucia,2009,,
17761,Saint Lucia,2010,26.4,€3k
17761,Saint Lucia,2011,24.9,€5k
17761,Saint Lucia,2012,27.0,€4k
17761,Saint Lucia,2013,25.7,€2k
17761,Saint Lucia,2014,25.6,€2k
17761,Saint Lucia,2015,26.8,€2k
17761,Saint Lucia,2016,,
17761,Saint Lucia,2017,21.9,€10k
17761,Saint Lucia,2018,24.7,€2k
17761,Saint Lucia,2019,24.8,€3k
17761,Saint Lucia,2020,,
17761,Saint Lucia,2021,,
17761,Saint Lucia,2022,25.7,€8k
17761,Saint Lucia,2023,26.3,€26k
17761,Saint Lucia,2024,26.6,€23k
17761,Saint Lucia,2025,26.8,€22k
17761,Saint Lucia,2026,23.5,€12k
15233,Papua N. Guinea,1992,,
15233,Papua N. Guinea,1993,,
15233,Papua N. Guinea,1994,,
15233,Papua N. Guinea,1995,,
15233,Papua N. Guinea,1996,27.8,
15233,Papua N. Guinea,1997,29.3,
15233,Papua N. Guinea,1998,,
15233,Papua N. Guinea,1999,,
15233,Papua N. Guinea,2000,,
15233,Papua N. Guinea,2001,,
15233,Papua N. Guinea,2002,27.7,
15233,Papua N. Guinea,2003,23.7,
15233,Papua N. Guinea,2004,26.7,
15233,Papua N. Guinea,2005,,
15233,Papua N. Guinea,2006,,
15233,Papua N. Guinea,2007,,
15233,Papua N. Guinea,2008,,
15233,Papua N. Guinea,2009,,
15233,Papua N. Guinea,2010,,
15233,Papua N. Guinea,2011,27.6,€57k
15233,Papua N. Guinea,2012,27.7,€56k
15233,Papua N. Guinea,2013,,
15233,Papua N. Guinea,2014,26.7,€32k
15233,Papua N. Guinea,2015,,
15233,Papua N. Guinea,2016,26.3,€51k
15233,Papua N. Guinea,2017,25.0,€48k
15233,Papua N. Guinea,2018,,
15233,Papua N. Guinea,2019,27.2,€38k
15233,Papua N. Guinea,2020,,
15233,Papua N. Guinea,2021,,
15233,Papua N. Guinea,2022,28.7,€29k
15233,Papua N. Guinea,2023,25.7,€15k
15233,Papua N. Guinea,2024,27.3,
15233,Papua N. Guinea,2025,28.8,
15233,Papua N. Guinea,2026,29.6,
3576,Afghanistan,1992,,
3576,Afghanistan,1993,,
3576,Afghanistan,1994,,
3576,Afghanistan,1995,,
3576,Afghanistan,1996,,
3576,Afghanistan,1997,,
3576,Afghanistan,1998,,
3576,Afghanistan,1999,,
3576,Afghanistan,2000,,
3576,Afghanistan,2001,,
3576,Afghanistan,2002,,
3576,Afghanistan,2003,23.2,
3576,Afghanistan,2004,,
3576,Afghanistan,2005,17.9,
3576,Afghanistan,2006,20.9,
3576,Afghanistan,2007,22.8,
3576,Afghanistan,2008,21.9,
3576,Afghanistan,2009,22.4,€6k
3576,Afghanistan,2010,21.5,
3576,Afghanistan,2011,24.6,€11k
3576,Afghanistan,2012,,
3576,Afghanistan,2013,24.8,€9k
3576,Afghanistan,2014,24.3,€16k
3576,Afghanistan,2015,23.7,€18k
3576,Afghanistan,2016,25.0,€23k
3576,Afghanistan,2017,24.6,€38k
3576,Afghanistan,2018,24.1,€42k
3576,Afghanistan,2019,26.1,€58k
3576,Afghanistan,2020,,
3576,Afghanistan,2021,27.7,€75k
3576,Afghanistan,2022,27.3,€91k
3576,Afghanistan,2023,25.9,€35k
3576,Afghanistan,2024,25.9,€35k
3576,Afghanistan,2025,25.5,€26k
3576,Afghanistan,2026,24.8,€45k
33192,South Sudan,1992,,
33192,South Sudan,1993,,
33192,South Sudan,1994,,
33192,South Sudan,1995,,
33192,South Sudan,1996,,
33192,South Sudan,1997,,
33192,South Sudan,1998,,
33192,South Sudan,1999,,
33192,South Sudan,2000,,
33192,South Sudan,2001,,
33192,South Sudan,2002,,
33192,South Sudan,2003,,
33192,South Sudan,2004,,
33192,South Sudan,2005,,
33192,South Sudan,2006,,
33192,South Sudan,2007,,
33192,South Sudan,2008,,
33192,South Sudan,2009,,
33192,South Sudan,2010,,
33192,South Sudan,2011,,
33192,South Sudan,2012,,
33192,South Sudan,2013,,
33192,South Sudan,2014,27.7,€12k
33192,South Sudan,2015,27.1,€9k
33192,South Sudan,2016,28.3,€8k
33192,South Sudan,2017,27.6,€8k
33192,South Sudan,2018,25.6,€6k
33192,South Sudan,2019,25.7,€9k
33192,South Sudan,2020,23.0,€15k
33192,South Sudan,2021,25.0,€13k
33192,South Sudan,2022,24.4,€30k
33192,South Sudan,2023,24.7,€27k
33192,South Sudan,2024,24.1,€25k
33192,South Sudan,2025,24.0,€13k
33192,South Sudan,2026,25.3,€64k
17762,St. Vincent,1992,21.4,
17762,St. Vincent,1993,,
17762,St. Vincent,1994,,
17762,St. Vincent,1995,22.1,
17762,St. Vincent,1996,24.8,
17762,St. Vincent,1997,,
17762,St. Vincent,1998,,
17762,St. Vincent,1999,,
17762,St. Vincent,2000,27.3,
17762,St. Vincent,2001,23.5,
17762,St. Vincent,2002,,
17762,St. Vincent,2003,,
17762,St. Vincent,2004,29.0,€2k
17762,St. Vincent,2005,29.8,€3k
17762,St. Vincent,2006,,
17762,St. Vincent,2007,25.4,€2k
17762,St. Vincent,2008,25.9,
17762,St. Vincent,2009,22.1,
17762,St. Vincent,2010,25.1,€5k
17762,St. Vincent,2011,25.0,€3k
17762,St. Vincent,2012,25.6,€3k
17762,St. Vincent,2013,24.8,€5k
17762,St. Vincent,2014,,
17762,St. Vincent,2015,25.7,€9k
17762,St. Vincent,2016,26.2,€5k
17762,St. Vincent,2017,24.3,
17762,St. Vincent,2018,24.3,
17762,St. Vincent,2019,,
17762,St. Vincent,2020,,
17762,St. Vincent,2021,24.5,€11k
17762,St. Vincent,2022,26.2,€6k
17762,St. Vincent,2023,25.1,€11k
17762,St. Vincent,2024,25.6,€8k
17762,St. Vincent,2025,26.2,€10k
17762,St. Vincent,2026,25.2,€14k
15456,Maldives,1992,,
15456,Maldives,1993,,
15456,Maldives,1994,,
15456,Maldives,1995,,
15456,Maldives,1996,,
15456,Maldives,1997,,
15456,Maldives,1998,,
15456,Maldives,1999,,
15456,Maldives,2000,,
15456,Maldives,2001,22.5,
15456,Maldives,2002,,
15456,Maldives,2003,26.0,
15456,Maldives,2004,25.0,
15456,Maldives,2005,,
15456,Maldives,2006,,
15456,Maldives,2007,25.3,
15456,Maldives,2008,27.3,
15456,Maldives,2009,26.1,€15k
15456,Maldives,2010,,
15456,Maldives,2011,27.0,€11k
15456,Maldives,2012,25.9,
15456,Maldives,2013,26.8,€3k
15456,Maldives,2014,26.7,
15456,Maldives,2015,25.7,
15456,Maldives,2016,26.2,
15456,Maldives,2017,26.3,
15456,Maldives,2018,24.5,
15456,Maldives,2019,25.8,€36k
15456,Maldives,2020,,
15456,Maldives,2021,28.7,€57k
15456,Maldives,2022,26.4,€39k
15456,Maldives,2023,28.2,€71k
15456,Maldives,2024,28.4,€57k
15456,Maldives,2025,27.0,€46k
15456,Maldives,2026,29.6,€31k
10533,Andorra,1992,,
10533,Andorra,1993,,
10533,Andorra,1994,,
10533,Andorra,1995,,
10533,Andorra,1996,24.8,
10533,Andorra,1997,21.8,
10533,Andorra,1998,24.1,
10533,Andorra,1999,25.0,
10533,Andorra,2000,26.3,
10533,Andorra,2001,24.6,
10533,Andorra,2002,27.1,
10533,Andorra,2003,28.0,
10533,Andorra,2004,27.3,
10533,Andorra,2005,26.3,
10533,Andorra,2006,26.6,
10533,Andorra,2007,28.6,€22k
10533,Andorra,2008,28.7,€31k
10533,Andorra,2009,27.1,€34k
10533,Andorra,2010,27.6,€23k
10533,Andorra,2011,27.4,€31k
10533,Andorra,2012,28.3,€5k
10533,Andorra,2013,27.5,€6k
10533,Andorra,2014,29.0,€10k
10533,Andorra,2015,27.7,€9k
10533,Andorra,2016,28.8,€21k
10533,Andorra,2017,28.3,€21k
10533,Andorra,2018,29.2,€54k
10533,Andorra,2019,28.4,€12k
10533,Andorra,2020,28.9,€78k
10533,Andorra,2021,28.1,€52k
10533,Andorra,2022,29.6,€84k
10533,Andorra,2023,27.7,€80k
10533,Andorra,2024,28.6,€115k
10533,Andorra,2025,27.3,€113k
10533,Andorra,2026,29.0,€124k
15363,Chinese Taipei,1992,,
15363,Chinese Taipei,1993,,
15363,Chinese Taipei,1994,,
15363,Chinese Taipei,1995,,
15363,Chinese Taipei,1996,25.3,
15363,Chinese Taipei,1997,26.2,
15363,Chinese Taipei,1998,,
15363,Chinese Taipei,1999,,
15363,Chinese Taipei,2000,,
15363,Chinese Taipei,2001,24.6,
15363,Chinese Taipei,2002,23.6,
15363,Chinese Taipei,2003,27.9,
15363,Chinese Taipei,2004,24.0,
15363,Chinese Taipei,2005,23.8,
15363,Chinese Taipei,2006,22.1,
15363,Chinese Taipei,2007,22.3,
15363,Chinese Taipei,2008,25.6,€5k
15363,Chinese Taipei,2009,23.6,€6k
15363,Chinese Taipei,2010,23.7,€6k
15363,Chinese Taipei,2011,26.5,€28k
15363,Chinese Taipei,2012,24.8,€2k
15363,Chinese Taipei,2013,24.2,€3k
15363,Chinese Taipei,2014,24.8,€9k
15363,Chinese Taipei,2015,23.8,€26k
15363,Chinese Taipei,2016,23.9,€18k
15363,Chinese Taipei,2017,23.8,€15k
15363,Chinese Taipei,2018,23.9,€10k
15363,Chinese Taipei,2019,26.7,€11k
15363,Chinese Taipei,2020,,
15363,Chinese Taipei,2021,27.5,€55k
15363,Chinese Taipei,2022,27.2,€36k
15363,Chinese Taipei,2023,27.6,€91k
15363,Chinese Taipei,2024,24.8,€69k
15363,Chinese Taipei,2025,25.3,€66k
15363,Chinese Taipei,2026,26.4,€83k
17754,Montserrat,1992,,
17754,Montserrat,1993,,
17754,Montserrat,1994,,
17754,Montserrat,1995,,
17754,Montserrat,1996,,
17754,Montserrat,1997,,
17754,Montserrat,1998,,
17754,Montserrat,1999,,
17754,Montserrat,2000,29.9,
17754,Montserrat,2001,39.8,
17754,Montserrat,2002,31.4,
17754,Montserrat,2003,,
17754,Montserrat,2004,28.4,
17754,Montserrat,2005,,
17754,Montserrat,2006,,
17754,Montserrat,2007,,
17754,Montserrat,2008,26.9,
17754,Montserrat,2009,,
17754,Montserrat,2010,28.7,€7k
17754,Montserrat,2011,27.4,€6k
17754,Montserrat,2012,27.9,
17754,Montserrat,2013,,
17754,Montserrat,2014,28.0,€13k
17754,Montserrat,2015,27.6,€43k
17754,Montserrat,2016,,
17754,Montserrat,2017,,
17754,Montserrat,2018,27.6,€33k
17754,Montserrat,2019,27.8,€64k
17754,Montserrat,2020,,
17754,Montserrat,2021,29.4,€66k
17754,Montserrat,2022,29.0,€25k
17754,Montserrat,2023,27.8,€35k
17754,Montserrat,2024,26.8,€27k
17754,Montserrat,2025,25.3,€19k
17754,Montserrat,2026,24.2,€20k
15350,Nepal,1992,,
15350,Nepal,1993,,
15350,Nepal,1994,26.1,
15350,Nepal,1995,24.3,
15350,Nepal,1996,,
15350,Nepal,1997,25.0,
15350,Nepal,1998,,
15350,Nepal,1999,,
15350,Nepal,2000,,
15350,Nepal,2001,22.8,
15350,Nepal,2002,,
15350,Nepal,2003,24.8,
15350,Nepal,2004,,
15350,Nepal,2005,,
15350,Nepal,2006,23.6,
15350,Nepal,2007,23.8,
15350,Nepal,2008,22.4,
15350,Nepal,2009,22.4,€5k
15350,Nepal,2010,,
15350,Nepal,2011,22.0,€1k
15350,Nepal,2012,23.3,€1k
15350,Nepal,2013,23.2,€1k
15350,Nepal,2014,23.5,€1k
15350,Nepal,2015,23.2,€1k
15350,Nepal,2016,23.6,
15350,Nepal,2017,23.3,
15350,Nepal,2018,23.4,€5k
15350,Nepal,2019,26.3,€41k
15350,Nepal,2020,25.1,€34k
15350,Nepal,2021,25.5,€71k
15350,Nepal,2022,24.4,€53k
15350,Nepal,2023,26.0,€80k
15350,Nepal,2024,25.2,€52k
15350,Nepal,2025,24.8,€66k
15350,Nepal,2026,27.4,€59k
16038,Cambodia,1992,,
16038,Cambodia,1993,,
16038,Cambodia,1994,,
16038,Cambodia,1995,,
16038,Cambodia,1996,,
16038,Cambodia,1997,,
16038,Cambodia,1998,,
16038,Cambodia,1999,,
16038,Cambodia,2000,,
16038,Cambodia,2001,,
16038,Cambodia,2002,,
16038,Cambodia,2003,,
16038,Cambodia,2004,,
16038,Cambodia,2005,,
16038,Cambodia,2006,21.4,
16038,Cambodia,2007,21.4,
16038,Cambodia,2008,23.2,
16038,Cambodia,2009,22.5,€10k
16038,Cambodia,2010,,
16038,Cambodia,2011,22.7,
16038,Cambodia,2012,,
16038,Cambodia,2013,22.3,€4k
16038,Cambodia,2014,23.4,
16038,Cambodia,2015,22.6,€2k
16038,Cambodia,2016,23.4,
16038,Cambodia,2017,22.3,
16038,Cambodia,2018,23.2,
16038,Cambodia,2019,23.4,€6k
16038,Cambodia,2020,,
16038,Cambodia,2021,22.1,€7k
16038,Cambodia,2022,23.5,€46k
16038,Cambodia,2023,24.5,€56k
16038,Cambodia,2024,26.2,€91k
16038,Cambodia,2025,24.6,€97k
16038,Cambodia,2026,26.1,€99k
14239,Mauritius,1992,,
14239,Mauritius,1993,,
14239,Mauritius,1994,,
14239,Mauritius,1995,,
14239,Mauritius,1996,,
14239,Mauritius,1997,,
14239,Mauritius,1998,,
14239,Mauritius,1999,,
14239,Mauritius,2000,28.9,
14239,Mauritius,2001,,
14239,Mauritius,2002,26.8,
14239,Mauritius,2003,28.9,
14239,Mauritius,2004,,
14239,Mauritius,2005,,
14239,Mauritius,2006,30.4,€36k
14239,Mauritius,2007,27.7,
14239,Mauritius,2008,27.1,
14239,Mauritius,2009,,
14239,Mauritius,2010,27.2,€15k
14239,Mauritius,2011,27.8,€25k
14239,Mauritius,2012,,
14239,Mauritius,2013,,
14239,Mauritius,2014,31.2,€53k
14239,Mauritius,2015,26.3,€28k
14239,Mauritius,2016,27.2,€27k
14239,Mauritius,2017,27.0,€23k
14239,Mauritius,2018,26.6,€64k
14239,Mauritius,2019,24.3,€20k
14239,Mauritius,2020,21.5,
14239,Mauritius,2021,,
14239,Mauritius,2022,27.5,€9k
14239,Mauritius,2023,26.5,€18k
14239,Mauritius,2024,26.5,€17k
14239,Mauritius,2025,26.9,€55k
14239,Mauritius,2026,28.3,€35k
16030,Barbados,1992,24.2,
16030,Barbados,1993,,
16030,Barbados,1994,,
16030,Barbados,1995,25.6,
16030,Barbados,1996,25.3,
16030,Barbados,1997,27.3,
16030,Barbados,1998,24.9,
16030,Barbados,1999,,
16030,Barbados,2000,24.5,
16030,Barbados,2001,25.8,
16030,Barbados,2002,27.5,
16030,Barbados,2003,27.7,
16030,Barbados,2004,26.2,
16030,Barbados,2005,27.2,
16030,Barbados,2006,26.6,€56k
16030,Barbados,2007,26.1,
16030,Barbados,2008,25.8,€68k
16030,Barbados,2009,25.1,€16k
16030,Barbados,2010,29.7,€13k
16030,Barbados,2011,27.2,€48k
16030,Barbados,2012,26.6,
16030,Barbados,2013,,
16030,Barbados,2014,26.1,€8k
16030,Barbados,2015,23.9,€6k
16030,Barbados,2016,26.2,€3k
16030,Barbados,2017,24.5,€3k
16030,Barbados,2018,23.8,€5k
16030,Barbados,2019,24.8,€21k
16030,Barbados,2020,25.8,
16030,Barbados,2021,24.7,€29k
16030,Barbados,2022,24.5,
16030,Barbados,2023,25.8,€14k
16030,Barbados,2024,25.2,€18k
16030,Barbados,2025,25.1,€7k
16030,Barbados,2026,24.6,€8k
15919,Belize,1992,,
15919,Belize,1993,,
15919,Belize,1994,,
15919,Belize,1995,25.7,
15919,Belize,1996,26.6,
15919,Belize,1997,26.1,
15919,Belize,1998,,
15919,Belize,1999,22.5,
15919,Belize,2000,24.3,
15919,Belize,2001,23.6,
15919,Belize,2002,,
15919,Belize,2003,,
15919,Belize,2004,24.0,
15919,Belize,2005,23.6,
15919,Belize,2006,,
15919,Belize,2007,23.8,
15919,Belize,2008,25.7,
15919,Belize,2009,25.1,€9k
15919,Belize,2010,25.4,€3k
15919,Belize,2011,27.3,€2k
15919,Belize,2012,,
15919,Belize,2013,26.3,€2k
15919,Belize,2014,26.3,€2k
15919,Belize,2015,27.2,
15919,Belize,2016,27.1,€2k
15919,Belize,2017,27.8,€9k
15919,Belize,2018,27.4,€7k
15919,Belize,2019,28.8,€17k
15919,Belize,2020,,
15919,Belize,2021,27.6,€8k
15919,Belize,2022,27.0,€24k
15919,Belize,2023,27.2,€12k
15919,Belize,2024,27.1,€10k
15919,Belize,2025,26.4,€9k
15919,Belize,2026,27.0,€15k
15033,Bangladesh,1992,,
15033,Bangladesh,1993,,
15033,Bangladesh,1994,,
15033,Bangladesh,1995,24.1,
15033,Bangladesh,1996,,
15033,Bangladesh,1997,,
15033,Bangladesh,1998,,
15033,Bangladesh,1999,,
15033,Bangladesh,2000,,
15033,Bangladesh,2001,20.9,
15033,Bangladesh,2002,,
15033,Bangladesh,2003,24.7,
15033,Bangladesh,2004,,
15033,Bangladesh,2005,22.7,
15033,Bangladesh,2006,22.8,
15033,Bangladesh,2007,23.8,
15033,Bangladesh,2008,23.1,
15033,Bangladesh,2009,22.7,€2k
15033,Bangladesh,2010,22.6,
15033,Bangladesh,2011,24.3,
15033,Bangladesh,2012,,
15033,Bangladesh,2013,24.2,
15033,Bangladesh,2014,23.2,
15033,Bangladesh,2015,24.0,€1k
15033,Bangladesh,2016,26.5,
15033,Bangladesh,2017,,
15033,Bangladesh,2018,23.4,
15033,Bangladesh,2019,24.7,€85k
15033,Bangladesh,2020,23.4,€66k
15033,Bangladesh,2021,24.8,€84k
15033,Bangladesh,2022,24.7,€95k
15033,Bangladesh,2023,25.3,€118k
15033,Bangladesh,2024,24.7,€125k
15033,Bangladesh,2025,24.0,€223k
15033,Bangladesh,2026,26.3,€315k
16033,Dominica,1992,,
16033,Dominica,1993,,
16033,Dominica,1994,,
16033,Dominica,1995,,
16033,Dominica,1996,26.5,
16033,Dominica,1997,,
16033,Dominica,1998,26.0,
16033,Dominica,1999,,
16033,Dominica,2000,24.7,
16033,Dominica,2001,30.1,
16033,Dominica,2002,,
16033,Dominica,2003,,
16033,Dominica,2004,25.7,
16033,Dominica,2005,,
16033,Dominica,2006,23.4,
16033,Dominica,2007,,
16033,Dominica,2008,26.2,€11k
16033,Dominica,2009,,
16033,Dominica,2010,26.4,€3k
16033,Dominica,2011,27.6,
16033,Dominica,2012,27.8,
16033,Dominica,2013,25.1,
16033,Dominica,2014,26.0,
16033,Dominica,2015,26.3,
16033,Dominica,2016,26.1,
16033,Dominica,2017,25.0,
16033,Dominica,2018,25.9,
16033,Dominica,2019,25.2,
16033,Dominica,2020,,
16033,Dominica,2021,28.0,
16033,Dominica,2022,27.3,
16033,Dominica,2023,25.5,
16033,Dominica,2024,26.7,
16033,Dominica,2025,25.7,
16033,Dominica,2026,25.8,
13978,Chad,1992,,
13978,Chad,1993,,
13978,Chad,1994,,
13978,Chad,1995,,
13978,Chad,1996,,
13978,Chad,1997,,
13978,Chad,1998,,
13978,Chad,1999,,
13978,Chad,2000,23.0,
13978,Chad,2001,,
13978,Chad,2002,22.4,
13978,Chad,2003,24.9,
13978,Chad,2004,,
13978,Chad,2005,,
13978,Chad,2006,23.6,€33k
13978,Chad,2007,22.2,€58k
13978,Chad,2008,23.2,€30k
13978,Chad,2009,,
13978,Chad,2010,23.7,€54k
13978,Chad,2011,24.2,€34k
13978,Chad,2012,25.0,€42k
13978,Chad,2013,,
13978,Chad,2014,26.9,€119k
13978,Chad,2015,26.8,€128k
13978,Chad,2016,27.1,€210k
13978,Chad,2017,,
13978,Chad,2018,,
13978,Chad,2019,28.1,€124k
13978,Chad,2020,27.6,€74k
13978,Chad,2021,,
13978,Chad,2022,28.4,€102k
13978,Chad,2023,26.8,€80k
13978,Chad,2024,26.0,€124k
13978,Chad,2025,25.2,€180k
13978,Chad,2026,24.3,€356k
13953,Eritrea,1992,,
13953,Eritrea,1993,,
13953,Eritrea,1994,,
13953,Eritrea,1995,,
13953,Eritrea,1996,,
13953,Eritrea,1997,,
13953,Eritrea,1998,,
13953,Eritrea,1999,,
13953,Eritrea,2000,19.9,
13953,Eritrea,2001,,
13953,Eritrea,2002,23.7,
13953,Eritrea,2003,24.1,
13953,Eritrea,2004,,
13953,Eritrea,2005,,
13953,Eritrea,2006,23.2,
13953,Eritrea,2007,23.7,€12k
13953,Eritrea,2008,,
13953,Eritrea,2009,,
13953,Eritrea,2010,,
13953,Eritrea,2011,21.2,
13953,Eritrea,2012,,
13953,Eritrea,2013,,
13953,Eritrea,2014,,
13953,Eritrea,2015,25.1,€67k
13953,Eritrea,2016,,
13953,Eritrea,2017,,
13953,Eritrea,2018,,
13953,Eritrea,2019,24.9,€29k
13953,Eritrea,2020,22.6,
13953,Eritrea,2021,,
13953,Eritrea,2022,,
13953,Eritrea,2023,,
13953,Eritrea,2024,,
13953,Eritrea,2025,,
13953,Eritrea,2026,25.6,€180k
16431,Laos,1992,,
16431,Laos,1993,,
16431,Laos,1994,,
16431,Laos,1995,,
16431,Laos,1996,,
16431,Laos,1997,,
16431,Laos,1998,,
16431,Laos,1999,,
16431,Laos,2000,,
16431,Laos,2001,,
16431,Laos,2002,,
16431,Laos,2003,25.2,
16431,Laos,2004,19.7,
16431,Laos,2005,,
16431,Laos,2006,,
16431,Laos,2007,,
16431,Laos,2008,,
16431,Laos,2009,,
16431,Laos,2010,,
16431,Laos,2011,21.9,€2k
16431,Laos,2012,21.8,€2k
16431,Laos,2013,21.8,€2k
16431,Laos,2014,22.8,
16431,Laos,2015,23.0,€1k
16431,Laos,2016,23.7,€1k
16431,Laos,2017,21.2,
16431,Laos,2018,,
16431,Laos,2019,23.8,€4k
16431,Laos,2020,,
16431,Laos,2021,21.9,€66k
16431,Laos,2022,21.7,€50k
16431,Laos,2023,21.5,€58k
16431,Laos,2024,23.7,€82k
16431,Laos,2025,21.7,€55k
16431,Laos,2026,23.2,€57k
15920,Bhutan,1992,,
15920,Bhutan,1993,,
15920,Bhutan,1994,,
15920,Bhutan,1995,,
15920,Bhutan,1996,,
15920,Bhutan,1997,,
15920,Bhutan,1998,,
15920,Bhutan,1999,,
15920,Bhutan,2000,,
15920,Bhutan,2001,,
15920,Bhutan,2002,,
15920,Bhutan,2003,21.0,
15920,Bhutan,2004,,
15920,Bhutan,2005,,
15920,Bhutan,2006,22.6,
15920,Bhutan,2007,,
15920,Bhutan,2008,23.7,
15920,Bhutan,2009,21.6,€2k
15920,Bhutan,2010,,
15920,Bhutan,2011,20.8,
15920,Bhutan,2012,,
15920,Bhutan,2013,22.9,
15920,Bhutan,2014,,
15920,Bhutan,2015,21.8,
15920,Bhutan,2016,23.6,€2k
15920,Bhutan,2017,22.7,€2k
15920,Bhutan,2018,23.1,€1k
15920,Bhutan,2019,24.4,€42k
15920,Bhutan,2020,,
15920,Bhutan,2021,,
15920,Bhutan,2022,,
15920,Bhutan,2023,25.2,€40k
15920,Bhutan,2024,25.5,€43k
15920,Bhutan,2025,22.2,€23k
15920,Bhutan,2026,24.7,€37k
15739,Mongolia,1992,,
15739,Mongolia,1993,,
15739,Mongolia,1994,,
15739,Mongolia,1995,,
15739,Mongolia,1996,,
15739,Mongolia,1997,,
15739,Mongolia,1998,,
15739,Mongolia,1999,,
15739,Mongolia,2000,26.3,
15739,Mongolia,2001,27.2,
15739,Mongolia,2002,,
15739,Mongolia,2003,24.7,
15739,Mongolia,2004,,
15739,Mongolia,2005,,
15739,Mongolia,2006,,
15739,Mongolia,2007,24.0,
15739,Mongolia,2008,,
15739,Mongolia,2009,24.9,€5k
15739,Mongolia,2010,,
15739,Mongolia,2011,24.6,€4k
15739,Mongolia,2012,,
15739,Mongolia,2013,24.1,€4k
15739,Mongolia,2014,25.0,€2k
15739,Mongolia,2015,24.8,€3k
15739,Mongolia,2016,23.2,
15739,Mongolia,2017,23.3,
15739,Mongolia,2018,24.0,€1k
15739,Mongolia,2019,25.3,€1k
15739,Mongolia,2020,,
15739,Mongolia,2021,26.4,€50k
15739,Mongolia,2022,25.4,€37k
15739,Mongolia,2023,25.7,€24k
15739,Mongolia,2024,24.4,€11k
15739,Mongolia,2025,,
15739,Mongolia,2026,25.6,€24k
17752,Cook Islands,1992,,
17752,Cook Islands,1993,,
17752,Cook Islands,1994,,
17752,Cook Islands,1995,,
17752,Cook Islands,1996,25.5,
17752,Cook Islands,1997,,
17752,Cook Islands,1998,22.9,
17752,Cook Islands,1999,,
17752,Cook Islands,2000,24.5,
17752,Cook Islands,2001,25.7,
17752,Cook Islands,2002,,
17752,Cook Islands,2003,,
17752,Cook Islands,2004,24.0,
17752,Cook Islands,2005,,
17752,Cook Islands,2006,,
17752,Cook Islands,2007,24.2,€6k
17752,Cook Islands,2008,,
17752,Cook Islands,2009,23.4,€2k
17752,Cook Islands,2010,,
17752,Cook Islands,2011,25.4,€3k
17752,Cook Islands,2012,,
17752,Cook Islands,2013,,
17752,Cook Islands,2014,,
17752,Cook Islands,2015,25.7,
17752,Cook Islands,2016,,
17752,Cook Islands,2017,,
17752,Cook Islands,2018,,
17752,Cook Islands,2019,,
17752,Cook Islands,2020,,
17752,Cook Islands,2021,,
17752,Cook Islands,2022,27.6,€20k
17752,Cook Islands,2023,26.0,€18k
17752,Cook Islands,2024,26.8,
17752,Cook Islands,2025,,
17752,Cook Islands,2026,29.0,€6k
17749,Aruba,1992,,
17749,Aruba,1993,,
17749,Aruba,1994,,
17749,Aruba,1995,24.6,
17749,Aruba,1996,27.0,
17749,Aruba,1997,,
17749,Aruba,1998,21.3,
17749,Aruba,1999,,
17749,Aruba,2000,26.8,
17749,Aruba,2001,,
17749,Aruba,2002,25.7,
17749,Aruba,2003,,
17749,Aruba,2004,24.4,€3k
17749,Aruba,2005,,
17749,Aruba,2006,,
17749,Aruba,2007,,
17749,Aruba,2008,24.5,
17749,Aruba,2009,,
17749,Aruba,2010,26.3,
17749,Aruba,2011,24.8,€4k
17749,Aruba,2012,25.9,
17749,Aruba,2013,26.5,
17749,Aruba,2014,25.5,€2k
17749,Aruba,2015,27.0,€32k
17749,Aruba,2016,27.1,€53k
17749,Aruba,2017,,
17749,Aruba,2018,26.9,€36k
17749,Aruba,2019,25.7,€24k
17749,Aruba,2020,,
17749,Aruba,2021,25.9,€10k
17749,Aruba,2022,26.4,€9k
17749,Aruba,2023,26.4,€6k
17749,Aruba,2024,25.8,
17749,Aruba,2025,25.5,
17749,Aruba,2026,24.5,€7k
15235,Samoa,1992,,
15235,Samoa,1993,,
15235,Samoa,1994,,
15235,Samoa,1995,,
15235,Samoa,1996,25.6,
15235,Samoa,1997,,
15235,Samoa,1998,,
15235,Samoa,1999,,
15235,Samoa,2000,,
15235,Samoa,2001,24.9,
15235,Samoa,2002,,
15235,Samoa,2003,,
15235,Samoa,2004,26.8,
15235,Samoa,2005,,
15235,Samoa,2006,,
15235,Samoa,2007,25.4,€18k
15235,Samoa,2008,,
15235,Samoa,2009,,
15235,Samoa,2010,,
15235,Samoa,2011,26.2,€27k
15235,Samoa,2012,26.1,€28k
15235,Samoa,2013,,
15235,Samoa,2014,,
15235,Samoa,2015,25.9,€31k
15235,Samoa,2016,25.7,€24k
15235,Samoa,2017,,
15235,Samoa,2018,,
15235,Samoa,2019,24.5,€14k
15235,Samoa,2020,,
15235,Samoa,2021,,
15235,Samoa,2022,,
15235,Samoa,2023,21.5,€10k
15235,Samoa,2024,23.7,€10k
15235,Samoa,2025,,
15235,Samoa,2026,24.5,€10k
15358,Sri Lanka,1992,,
15358,Sri Lanka,1993,,
15358,Sri Lanka,1994,,
15358,Sri Lanka,1995,26.5,
15358,Sri Lanka,1996,,
15358,Sri Lanka,1997,,
15358,Sri Lanka,1998,,
15358,Sri Lanka,1999,,
15358,Sri Lanka,2000,,
15358,Sri Lanka,2001,,
15358,Sri Lanka,2002,,
15358,Sri Lanka,2003,24.6,
15358,Sri Lanka,2004,24.3,
15358,Sri Lanka,2005,,
15358,Sri Lanka,2006,25.1,
15358,Sri Lanka,2007,25.3,
15358,Sri Lanka,2008,25.3,
15358,Sri Lanka,2009,25.1,€8k
15358,Sri Lanka,2010,23.6,€4k
15358,Sri Lanka,2011,25.7,€3k
15358,Sri Lanka,2012,,
15358,Sri Lanka,2013,23.0,€2k
15358,Sri Lanka,2014,,
15358,Sri Lanka,2015,23.8,€2k
15358,Sri Lanka,2016,23.5,
15358,Sri Lanka,2017,,
15358,Sri Lanka,2018,23.5,
15358,Sri Lanka,2019,24.5,€37k
15358,Sri Lanka,2020,24.6,€28k
15358,Sri Lanka,2021,26.9,€43k
15358,Sri Lanka,2022,25.6,€39k
15358,Sri Lanka,2023,28.1,€42k
15358,Sri Lanka,2024,27.4,€60k
15358,Sri Lanka,2025,25.9,€50k
15358,Sri Lanka,2026,27.2,€40k
17746,A. Samoa,1992,,
17746,A. Samoa,1993,,
17746,A. Samoa,1994,,
17746,A. Samoa,1995,,
17746,A. Samoa,1996,,
17746,A. Samoa,1997,,
17746,A. Samoa,1998,,
17746,A. Samoa,1999,,
17746,A. Samoa,2000,,
17746,A. Samoa,2001,22.0,
17746,A. Samoa,2002,,
17746,A. Samoa,2003,,
17746,A. Samoa,2004,20.5,
17746,A. Samoa,2005,,
17746,A. Samoa,2006,,
17746,A. Samoa,2007,22.6,€3k
17746,A. Samoa,2008,,
17746,A. Samoa,2009,,
17746,A. Samoa,2010,,
17746,A. Samoa,2011,23.5,€1k
17746,A. Samoa,2012,,
17746,A. Samoa,2013,,
17746,A. Samoa,2014,,
17746,A. Samoa,2015,24.8,€1k
17746,A. Samoa,2016,,
17746,A. Samoa,2017,,
17746,A. Samoa,2018,,
17746,A. Samoa,2019,22.3,
17746,A. Samoa,2020,,
17746,A. Samoa,2021,,
17746,A. Samoa,2022,,
17746,A. Samoa,2023,21.0,
17746,A. Samoa,2024,24.9,
17746,A. Samoa,2025,,
17746,A. Samoa,2026,24.5,
14233,Brunei,1992,,
14233,Brunei,1993,,
14233,Brunei,1994,,
14233,Brunei,1995,,
14233,Brunei,1996,,
14233,Brunei,1997,,
14233,Brunei,1998,,
14233,Brunei,1999,,
14233,Brunei,2000,,
14233,Brunei,2001,25.6,
14233,Brunei,2002,,
14233,Brunei,2003,,
14233,Brunei,2004,,
14233,Brunei,2005,,
14233,Brunei,2006,22.3,
14233,Brunei,2007,,
14233,Brunei,2008,21.3,
14233,Brunei,2009,23.7,€6k
14233,Brunei,2010,,
14233,Brunei,2011,,
14233,Brunei,2012,,
14233,Brunei,2013,,
14233,Brunei,2014,,
14233,Brunei,2015,26.8,
14233,Brunei,2016,26.6,
14233,Brunei,2017,,
14233,Brunei,2018,26.7,€17k
14233,Brunei,2019,26.4,€16k
14233,Brunei,2020,,
14233,Brunei,2021,,
14233,Brunei,2022,27.0,€43k
14233,Brunei,2023,28.7,€28k
14233,Brunei,2024,28.8,€36k
14233,Brunei,2025,26.5,€28k
14233,Brunei,2026,28.5,€33k
16432,Macau,1992,,
16432,Macau,1993,28.5,
16432,Macau,1994,,
16432,Macau,1995,,
16432,Macau,1996,,
16432,Macau,1997,30.4,
16432,Macau,1998,,
16432,Macau,1999,,
16432,Macau,2000,,
16432,Macau,2001,25.7,
16432,Macau,2002,,
16432,Macau,2003,26.4,
16432,Macau,2004,,
16432,Macau,2005,,
16432,Macau,2006,23.9,
16432,Macau,2007,24.6,
16432,Macau,2008,26.0,€3k
16432,Macau,2009,23.2,€4k
16432,Macau,2010,19.8,€1k
16432,Macau,2011,25.3,€2k
16432,Macau,2012,19.8,€1k
16432,Macau,2013,24.0,€1k
16432,Macau,2014,22.2,
16432,Macau,2015,24.7,
16432,Macau,2016,25.2,€2k
16432,Macau,2017,25.5,€3k
16432,Macau,2018,25.3,€4k
16432,Macau,2019,28.7,€3k
16432,Macau,2020,,
16432,Macau,2021,,
16432,Macau,2022,,
16432,Macau,2023,27.8,€25k
16432,Macau,2024,25.0,€30k
16432,Macau,2025,25.3,€18k
16432,Macau,2026,24.6,€14k
17751,Cayman Islands,1992,,
17751,Cayman Islands,1993,25.1,
17751,Cayman Islands,1994,23.8,
17751,Cayman Islands,1995,27.4,
17751,Cayman Islands,1996,27.4,
17751,Cayman Islands,1997,,
17751,Cayman Islands,1998,29.6,
17751,Cayman Islands,1999,,
17751,Cayman Islands,2000,24.9,
17751,Cayman Islands,2001,25.1,
17751,Cayman Islands,2002,25.6,
17751,Cayman Islands,2003,,
17751,Cayman Islands,2004,26.4,
17751,Cayman Islands,2005,,
17751,Cayman Islands,2006,22.4,
17751,Cayman Islands,2007,,
17751,Cayman Islands,2008,26.9,
17751,Cayman Islands,2009,24.0,
17751,Cayman Islands,2010,23.5,
17751,Cayman Islands,2011,23.6,
17751,Cayman Islands,2012,,
17751,Cayman Islands,2013,,
17751,Cayman Islands,2014,,
17751,Cayman Islands,2015,24.3,
17751,Cayman Islands,2016,,
17751,Cayman Islands,2017,,
17751,Cayman Islands,2018,25.2,
17751,Cayman Islands,2019,25.5,
17751,Cayman Islands,2020,,
17751,Cayman Islands,2021,24.5,€0k
17751,Cayman Islands,2022,23.3,€0k
17751,Cayman Islands,2023,25.0,€0k
17751,Cayman Islands,2024,24.4,€0k
17751,Cayman Islands,2025,25.9,
17751,Cayman Islands,2026,25.9,
15236,São Tomé and P.,1992,,
15236,São Tomé and P.,1993,,
15236,São Tomé and P.,1994,,
15236,São Tomé and P.,1995,,
15236,São Tomé and P.,1996,,
15236,São Tomé and P.,1997,,
15236,São Tomé and P.,1998,,
15236,São Tomé and P.,1999,,
15236,São Tomé and P.,2000,24.9,
15236,São Tomé and P.,2001,,
15236,São Tomé and P.,2002,,
15236,São Tomé and P.,2003,24.2,
15236,São Tomé and P.,2004,,
15236,São Tomé and P.,2005,,
15236,São Tomé and P.,2006,,
15236,São Tomé and P.,2007,,
15236,São Tomé and P.,2008,,
15236,São Tomé and P.,2009,,
15236,São Tomé and P.,2010,,
15236,São Tomé and P.,2011,25.2,
15236,São Tomé and P.,2012,,
15236,São Tomé and P.,2013,,
15236,São Tomé and P.,2014,26.9,
15236,São Tomé and P.,2015,29.4,€90k
15236,São Tomé and P.,2016,27.9,€85k
15236,São Tomé and P.,2017,29.7,€117k
15236,São Tomé and P.,2018,28.3,
15236,São Tomé and P.,2019,28.2,€32k
15236,São Tomé and P.,2020,27.6,€25k
15236,São Tomé and P.,2021,27.7,€4k
15236,São Tomé and P.,2022,28.0,€3k
15236,São Tomé and P.,2023,27.6,€18k
15236,São Tomé and P.,2024,27.6,€29k
15236,São Tomé and P.,2025,26.3,€56k
15236,São Tomé and P.,2026,25.7,€59k
16427,Djibouti,1992,,
16427,Djibouti,1993,,
16427,Djibouti,1994,,
16427,Djibouti,1995,,
16427,Djibouti,1996,,
16427,Djibouti,1997,,
16427,Djibouti,1998,,
16427,Djibouti,1999,,
16427,Djibouti,2000,26.7,
16427,Djibouti,2001,,
16427,Djibouti,2002,,
16427,Djibouti,2003,,
16427,Djibouti,2004,,
16427,Djibouti,2005,,
16427,Djibouti,2006,,
16427,Djibouti,2007,23.6,
16427,Djibouti,2008,24.8,€3k
16427,Djibouti,2009,,
16427,Djibouti,2010,,
16427,Djibouti,2011,25.8,
16427,Djibouti,2012,,
16427,Djibouti,2013,,
16427,Djibouti,2014,,
16427,Djibouti,2015,24.0,€4k
16427,Djibouti,2016,26.4,
16427,Djibouti,2017,25.2,
16427,Djibouti,2018,,
16427,Djibouti,2019,24.7,
16427,Djibouti,2020,,
16427,Djibouti,2021,25.4,€3k
16427,Djibouti,2022,24.9,€4k
16427,Djibouti,2023,27.8,
16427,Djibouti,2024,26.5,€2k
16427,Djibouti,2025,25.6,
16427,Djibouti,2026,26.3,€29k
13974,Somalia,1992,,
13974,Somalia,1993,,
13974,Somalia,1994,,
13974,Somalia,1995,,
13974,Somalia,1996,,
13974,Somalia,1997,,
13974,Somalia,1998,,
13974,Somalia,1999,,
13974,Somalia,2000,21.5,
13974,Somalia,2001,,
13974,Somalia,2002,,
13974,Somalia,2003,21.3,
13974,Somalia,2004,,
13974,Somalia,2005,,
13974,Somalia,2006,,
13974,Somalia,2007,19.1,
13974,Somalia,2008,,
13974,Somalia,2009,,
13974,Somalia,2010,,
13974,Somalia,2011,20.2,
13974,Somalia,2012,,
13974,Somalia,2013,,
13974,Somalia,2014,,
13974,Somalia,2015,19.8,
13974,Somalia,2016,,
13974,Somalia,2017,,
13974,Somalia,2018,,
13974,Somalia,2019,23.4,€36k
13974,Somalia,2020,,
13974,Somalia,2021,24.8,€43k
13974,Somalia,2022,24.4,€38k
13974,Somalia,2023,24.5,€45k
13974,Somalia,2024,24.2,€35k
13974,Somalia,2025,24.7,€32k
13974,Somalia,2026,25.9,€44k
16435,Tonga,1992,,
16435,Tonga,1993,,
16435,Tonga,1994,,
16435,Tonga,1995,,
16435,Tonga,1996,25.9,
16435,Tonga,1997,26.8,
16435,Tonga,1998,,
16435,Tonga,1999,,
16435,Tonga,2000,,
16435,Tonga,2001,25.1,
16435,Tonga,2002,,
16435,Tonga,2003,24.0,
16435,Tonga,2004,23.5,
16435,Tonga,2005,,
16435,Tonga,2006,,
16435,Tonga,2007,24.8,€11k
16435,Tonga,2008,,
16435,Tonga,2009,26.6,€10k
16435,Tonga,2010,,
16435,Tonga,2011,26.8,€5k
16435,Tonga,2012,,
16435,Tonga,2013,,
16435,Tonga,2014,,
16435,Tonga,2015,26.4,€3k
16435,Tonga,2016,,
16435,Tonga,2017,24.6,
16435,Tonga,2018,,
16435,Tonga,2019,23.6,€1k
16435,Tonga,2020,,
16435,Tonga,2021,,
16435,Tonga,2022,,
16435,Tonga,2023,21.0,
16435,Tonga,2024,23.9,€0k
16435,Tonga,2025,,
16435,Tonga,2026,23.9,€0k
17757,Timor-Leste,1992,,
17757,Timor-Leste,1993,,
17757,Timor-Leste,1994,,
17757,Timor-Leste,1995,,
17757,Timor-Leste,1996,,
17757,Timor-Leste,1997,,
17757,Timor-Leste,1998,,
17757,Timor-Leste,1999,,
17757,Timor-Leste,2000,,
17757,Timor-Leste,2001,,
17757,Timor-Leste,2002,,
17757,Timor-Leste,2003,,
17757,Timor-Leste,2004,,
17757,Timor-Leste,2005,,
17757,Timor-Leste,2006,,
17757,Timor-Leste,2007,23.7,
17757,Timor-Leste,2008,,
17757,Timor-Leste,2009,,
17757,Timor-Leste,2010,,
17757,Timor-Leste,2011,26.0,€3k
17757,Timor-Leste,2012,,
17757,Timor-Leste,2013,,
17757,Timor-Leste,2014,,
17757,Timor-Leste,2015,21.3,€5k
17757,Timor-Leste,2016,23.2,€13k
17757,Timor-Leste,2017,20.9,
17757,Timor-Leste,2018,20.3,
17757,Timor-Leste,2019,21.6,
17757,Timor-Leste,2020,,
17757,Timor-Leste,2021,20.3,
17757,Timor-Leste,2022,21.0,€24k
17757,Timor-Leste,2023,19.9,€23k
17757,Timor-Leste,2024,23.4,€47k
17757,Timor-Leste,2025,22.6,€33k
17757,Timor-Leste,2026,23.4,€31k
17753,Guam,1992,,
17753,Guam,1993,,
17753,Guam,1994,,
17753,Guam,1995,,
17753,Guam,1996,,
17753,Guam,1997,,
17753,Guam,1998,,
17753,Guam,1999,,
17753,Guam,2000,24.9,
17753,Guam,2001,,
17753,Guam,2002,,
17753,Guam,2003,,
17753,Guam,2004,,
17753,Guam,2005,20.9,
17753,Guam,2006,22.3,
17753,Guam,2007,18.6,
17753,Guam,2008,20.7,€2k
17753,Guam,2009,20.2,€2k
17753,Guam,2010,21.1,€3k
17753,Guam,2011,21.5,€1k
17753,Guam,2012,21.2,€8k
17753,Guam,2013,22.5,€10k
17753,Guam,2014,22.9,€23k
17753,Guam,2015,24.2,€38k
17753,Guam,2016,24.9,€44k
17753,Guam,2017,,
17753,Guam,2018,23.9,€31k
17753,Guam,2019,25.3,€25k
17753,Guam,2020,,
17753,Guam,2021,25.7,€25k
17753,Guam,2022,,
17753,Guam,2023,25.5,€23k
17753,Guam,2024,22.3,€10k
17753,Guam,2025,,
17753,Guam,2026,23.3,€10k
15352,Pakistan,1992,,
15352,Pakistan,1993,,
15352,Pakistan,1994,,
15352,Pakistan,1995,23.3,
15352,Pakistan,1996,,
15352,Pakistan,1997,24.2,
15352,Pakistan,1998,,
15352,Pakistan,1999,,
15352,Pakistan,2000,,
15352,Pakistan,2001,22.3,
15352,Pakistan,2002,,
15352,Pakistan,2003,25.4,
15352,Pakistan,2004,,
15352,Pakistan,2005,21.7,
15352,Pakistan,2006,21.5,
15352,Pakistan,2007,22.4,€27k
15352,Pakistan,2008,23.3,
15352,Pakistan,2009,25.1,
15352,Pakistan,2010,,
15352,Pakistan,2011,25.0,€5k
15352,Pakistan,2012,23.2,€3k
15352,Pakistan,2013,23.2,€4k
15352,Pakistan,2014,22.7,
15352,Pakistan,2015,21.4,€3k
15352,Pakistan,2016,,
15352,Pakistan,2017,,
15352,Pakistan,2018,24.5,€23k
15352,Pakistan,2019,26.7,€51k
15352,Pakistan,2020,,
15352,Pakistan,2021,,
15352,Pakistan,2022,24.1,€9k
15352,Pakistan,2023,24.9,€59k
15352,Pakistan,2024,25.0,€83k
15352,Pakistan,2025,23.4,€51k
15352,Pakistan,2026,25.7,€152k
37574,Gibraltar,1992,,
37574,Gibraltar,1993,,
37574,Gibraltar,1994,,
37574,Gibraltar,1995,,
37574,Gibraltar,1996,,
37574,Gibraltar,1997,,
37574,Gibraltar,1998,,
37574,Gibraltar,1999,,
37574,Gibraltar,2000,,
37574,Gibraltar,2001,,
37574,Gibraltar,2002,,
37574,Gibraltar,2003,,
37574,Gibraltar,2004,,
37574,Gibraltar,2005,,
37574,Gibraltar,2006,,
37574,Gibraltar,2007,,
37574,Gibraltar,2008,23.6,
37574,Gibraltar,2009,,
37574,Gibraltar,2010,,
37574,Gibraltar,2011,,
37574,Gibraltar,2012,,
37574,Gibraltar,2013,27.6,€52k
37574,Gibraltar,2014,27.0,€26k
37574,Gibraltar,2015,25.2,€29k
37574,Gibraltar,2016,27.3,€21k
37574,Gibraltar,2017,26.4,€9k
37574,Gibraltar,2018,26.4,€8k
37574,Gibraltar,2019,25.7,€8k
37574,Gibraltar,2020,28.0,€15k
37574,Gibraltar,2021,25.9,€13k
37574,Gibraltar,2022,27.6,€76k
37574,Gibraltar,2023,26.7,€68k
37574,Gibraltar,2024,26.9,€61k
37574,Gibraltar,2025,23.7,€58k
37574,Gibraltar,2026,23.5,€75k
3562,Seychelles,1992,,
3562,Seychelles,1993,,
3562,Seychelles,1994,,
3562,Seychelles,1995,,
3562,Seychelles,1996,,
3562,Seychelles,1997,,
3562,Seychelles,1998,,
3562,Seychelles,1999,,
3562,Seychelles,2000,26.6,
3562,Seychelles,2001,,
3562,Seychelles,2002,24.8,
3562,Seychelles,2003,24.4,
3562,Seychelles,2004,,
3562,Seychelles,2005,,
3562,Seychelles,2006,27.8,
3562,Seychelles,2007,28.5,€18k
3562,Seychelles,2008,28.9,
3562,Seychelles,2009,,
3562,Seychelles,2010,,
3562,Seychelles,2011,28.5,€20k
3562,Seychelles,2012,28.4,
3562,Seychelles,2013,,
3562,Seychelles,2014,28.7,
3562,Seychelles,2015,28.0,
3562,Seychelles,2016,28.3,
3562,Seychelles,2017,27.1,
3562,Seychelles,2018,27.5,
3562,Seychelles,2019,27.5,€3k
3562,Seychelles,2020,26.2,
3562,Seychelles,2021,26.4,
3562,Seychelles,2022,26.9,
3562,Seychelles,2023,25.8,
3562,Seychelles,2024,24.9,€2k
3562,Seychelles,2025,24.1,€39k
3562,Seychelles,2026,24.4,€45k
17764,Turks-Caicos,1992,,
17764,Turks-Caicos,1993,,
17764,Turks-Caicos,1994,,
17764,Turks-Caicos,1995,,
17764,Turks-Caicos,1996,,
17764,Turks-Caicos,1997,,
17764,Turks-Caicos,1998,,
17764,Turks-Caicos,1999,,
17764,Turks-Caicos,2000,32.9,
17764,Turks-Caicos,2001,,
17764,Turks-Caicos,2002,,
17764,Turks-Caicos,2003,,
17764,Turks-Caicos,2004,34.3,
17764,Turks-Caicos,2005,,
17764,Turks-Caicos,2006,31.1,
17764,Turks-Caicos,2007,,
17764,Turks-Caicos,2008,30.0,
17764,Turks-Caicos,2009,,
17764,Turks-Caicos,2010,,
17764,Turks-Caicos,2011,25.2,€11k
17764,Turks-Caicos,2012,,
17764,Turks-Caicos,2013,,
17764,Turks-Caicos,2014,27.1,€17k
17764,Turks-Caicos,2015,27.0,€3k
17764,Turks-Caicos,2016,,
17764,Turks-Caicos,2017,,
17764,Turks-Caicos,2018,26.0,€10k
17764,Turks-Caicos,2019,23.3,€8k
17764,Turks-Caicos,2020,,
17764,Turks-Caicos,2021,25.9,€7k
17764,Turks-Caicos,2022,24.2,€5k
17764,Turks-Caicos,2023,23.8,€3k
17764,Turks-Caicos,2024,21.9,€2k
17764,Turks-Caicos,2025,21.9,€3k
17764,Turks-Caicos,2026,21.9,€3k
5673,Liechtenstein,1992,,
5673,Liechtenstein,1993,23.4,
5673,Liechtenstein,1994,25.7,
5673,Liechtenstein,1995,24.6,
5673,Liechtenstein,1996,25.2,
5673,Liechtenstein,1997,23.8,
5673,Liechtenstein,1998,23.8,
5673,Liechtenstein,1999,22.5,
5673,Liechtenstein,2000,24.5,
5673,Liechtenstein,2001,22.6,
5673,Liechtenstein,2002,24.7,
5673,Liechtenstein,2003,24.7,
5673,Liechtenstein,2004,23.7,€66k
5673,Liechtenstein,2005,22.8,€73k
5673,Liechtenstein,2006,23.7,€102k
5673,Liechtenstein,2007,25.9,€136k
5673,Liechtenstein,2008,25.3,€194k
5673,Liechtenstein,2009,23.9,€164k
5673,Liechtenstein,2010,25.1,€139k
5673,Liechtenstein,2011,24.0,€110k
5673,Liechtenstein,2012,25.8,€113k
5673,Liechtenstein,2013,25.3,€111k
5673,Liechtenstein,2014,26.8,€96k
5673,Liechtenstein,2015,25.7,€131k
5673,Liechtenstein,2016,26.1,€131k
5673,Liechtenstein,2017,24.9,€153k
5673,Liechtenstein,2018,27.5,€87k
5673,Liechtenstein,2019,25.0,€87k
5673,Liechtenstein,2020,26.1,€77k
5673,Liechtenstein,2021,24.7,€67k
5673,Liechtenstein,2022,25.7,€32k
5673,Liechtenstein,2023,25.1,€43k
5673,Liechtenstein,2024,26.2,€30k
5673,Liechtenstein,2025,25.1,€33k
5673,Liechtenstein,2026,26.4,€26k
15918,Bahamas,1992,,
15918,Bahamas,1993,,
15918,Bahamas,1994,,
15918,Bahamas,1995,,
15918,Bahamas,1996,,
15918,Bahamas,1997,,
15918,Bahamas,1998,,
15918,Bahamas,1999,,
15918,Bahamas,2000,29.5,
15918,Bahamas,2001,,
15918,Bahamas,2002,,
15918,Bahamas,2003,,
15918,Bahamas,2004,27.4,
15918,Bahamas,2005,,
15918,Bahamas,2006,23.7,
15918,Bahamas,2007,,
15918,Bahamas,2008,23.1,
15918,Bahamas,2009,,
15918,Bahamas,2010,,
15918,Bahamas,2011,23.4,
15918,Bahamas,2012,,
15918,Bahamas,2013,,
15918,Bahamas,2014,,
15918,Bahamas,2015,23.7,
15918,Bahamas,2016,,
15918,Bahamas,2017,,
15918,Bahamas,2018,23.3,
15918,Bahamas,2019,25.0,
15918,Bahamas,2020,,
15918,Bahamas,2021,25.1,
15918,Bahamas,2022,22.4,
15918,Bahamas,2023,21.9,
15918,Bahamas,2024,22.7,€2k
15918,Bahamas,2025,21.4,
15918,Bahamas,2026,21.7,
17750,B. Virgin,1992,,
17750,B. Virgin,1993,,
17750,B. Virgin,1994,,
17750,B. Virgin,1995,,
17750,B. Virgin,1996,,
17750,B. Virgin,1997,,
17750,B. Virgin,1998,,
17750,B. Virgin,1999,,
17750,B. Virgin,2000,30.1,
17750,B. Virgin,2001,,
17750,B. Virgin,2002,,
17750,B. Virgin,2003,,
17750,B. Virgin,2004,28.2,
17750,B. Virgin,2005,,
17750,B. Virgin,2006,,
17750,B. Virgin,2007,,
17750,B. Virgin,2008,30.1,
17750,B. Virgin,2009,,
17750,B. Virgin,2010,26.9,
17750,B. Virgin,2011,27.5,
17750,B. Virgin,2012,28.0,
17750,B. Virgin,2013,,
17750,B. Virgin,2014,26.7,
17750,B. Virgin,2015,28.2,
17750,B. Virgin,2016,26.8,
17750,B. Virgin,2017,,
17750,B. Virgin,2018,23.7,
17750,B. Virgin,2019,24.9,
17750,B. Virgin,2020,,
17750,B. Virgin,2021,22.3,
17750,B. Virgin,2022,22.6,
17750,B. Virgin,2023,24.2,
17750,B. Virgin,2024,23.1,
17750,B. Virgin,2025,24.2,
17750,B. Virgin,2026,22.3,
17747,US Virgin,1992,,
17747,US Virgin,1993,,
17747,US Virgin,1994,,
17747,US Virgin,1995,,
17747,US Virgin,1996,,
17747,US Virgin,1997,,
17747,US Virgin,1998,,
17747,US Virgin,1999,,
17747,US Virgin,2000,29.7,
17747,US Virgin,2001,,
17747,US Virgin,2002,23.7,
17747,US Virgin,2003,,
17747,US Virgin,2004,27.8,
17747,US Virgin,2005,,
17747,US Virgin,2006,25.9,
17747,US Virgin,2007,,
17747,US Virgin,2008,25.1,
17747,US Virgin,2009,,
17747,US Virgin,2010,,
17747,US Virgin,2011,25.8,
17747,US Virgin,2012,,
17747,US Virgin,2013,,
17747,US Virgin,2014,26.3,
17747,US Virgin,2015,24.5,
17747,US Virgin,2016,25.3,
17747,US Virgin,2017,,
17747,US Virgin,2018,26.4,€2k
17747,US Virgin,2019,26.5,€1k
17747,US Virgin,2020,,
17747,US Virgin,2021,23.6,
17747,US Virgin,2022,26.2,€2k
17747,US Virgin,2023,24.3,€2k
17747,US Virgin,2024,24.8,€3k
17747,US Virgin,2025,25.7,€4k
17747,US Virgin,2026,24.7,€5k
17748,Anguilla,1992,,
17748,Anguilla,1993,,
17748,Anguilla,1994,,
17748,Anguilla,1995,,
17748,Anguilla,1996,,
17748,Anguilla,1997,,
17748,Anguilla,1998,,
17748,Anguilla,1999,,
17748,Anguilla,2000,27.7,
17748,Anguilla,2001,27.2,
17748,Anguilla,2002,,
17748,Anguilla,2003,,
17748,Anguilla,2004,27.5,
17748,Anguilla,2005,,
17748,Anguilla,2006,27.1,
17748,Anguilla,2007,,
17748,Anguilla,2008,30.5,
17748,Anguilla,2009,,
17748,Anguilla,2010,31.2,
17748,Anguilla,2011,28.3,
17748,Anguilla,2012,27.4,
17748,Anguilla,2013,,
17748,Anguilla,2014,25.7,
17748,Anguilla,2015,27.2,
17748,Anguilla,2016,23.8,
17748,Anguilla,2017,,
17748,Anguilla,2018,26.4,
17748,Anguilla,2019,25.6,
17748,Anguilla,2020,,
17748,Anguilla,2021,27.6,
17748,Anguilla,2022,27.7,
17748,Anguilla,2023,24.1,
17748,Anguilla,2024,24.8,
17748,Anguilla,2025,24.5,
17748,Anguilla,2026,25.4,
10521,San Marino,1992,27.0,
10521,San Marino,1993,26.0,
10521,San Marino,1994,27.1,
10521,San Marino,1995,25.0,
10521,San Marino,1996,25.7,
10521,San Marino,1997,24.9,
10521,San Marino,1998,26.7,
10521,San Marino,1999,24.8,
10521,San Marino,2000,27.6,
10521,San Marino,2001,25.8,
10521,San Marino,2002,26.2,
10521,San Marino,2003,26.2,
10521,San Marino,2004,25.6,
10521,San Marino,2005,23.9,
10521,San Marino,2006,23.9,
10521,San Marino,2007,26.4,€11k
10521,San Marino,2008,26.7,€10k
10521,San Marino,2009,26.3,€13k
10521,San Marino,2010,27.5,€7k
10521,San Marino,2011,27.1,€3k
10521,San Marino,2012,28.1,€3k
10521,San Marino,2013,26.4,€2k
10521,San Marino,2014,26.5,€8k
10521,San Marino,2015,26.0,€9k
10521,San Marino,2016,27.6,€11k
10521,San Marino,2017,25.6,€11k
10521,San Marino,2018,26.7,€13k
10521,San Marino,2019,25.5,€14k
10521,San Marino,2020,27.3,€39k
10521,San Marino,2021,25.1,€25k
10521,San Marino,2022,27.5,€37k
10521,San Marino,2023,27.6,€35k
10521,San Marino,2024,25.6,€39k
10521,San Marino,2025,23.0,€37k
10521,San Marino,2026,23.8,€44k
